y_true,y_pred,confidence,text,rating,category,review_length,correct,has_contrastive_marker,has_mixed_lexical_cues
neutral,neutral,0.5851567548123204,"It’s ok, I had higher expectations because my mother used to get this and I read every single word as an avid teenage reader. It’s not quite that interesting to me now. But not awful.",3,Magazine_Subscriptions,35,True,True,False
neutral,neutral,0.4307633385206469,Magazine is great. Unfortunately Amazon’s auto renewal subscription is slow and you miss a week of the magazine during renewal.,3,Magazine_Subscriptions,20,True,False,False
neutral,neutral,0.4871230162666812,"My mom enjoys the magazine, but it took way too long to receive the first issue.  Gift subscription given to her in mid-June. First issue did not arrive until mid-September!",3,Magazine_Subscriptions,30,True,True,False
neutral,neutral,0.833993007720037,Ok,3,Magazine_Subscriptions,1,True,False,False
neutral,positive,0.5093311756982141,"Now that I ""get"" most of the jokes, I find that adulthood is less funny than I'd expected.",3,Magazine_Subscriptions,18,False,False,False
neutral,neutral,0.48804651020149115,"I offer criticism with a couple of caveats. In their relentless search to simplify, shorten and clarify recipes they create more problems and greater mess. Generations of cooks have tweaked things to their liking; using Cooks illustrated their efforts and work are discarded. They also seem to think people are taste blind to subtleties- using artificial vanilla and huge amounts of sugar is going to be noticed.  The wheel is not broken and does not to be reinvented or fixed.<br />Needless to say when the recipes work they’re very good. The perfect chocolate chip recipe is excellent. Croissants are good.  Pie crust recipes are interesting.",3,Magazine_Subscriptions,105,True,False,True
neutral,neutral,0.6341075174679769,The majority of this periodical is a price guide. I was hoping for more articles.,3,Magazine_Subscriptions,15,True,False,False
neutral,neutral,0.7571855184712226,"Arrived much earlier than projected. As others have noted there are many ads, not much indepth content. It's mostly fluffy, easy reads. It lacks in fitness tips etc. Not sure I will renew.",3,Magazine_Subscriptions,33,True,False,False
neutral,negative,0.6160061421545086,I cancelled this subscription long ago and it keeps coming.,3,Magazine_Subscriptions,10,False,False,False
neutral,positive,0.4755070646614826,Gave as a gift,3,Magazine_Subscriptions,4,False,False,False
neutral,neutral,0.5468111946449123,Good pictures but a bit small of a mag,3,Magazine_Subscriptions,9,True,True,False
neutral,neutral,0.5517691673985006,Not as good as used to be,3,Magazine_Subscriptions,7,True,False,True
neutral,neutral,0.4582357428883905,"It is unlike the old popular mechanics , the subject her is not in-depth<br />Which doesn’t met my acceptation",3,Magazine_Subscriptions,19,True,False,False
neutral,negative,0.6267296858421594,Received no other comments,3,Magazine_Subscriptions,4,False,False,False
neutral,negative,0.7734965843004125,This was a gift for 1 year.So far the person has only received 2 issues  out of 4.and it expires in December. Not happy!!!,3,Magazine_Subscriptions,24,False,False,False
neutral,neutral,0.4004039028304188,Be careful if you order this as they will have a discounted price but will renew you at higher price automatically.,3,Magazine_Subscriptions,21,True,True,False
neutral,neutral,0.3906633159962117,Nothing earth shattering but decent short reads.,3,Magazine_Subscriptions,7,True,True,False
neutral,positive,0.5281187952391639,This is mailed to me about a month after the new copy is released in the grocery store.,3,Magazine_Subscriptions,18,False,False,False
neutral,negative,0.6736666224208828,Not the old size 😠,3,Magazine_Subscriptions,5,False,False,False
neutral,positive,0.575608690134245,Didn’t love content,3,Magazine_Subscriptions,3,False,False,False
neutral,positive,0.5217241088763175,They need to write more about fine home building and less about green homes,3,Magazine_Subscriptions,14,False,False,False
neutral,negative,0.5400299076743843,"The magazine itself is fine. I love Ree. However, I am dropping my subscription after it runs out. I subscribed for 2 years and within a month, I was receiving notifications for renewal. I get something every month, be it from them or someone they have sold my info too. I am constantly having to look to see how long my subscriptions (it's not just this magazine, it's all the others too).<br /><br />Now they automatically renew your subscription unless you tell them to stop. I had a heck of a time with People magazine with this issue.<br /><br />This was a huge problem for my mom. She kept paying these notices when she received them. It is confusing, especially for the elderly (or at least my mom).<br /><br />I am going to start buying the Christmas ones in the store. That's really the only ones I want anyway. It's too bad they have to hound you to death over these things.",3,Magazine_Subscriptions,162,False,False,True
neutral,negative,0.36710690040981264,The magazine is perfect.  It just took so long to come . I forgot i ordered it.,3,Magazine_Subscriptions,17,False,False,False
neutral,neutral,0.5661280058518121,"My kid loves the magazine. However, 3 stars are for the inconsistent shipping timing. We didn't get one a month, the shipping timing seems almost ki d of random.",3,Magazine_Subscriptions,29,True,False,False
neutral,neutral,0.8598005944121933,Not like it use to be. Seems to overview articals and lots more ads.<br />Guess I am a old Boomer who likes to read the early 1900s issues.,3,Magazine_Subscriptions,28,True,False,False
neutral,neutral,0.6389132345866796,There are way to many advertisements in this magazine and not much of anything else was pretty disappointed I enjoy the Pioneer Woman cooking show and was hoping to like this also.,3,Magazine_Subscriptions,32,True,False,True
neutral,neutral,0.5301127840682721,"I like a lot of the content NR publishes. It tends to be thought out and supported whether or not I agree with it, and I think it's good to support the continuing publication of such perspectives.  (Although I find their ""humor"" to be pretty lame.)  In a sense, this is one of the true ""alternative"" magazines today.<br /><br />Thing is, with today's short news and conversation cycles by the time I get it, the news items are aging and I've already seen most of their ""takes"" on line.  So I'm not getting a lot out of receiving a print edition.  The problem is not unique to NR.  I will probably not renew and cut down on the paper recycling.",3,Magazine_Subscriptions,120,True,False,True
neutral,neutral,0.5326583246959421,Ordered thinking it was a different magazine.  It didn't hold my interest for long.,3,Magazine_Subscriptions,14,True,False,False
neutral,positive,0.6300709482175275,Lovely pictures.,3,Magazine_Subscriptions,2,False,False,False
neutral,neutral,0.49059728188420276,"Weird magazine!! Ads and stories from people about where they have seen airstreams. I thought it would be helpful. How to renovate an airstream, where to take it once you’ve got it etc.... all it is is advertisements and maybe one good story about someone who has encountered an airstream.",3,Magazine_Subscriptions,50,True,False,False
neutral,neutral,0.833993007720037,Ok,3,Magazine_Subscriptions,1,True,False,False
neutral,neutral,0.41778414963113314,"unit really strong enough to ""sweep"" hard surfaces of debris. Does poor job on yards",3,Magazine_Subscriptions,15,True,False,False
neutral,neutral,0.6070948131088143,Took a long time and wasnt a full subscription,3,Magazine_Subscriptions,9,True,False,False
neutral,neutral,0.48574744056573144,"Good photos and pictures, I like seeing the cool ideas for architecture and design. Problem is that the magazine falls apart, maybe they are using super eco friendly glue or something, but every issue falls to pieces so they get thrown away instead of kept as a table accent piece or for reference.",3,Magazine_Subscriptions,53,True,True,False
neutral,positive,0.7425782301884887,Great magazine for the dabbler and curious science citizen.,3,Magazine_Subscriptions,9,False,False,False
neutral,neutral,0.7042988314989372,I was not that impressed with this mag.  It seems like it more add for camping world than anything else.,3,Magazine_Subscriptions,20,True,False,False
neutral,neutral,0.8683337812504962,"Kinda fun, but overall pretty disappointing. At least for their age recommendations. I say stick with Babybug until 4 years old. Not sure why they sized up to a traditional magazine size for 3-6 year olds either? My kiddo much prefers things sized for her and would like these much more if even if they were a size in between their current size and the Babybug size. So yeah, meh in content and overall delivery of this. I will not be re-upping and look for a better monthly subscription.",3,Magazine_Subscriptions,89,True,True,False
neutral,negative,0.6022508097711273,"As a subscriber for many years, I can definitely say is is not as good as it used to be.  Reviews are shorter. Smaller and fewer photos in the articles but more advertisements.  I really miss the old columnists from 10 years ago.",3,Magazine_Subscriptions,43,False,True,True
neutral,neutral,0.47346091697096315,"The magazine has some decent articles, but if you are looking for recipes that are functional in a day to day basis, then this is not your type of magazine. It does have some decent ideas for healthy eating, but there is too much fluff articles for it to be useful. Also, the layouts with the recipes can be confusing at times.",3,Magazine_Subscriptions,62,True,True,False
neutral,negative,0.6051477630569584,This magazine has become more ads than actual travel-related content.,3,Magazine_Subscriptions,10,False,False,False
neutral,negative,0.6418498509597602,I canceled my subscription.  This magazine is to materialistic for me. The articles are very informative but after a while it is the same thing.,3,Magazine_Subscriptions,25,False,True,False
neutral,neutral,0.4283176559670511,This is a great motivational magazine. I look forward to it every month. I enjoyed it the first 5 months it arrived. Then starting in October it stopped coming. I no longer received that great motivation. I gained 10 pounds without that constant motivation. They were not pounds of muscle. I miss my motivation and hope I get my back issues soon.,3,Magazine_Subscriptions,62,True,False,True
neutral,neutral,0.38303529916011514,A very needed Crochet magazine,3,Magazine_Subscriptions,5,True,False,False
neutral,positive,0.6004888349359986,An intriguing Crochet Magazine with fun pictures.,3,Magazine_Subscriptions,7,False,False,False
neutral,positive,0.6126390680492265,Terrific Crochet Magazine,3,Magazine_Subscriptions,3,False,False,False
neutral,neutral,0.833993007720037,Its ok,3,Magazine_Subscriptions,2,True,False,False
neutral,neutral,0.5037225814287318,The articles just don’t seem as good as they use to. The printing quality of the words and photography is not good.,3,Magazine_Subscriptions,22,True,False,True
neutral,negative,0.6288556141936926,Long time subscriber to TV Guide Magazine via US mail (with subscription via magazine vice Amazon).  $20 advertised price much better than I've been paying for years and (supposedly) you get the mailed issue PLUS the online version at no extra cost.  Unfortunately went round & round trying to install the Kindle for Android on my Samsung Tab S with no luck then the same with installing the Kindle for PC on my Win 8.1 computer.  Couldn't find any help nor instructions.  Will wait to see if the actual paper magazine shows up in 2 to 6 weeks as claimed before cancelling.<br />Edit #1:  Upgraded from 1 to 3 stars because I finally got the Kindle for Android to work but not sure how or what made it work.  My tablet was recognized as 'Kindle hdx' in the app and once I renamed it as my 'Samsung Tab S' it let me 'deliver' an issue of TV Guide.  Still working to get Kindle for PC to work - figure it'll be much easier to read guide listings on a large computer monitor.,3,Magazine_Subscriptions,182,False,True,False
neutral,neutral,0.5178599930197633,"I got a membership on this magazine years ago. I really liked it for the first couple of years. It was interesting and unique<br /> But this is the last year I will have a membership. It is now degraded to your average kind of magazine. Uninteresting an boring, like all the other ones I do not want a membership for.",3,Magazine_Subscriptions,61,True,True,False
neutral,positive,0.9999717568126296,Love this!!!,3,Magazine_Subscriptions,2,False,False,False
neutral,positive,0.6640007456773577,"I enjoy the content,  but never know when it will arrive.",3,Magazine_Subscriptions,11,False,True,True
neutral,neutral,0.4482227593697454,"My son enjoyed the subscription, unfortunately, we only recived about 6 episodes before it stopped. We origionally bought a year's subscription.",3,Magazine_Subscriptions,21,True,False,False
neutral,positive,0.6635269993952824,I got this on a discount as a Christmas present for my mother. She said it was so-so.,3,Magazine_Subscriptions,18,False,False,False
neutral,neutral,0.7772196781489983,A little disappointed. Kind of remember Readers Digest being a bit more informative with more interesting articles. Would not renew my subscription. Sorry to see an old standby magazine lose its appeal.,3,Magazine_Subscriptions,32,True,False,False
neutral,negative,0.7884165768319017,I would like this mag a whole bunch better without the liberal gibberish. False stories about draining residual from oil fields to the EPA has hands tied cause of State and BLM policies. Just junk reading as I am a conservationist but I don't like false reading also known as fake news. It does get huge stars for the other half of the magazine however. I've read this publication since the early 90s fishing in Wyoming.,3,Magazine_Subscriptions,76,False,True,False
neutral,neutral,0.6630563076006734,Very mediocre info in this magazine.  Or maybe I’m just not into that style of crafts.,3,Magazine_Subscriptions,16,True,False,False
neutral,negative,0.7437665412151938,I don't believe that people actually eat all of these recipes.  Some of them were downright weird.,3,Magazine_Subscriptions,17,False,False,False
neutral,neutral,0.7014537773087055,I used to love this magazine. But now it's just like the rest full of ads.,3,Magazine_Subscriptions,16,True,True,False
neutral,negative,0.49688655718565417,Doesn't come on time,3,Magazine_Subscriptions,4,False,False,False
neutral,negative,0.8040159658683603,Only received a few issues,3,Magazine_Subscriptions,5,False,False,False
neutral,negative,0.6377148200154442,I did not see any interesting information,3,Magazine_Subscriptions,7,False,False,False
neutral,neutral,0.46443991796235207,"The articles are good. They are interesting and informative. But there are more ads than anything. I do enjoy learning about new art products but can't help feeling there should be more articles than ads. I suppose all those ads keep the subscription price low, but they are also the reason why I would not be willing to pay more than the sale price that I paid.",3,Magazine_Subscriptions,67,True,True,True
neutral,positive,0.3454469121369072,"I love the articles with lots of how to pictures, however I've only received 3 magazines in a 1 year subscription.  Are they not sending the magazine or is someone from the post office snatching it?",3,Magazine_Subscriptions,36,False,True,True
neutral,negative,0.607396003760732,Some very good articles and information but an increasing amount of advertising and borderline political and pro gun agenda.,3,Magazine_Subscriptions,19,False,True,False
neutral,neutral,0.8352332643601793,Ok like most Magazines there always seems to be a lot of ads,3,Magazine_Subscriptions,13,True,False,False
neutral,positive,0.8066829009711913,Good recipes.,3,Magazine_Subscriptions,2,False,False,False
neutral,neutral,0.5457526871527408,Too many ads.,3,Magazine_Subscriptions,3,True,False,False
neutral,positive,0.47707481344546093,Its ok. Would like more interesting stories,3,Magazine_Subscriptions,7,False,False,False
neutral,neutral,0.7892418776381442,It was ok not as much on as many shows that I knew about,3,Magazine_Subscriptions,14,True,False,False
neutral,negative,0.41615698342686025,"I like everything I read about the magazine, just never actually received one.",3,Magazine_Subscriptions,13,False,False,False
neutral,neutral,0.6099145139150247,"This magazine used to be much larger with more features, more jokes, more volume and not so many ads.<br />Also miss the great art work that used to grace the back of the issue where large ads reside now.  This publication is just a shadow of its former self--I know as I keep old special issues of years ago and what a difference!",3,Magazine_Subscriptions,63,True,False,True
neutral,negative,0.6935520620993261,"Like RD, however, auto renews should never be automatic.  Not a fan of auto renews, this creates the 3 stars, just something else we have to track and deal with each year.",3,Magazine_Subscriptions,32,False,False,False
neutral,positive,0.5907800439335772,Like,3,Magazine_Subscriptions,1,False,False,False
neutral,neutral,0.6805555192288594,Good projects but there are a lot of advertising.,3,Magazine_Subscriptions,9,True,True,False
neutral,positive,0.8105166069414796,Great deal.  Kind of pretentious magazine.,3,Magazine_Subscriptions,6,False,False,False
neutral,neutral,0.5869377373795569,Ok I thought a little dated,3,Magazine_Subscriptions,6,True,False,False
neutral,positive,0.6921119421194285,I like the magazine !,3,Magazine_Subscriptions,5,False,False,False
neutral,neutral,0.3662873528280482,"I was a little disappointed.  The first edition focused more on ""religions"" than on techniques for living in the light.  I don't want to follow a particular religion.  I just want to do exercises and learn techniques, like meditation, to have a calmer and more peaceful approach to life.",3,Magazine_Subscriptions,49,True,False,False
neutral,neutral,0.5428385698555604,To many advertisements,3,Magazine_Subscriptions,3,True,False,False
neutral,negative,0.5983798160076471,Visually over stimulating magazine for me.  Two copies were more than enough. for me to decide that all subsequent issues will go directly to the recycle bin.,3,Magazine_Subscriptions,27,False,False,False
neutral,neutral,0.5545879260164629,Thin magazine,3,Magazine_Subscriptions,2,True,False,False
neutral,negative,0.8904261247778619,I am really disappointed. It articles are not what I was expecting. I think I am going to cancel.,3,Magazine_Subscriptions,19,False,False,False
neutral,positive,0.580929868610946,"Love this magazine! I just hate how long it takes to mail me one. In this digital age, you’ve got to have a faster turn around process than 8 weeks.",3,Magazine_Subscriptions,30,False,False,False
neutral,negative,0.8888664248266916,This is some liberal propaganda,3,Magazine_Subscriptions,5,False,False,False
neutral,neutral,0.48490365940226376,"I've always loved Readers Digest so I subscribed.  I was told I would start receiving them in Feb. I just got two magazines today, both old issues I've already read, November and December issues. Now my subscription will be shorter and I have duplicate issues. I feel like this is the publishers way to get rid of old issues.",3,Magazine_Subscriptions,59,True,False,False
neutral,positive,0.8745705108350678,Reading,3,Magazine_Subscriptions,1,False,False,False
neutral,neutral,0.6795694027490751,Wasn’t what I thought it was. Not a lot about decorating,3,Magazine_Subscriptions,11,True,False,False
neutral,positive,0.37885266457398203,It comes really randomly. Would get two at a time sometimes and not monthly. Kids still likes it.,3,Magazine_Subscriptions,18,False,False,False
neutral,neutral,0.9129831234044413,It was ok not as good as I remember,3,Magazine_Subscriptions,9,True,False,True
neutral,negative,0.5097397030329622,Southern Living magazine is just not what it used to be.  It's about a third of the size and doesn't have near the amount of recipes it used to publish.  I see why you can get a year's subscription for next to nothing.,3,Magazine_Subscriptions,43,False,False,False
neutral,positive,0.40116047665204635,"Delivery was late, basic Car magazine.",3,Magazine_Subscriptions,6,False,False,False
neutral,positive,0.4729605569273584,Magazine is so so!,3,Magazine_Subscriptions,4,False,False,False
neutral,neutral,0.4781942433255316,"This is a beautiful magazine with great articles and recipes, but Over the course of my subscription I’ve had one completely missing edition and two other instances where I’ve not received the magazines and had to chase them up.<br />Based on my experiences so far I will not be renewing my subscription.  I’ll go with the cheaper, more reliable and timely electronic edition.<br />I’d give the magazine itself 5 stars, but the subscription service would be zero stars, resulting in my overall three star rating.",3,Magazine_Subscriptions,85,True,True,True
neutral,neutral,0.6749715279999532,"Sent me the holiday (December) issue in January. Kind of a waste given that the content was geared toward gifts and holiday planning/cooking.<br /><br />Otherwise I like this magazine. Has good organizational, shopping and cooking content.",3,Magazine_Subscriptions,36,True,False,True
neutral,positive,0.6461844426351381,"It presents good information, but:<br />It is really focussed on traditional publishing.<br />It lags behind online sources (> 1 year), limiting the ""news"" value of many pieces.",3,Magazine_Subscriptions,27,False,False,False
neutral,negative,0.9408240051823797,Have not received 1/2 of the magazines,3,Magazine_Subscriptions,7,False,False,False
neutral,neutral,0.45597861129996425,I didn’t like any of the recipes in my first 2 issues .  Most recipes have way too many ingredients.  Layout confusing.  Good photos.,3,Magazine_Subscriptions,24,True,False,False
neutral,negative,0.6491686101790766,Decent magazine.  Frustrated that I cannot figure out how to stop the auto renewal,3,Magazine_Subscriptions,14,False,False,False
neutral,neutral,0.4871293018382098,Not substantive as past years.  Can do without it.,3,Magazine_Subscriptions,9,True,False,False
neutral,neutral,0.5457526871527408,Mostly ads,3,Magazine_Subscriptions,2,True,False,False
neutral,negative,0.5330572140414532,Way too many add and not much joanna,3,Magazine_Subscriptions,8,False,False,False
neutral,neutral,0.441234044414282,"As someone nearing retirement, I felt it was time to see if Reader's Digest had changed with the times, so I subscribed at a great introductory rate. So far, I have been unimpressed. The quality of the paper it is printed on is very poor and the majority of articles are pleasant, but spineless. Perhaps I am to snarky of an ""almost senior"" to appreciate RD yet. I will give it a full year before deciding whether to keep the subscription.",3,Magazine_Subscriptions,81,True,True,True
neutral,negative,0.4563001406543273,"TV guide, some channels not listed",3,Magazine_Subscriptions,6,False,False,False
neutral,neutral,0.9441824364640261,Articles are somewhat interesting.  Too many added advertisements.,3,Magazine_Subscriptions,8,True,False,False
neutral,negative,0.6656636074033838,Good magazine but we don’t receive every issue we’re supposed to.,3,Magazine_Subscriptions,11,False,True,False
neutral,neutral,0.6059270399030737,"I enjoy the ideas in this magazine, but a lot of it is advertising or ideas for people with a “larger than normal” budget, which those people would probably not be doing their at home carpentry on their own.",3,Magazine_Subscriptions,39,True,True,True
neutral,negative,0.5775188704008367,"no what it used to be, it is thinner and few quality articles, mostly advertisement",3,Magazine_Subscriptions,15,False,False,False
neutral,negative,0.5974656866928874,Gifted it not very engaging,3,Magazine_Subscriptions,5,False,False,False
neutral,neutral,0.833993007720037,Ok,3,Magazine_Subscriptions,1,True,False,False
neutral,positive,0.5076777209979769,Nice ideas,3,Magazine_Subscriptions,2,False,False,False
neutral,positive,0.4729605569273584,Just a so-so magazine.,3,Magazine_Subscriptions,4,False,False,False
neutral,negative,0.4873446685286077,"i didn’t realize this was the spanish version, my fault",3,Magazine_Subscriptions,10,False,False,False
neutral,neutral,0.4458075078191997,"We picked-up this subscription cheap, which made us happy; and, the idea of a magazine for a station we so enjoy watching was very exciting. However, we just thought there were too many pages with advertising, rather than content, so we passed on renewing.  We rated accordingly.",3,Magazine_Subscriptions,47,True,False,False
neutral,positive,0.4477478772614758,Bright and cheery,3,Magazine_Subscriptions,3,False,False,False
neutral,negative,0.7770712323700363,Cheap but few pages,3,Magazine_Subscriptions,4,False,True,False
neutral,negative,0.7679442391697263,"I don’t care for Vogue anymore. After this subscription I’d like to cancel, but I’m not sure how to do that on the Amazon site.",3,Magazine_Subscriptions,25,False,True,False
neutral,negative,0.5650075117245806,"Guess I expected something different, not what I would call country gardens. More for estate type gardens",3,Magazine_Subscriptions,17,False,False,False
neutral,negative,0.8996667491783233,I didn't receive all issues and now it is unavailable. I would like a refund.<br />I did get a refund finally for the rest of Mags I did't get.,3,Magazine_Subscriptions,29,False,False,False
neutral,negative,0.7421885897412186,Nice pictures but basically it’s a paint company promotion,3,Magazine_Subscriptions,9,False,True,False
neutral,negative,0.7776332487969085,No sense in purchasing a service that is not any more helpful than the free app.,3,Magazine_Subscriptions,16,False,False,False
neutral,neutral,0.9022000057077654,Decent magazine. I did not renew. Even though it's discounted off the cover it's still a little too pricey for what it is,3,Magazine_Subscriptions,23,True,True,False
neutral,positive,0.4784109301452055,Well written magazine but not enough articles covering hunting and fishing in the west especially hunting mule deer,3,Magazine_Subscriptions,18,False,True,False
neutral,negative,0.862428141075325,I like the magazine but I despise the automatic subscription renewal !  I tried immediately to cancel because of it .  But they refused to let me cancel<br />  It’s a ripoff tactic reminiscent of the old door to door crooks and scammers,3,Magazine_Subscriptions,43,False,True,False
neutral,positive,0.872061532368284,Get some new more relevant writers,3,Magazine_Subscriptions,6,False,False,False
neutral,positive,0.7390137728943559,"I love the magazine, but delivery was inconsistent.",3,Magazine_Subscriptions,8,False,True,False
neutral,neutral,0.478319787522265,Delivered on a timely basis for Feb issue but the Christmas issue was delivered on Jan 27th!  And the magazine is not as good as some others do I wouldn’t order again.,3,Magazine_Subscriptions,32,True,True,True
neutral,neutral,0.7956230981185711,"I have found articles helpful as someone living in a standalone house for the first time (e.g. info about basic fixes or how parts of the house work). I find some of the projects really appealing, if daunting—e.g. installing heated floors (and I make plenty of excuses about why I can't do them myself). I really large portion of this magazine is ads, though, and that has been a bit of a bummer. I'd like just a little more content in each issue.",3,Magazine_Subscriptions,83,True,False,False
neutral,negative,0.7442100685551869,Sorry<br /> Found what I wanted. Ads are good but more detail in history more do it yourself. irkegularities or scam warnings.,3,Magazine_Subscriptions,22,False,True,False
neutral,neutral,0.65647032381911,Disappointed in the first issue.  Not as many recipes and colorful pictures as I remembered from a previous subscription for this magazine.  Hopefully future issues will improve.,3,Magazine_Subscriptions,27,True,False,False
neutral,neutral,0.679003529470804,I feel like the quality and content has gone down over the years....,3,Magazine_Subscriptions,13,True,False,False
neutral,negative,0.7679673710021241,Mostly ads and not as much content,3,Magazine_Subscriptions,7,False,False,False
neutral,neutral,0.6427904863037417,Pretty good magazine I wish it had more articals about planes,3,Magazine_Subscriptions,11,True,False,False
neutral,neutral,0.7789367852644757,Too many adds not enough projects,3,Magazine_Subscriptions,6,True,False,False
neutral,negative,0.5023971575179859,More ads than content and the magazine,3,Magazine_Subscriptions,7,False,False,False
neutral,negative,0.5572805752279671,"This is the type of magazine that makes you want to read every single page. As a golf fan, it is a must. Great articles and golf tips that actually make sense.<br />Edit#1: Frustration! You just never know if or when you will get this each month. Delivery on this magazine has been sporadic at best. I have yet too receive this months issue. The last issue shipped early. I didn’t receive one month at all a few months ago. Minus 2 stars",3,Magazine_Subscriptions,83,False,True,True
neutral,neutral,0.4314200562176219,I remember tv guide for 15 cents. It gave you local stations and what was on. Not any more you get national coverage. I would prefer the old version. I'll keep it for a year. Thanks,3,Magazine_Subscriptions,36,True,False,False
neutral,negative,0.8445986597631232,"I was very disappointed in my first issue of the AllRecipess magazine. When it first came out, it was chock full of recipes by people like me! The format of the magazine has changed to giving more lengthy articles about either ingredients or food techniques. That's what most other food magazines do. What USED to set this magazine apart was the sheer amount of recipes by everyday cooks...similar to the website. I am so disappointed that I probably won't renew my subscription. I was tempted to cancel this subscription, but I only paid $5 so it wouldn't be worth the trouble.",3,Magazine_Subscriptions,101,False,True,False
neutral,negative,0.8145417410898321,Not really what I thought it would be but I’m not sorry I subscribed.,3,Magazine_Subscriptions,14,False,True,False
neutral,neutral,0.42814232367383886,I thought there would be more to it like the consumer reports magazine.,3,Magazine_Subscriptions,13,True,False,False
neutral,positive,0.5250693133356428,"My Husband said e used to really enjoy the magazine as a child, but now feels it is way too liberal for him , I liked it myself",3,Magazine_Subscriptions,28,False,True,False
neutral,neutral,0.8749149475628112,It's okay but a mix of useful info and projects and over-contrived or superficial plumping for stuff -- sorta like payola going on..,3,Magazine_Subscriptions,23,True,True,False
neutral,neutral,0.48414146635610056,I haven't got but 2 magazines.  Hope they come soon. Thank you!,3,Magazine_Subscriptions,12,True,True,False
neutral,positive,0.39498632846576254,"Let's be honest, the internet has kind of ruined magazines. Every other issue had something I enjoyed. Mostly it felt like a printed blog. The tip of the iceberg maybe, or just something for the coffee table. I'm not trying to be a troll, as I do like the ideas behind much of it and the pictures... I admire the visually stimulating art work that it contains. In addition to the photography I like the drawn adds, those are fun to look over when they appear. It's very comforting to peruse and leaves you content visually. But the meat and potatoes, writing, landed somewhere between Southern/Country Living's Showcase style (""Get to know Lucy and her life as a self funded stay at home parent of 3 dogs, 2 goats, and a sheep in 5 paragraphs and 3 pages of staged pictures, also learn how she refreshed a 100 year old house with paint from behind the barn and a keen design eye that matches what we like"") and weaker articles about collectioning things. It's just that there always seemed to be a lot left out. Our library has a subscription. I'll probably just stick to that unless an issue has something truly riviting, then I would buy just that issue for my reference. We bought my father in law a subscription as he is a perpetual dabbler of all things farm and he enjoys getting ideas from it. A nice gift, but not something I'd rebuy for myself.",3,Magazine_Subscriptions,248,False,True,False
neutral,positive,0.9912876918151673,Loved it so many great ideas,3,Magazine_Subscriptions,6,False,False,False
neutral,negative,0.6881418502168309,"I liked the articles but I did not like how all of the editorial content was written by men for men. Additionally, all of the ads were very clearly targeted toward men only. Why do I have to be a man to read a magazine about tech?",3,Magazine_Subscriptions,47,False,True,False
neutral,negative,0.3838709863037937,It started out a good size TT paper .It has went down in size and useless information,3,Magazine_Subscriptions,17,False,False,False
neutral,neutral,0.6200115708013156,Way too much advertisements. I sure hope the next one has better content.,3,Magazine_Subscriptions,13,True,False,False
neutral,neutral,0.6402954132664637,Good ideas but a large amount of advertising.,3,Magazine_Subscriptions,8,True,True,False
neutral,negative,0.5294526028907586,Not crazy about the recipes.,3,Magazine_Subscriptions,5,False,False,False
neutral,neutral,0.49030602020886205,"Most of first issue was on one subject, it was sound. I prefer a few subjects instead of mostly one.  Overall, done well.",3,Magazine_Subscriptions,23,True,False,False
neutral,neutral,0.5804082606946439,The magazine is 1/2 the size it used to be and far too many pages of advertisements.,3,Magazine_Subscriptions,17,True,False,False
neutral,neutral,0.4812859726736486,I do not like that the magazine completely ignores the most celebrated of our holidays.  The only sign of anything Christmas in the December issue the last two years is an ad from the City of Charleston. Very disappointing because I look to my magazines for holiday decorating inspiration..,3,Magazine_Subscriptions,49,True,False,False
neutral,negative,0.4838101326907057,Sorry the print is too small to read comfortably,3,Magazine_Subscriptions,9,False,False,False
neutral,positive,0.859232003541303,Nice cooking magazine that offers several everyday  recipe for family meals and desserts.,3,Magazine_Subscriptions,13,False,False,False
neutral,positive,0.6281453565707278,Some months the stories are interesting. I like the size of this magazine. It conveniently fits in a purse.,3,Magazine_Subscriptions,19,False,False,False
neutral,neutral,0.4792756259909461,I got this for my husband for Christmas because it was on sale and had reviews.  Honestly I have been disappointed and am glad I didnt pay full price.  It is a very slim magazine with relatively little information.  I would classify it more of a booklet then magazine.<br /><br />**UPDATE** We got a new issue and it had a lot more content.  Definitely appreciate this magazine more.,3,Magazine_Subscriptions,68,True,False,False
neutral,neutral,0.7694891342745965,Decent magazine but the same old hacks repeated from years past.,3,Magazine_Subscriptions,11,True,True,False
neutral,neutral,0.6155566175038696,"I subscribe to this magazine years ago, It has really changed, Not as many articles as there was before, I recall cutting out coupons , not anymore more, I think at there was 1 that I couldn't use. Its like everything else Downsizing. Not Impressed at all, I will not be renewing it that Simple",3,Magazine_Subscriptions,55,True,False,False
neutral,negative,0.7594001205220557,Not enough articles and too many ads,3,Magazine_Subscriptions,7,False,False,False
neutral,neutral,0.5549735376411984,This magazine is getting smaller and smaller. Enjoy it but will not pay a lot to see it.,3,Magazine_Subscriptions,18,True,True,True
neutral,negative,0.5695227697963482,Not much to it but ads. Will not renew.,3,Magazine_Subscriptions,9,False,True,False
neutral,neutral,0.5672161078505246,Decided  to subscribe. The current issues have alot of advertising.  Very disappointed will not renew.,3,Magazine_Subscriptions,15,True,False,False
neutral,negative,0.833307692385995,I love this magazine. I subscribed myself and then 2 other people. Unfortunately its been 3 mo since I subscribed my friends. Neither of them has received any issues yet. When trying to notify Handyman about this all they had was online contact. According to their records they are saying my friends should have gotten 2 issues by now. They haven't received anything. I started my subscription last September and I have also only received 2 issues. Nothing has come since last year. There is no way to directly contact these people. I don't recommend paying for a subscription,3,Magazine_Subscriptions,99,False,False,True
neutral,neutral,0.5421845760565042,not a great magazine. i am hoping it improves in the future. i live in the country on a lot of land. i do some canning and i like recipes. i do a lot of gardening. i just want something more colorful and informative.,3,Magazine_Subscriptions,44,True,False,True
neutral,positive,0.6059754428875491,I wish the publication had more patterns in it and that they were more appealing to inspire me. A good one but not fantastic.,3,Magazine_Subscriptions,24,False,True,True
neutral,positive,0.6270342704108863,Good recipes. I wish there were less “trendy” food recipes like “food bowls” and stick to good Midwest comfort food that they used to have in the past. Give me a casserole and Mom’s Best recipes pages again.,3,Magazine_Subscriptions,38,False,False,False
neutral,negative,0.5246950895594522,While I absolutely love Ree and ThePioneer Woman magazine (of which I have purchased at the store and read cover to cover) - I decided to purchase a yearly subscription to save money. However I received only 2 magazines and then was notified by mail that my subscription had expired. Very disappointed. A yearly subscription is ONLY 2?? Expensive purchase.,3,Magazine_Subscriptions,60,False,True,False
neutral,neutral,0.6611132420536973,"Nice magazine, but if I were to remove the ads it would be less than half the size.",3,Magazine_Subscriptions,18,True,True,False
neutral,neutral,0.7391752257370271,Not enjoying as much as I thought I would,3,Magazine_Subscriptions,9,True,False,False
neutral,neutral,0.4858993204796271,Just another fashion magazine,3,Magazine_Subscriptions,4,True,False,False
neutral,negative,0.7321049414119059,"I wanted the large print which could have been my error. I ordered on here for $5 but then received a bill from Readers Digest for $10. it wound up costing me $15, that wasn't much of a deal.",3,Magazine_Subscriptions,39,False,True,False
neutral,neutral,0.7126745738133468,If you are in your 60s you will probably love it.  I am 47 and I like it okay but it is geared for an older generation,3,Magazine_Subscriptions,27,True,True,False
neutral,neutral,0.9033813698042005,"It’s okay.. as all other magazines, it has too many ads...",3,Magazine_Subscriptions,11,True,False,False
neutral,negative,0.5576401866978165,"When I subscribed, I was remembering the old magazine. This one is not like the original, and has a completely different format. I was disappointed in it. I could not relate to this magazine.",3,Magazine_Subscriptions,34,False,False,False
neutral,positive,0.7958524626224099,Good so far😊,3,Magazine_Subscriptions,3,False,False,False
neutral,neutral,0.48665456056115897,"I like this MAG, but how many can you read.  The special very, very low price is probably the only reason I renewed.",3,Magazine_Subscriptions,23,True,True,False
neutral,negative,0.48684878757869343,"I've subscribed to the NYRB for almost twenty years. I'm thrilled every time I see it in the mailbox: here are long essays on topics that interest me, written by intelligent authors from all over the world, a welcome counterweight to the slipshod language of the Internet.<br /><br />However, something changed in the NYRB fulfillment department around 2016. I, for one, don't receive the magazines I paid for with acceptable regularity. Contact with customer service results in various responses: a late mailing of the missing issues, a promise to extend your subscription, a surly note claiming your long-established mailing address is invalid. Will buying a subscription through Amazon mean better service? Give it a try.",3,Magazine_Subscriptions,115,False,False,False
neutral,negative,0.5017411056581296,"Well, for me, Reader's Digest is not what it used to be. Or, is it me who has changed? I just don't enjoy it any more.",3,Magazine_Subscriptions,26,False,False,True
neutral,negative,0.46920941483459044,I'm not finding many articles that I can relate to,3,Magazine_Subscriptions,10,False,False,False
neutral,negative,0.44612298774619996,"Nice magazine with good Recipes and pretty photographs but was disappointed that instead of receiving the current issue, they started out with the December Christmas issue.  I received two magazines at once at the beginning of March.  Feels like they were anxious to get rid of some old unsold issues",3,Magazine_Subscriptions,50,False,True,True
neutral,positive,0.6486408277422944,The magazine was very good automobile source but I am more of a hot rod person.,3,Magazine_Subscriptions,16,False,True,False
neutral,negative,0.4951619861413763,Cheap printing not the same as on news stands,3,Magazine_Subscriptions,9,False,False,False
neutral,positive,0.8776413698443832,"Fast shipment, very good pac kaging, ama zing quality pieces. Excellent performance.",3,Magazine_Subscriptions,12,False,False,False
neutral,neutral,0.6530101823273657,Just seemed too simplistic for my grandson. It did not hold his interest at all. He needed more to the stories to be read to him.,3,Magazine_Subscriptions,26,True,False,False
neutral,positive,0.7172225466135738,Great price. But it was difficult to csncle shipment when relocating.,3,Magazine_Subscriptions,11,False,True,False
neutral,positive,0.4884325520695136,The magazine is perfect. I like the editorial articles and I feel that it does a good job trying to be unbiased in such controversial times. My only complaint is that sometimes my magazine comes in damaged (torn) o the front or back pages. That occurs maybe 30% of the times.,3,Magazine_Subscriptions,51,False,False,True
neutral,positive,0.5648310326290323,It’s still a magazine I enjoy reading but much less content as when I subscribed before.,3,Magazine_Subscriptions,16,False,True,False
neutral,negative,0.6690961954038008,Too much keto/meat stuff. I cancelled.,3,Magazine_Subscriptions,6,False,False,False
neutral,neutral,0.6928978268802967,"I like this magazine but when I received it in March I got February and January issues, too. I figured my subscription would start with March. I had already purchased Jan & February issues at a store.",3,Magazine_Subscriptions,37,True,True,False
neutral,positive,0.6858040888304092,Expected so much more.  Very bland.  More about the Scot’s and their products.  Excellent paper stock. Thank,3,Magazine_Subscriptions,17,False,False,False
neutral,neutral,0.47898280990790704,Major- doesn’t really have a lot of reading that targets 50+ y/o especially considering Oprah’s age.<br />Minor yet annoying is the cover is so slick it won’t stay stacked. Don’t like the feel of it.,3,Magazine_Subscriptions,35,True,True,False
neutral,positive,0.5955248105641728,Was previously favorite magazine but now too many advertising pages,3,Magazine_Subscriptions,10,False,True,False
neutral,neutral,0.8346905825089297,"I like recipes & decorating ideas but Martha Stewart is too high end now for the average Mom to be able to swing!  Also, the magazine is a thin little magazine compared to what it used to be!  It doesn’t excite me like It used to... used to collect issues... not like that anymore! Plus, this took months to arrive. ☹️",3,Magazine_Subscriptions,61,True,True,False
neutral,neutral,0.617910983807058,So full of ads that they should be paying you to take it.  Most projects skip over the details and just hit the major steps.  Good for ideas but need to look at someone else’s YouTube videos for the specific details.  The winter and summer double issues that consume 2 of your paid issues are the equivalent of an actual decent magazine.,3,Magazine_Subscriptions,62,True,True,False
neutral,positive,0.49100506444107056,Nice price but still waiting for my first issue,3,Magazine_Subscriptions,9,False,True,False
neutral,neutral,0.7739714649242692,"It was ok but not what i expected.  Some might love it, but not me!",3,Magazine_Subscriptions,15,True,True,True
neutral,neutral,0.4902861254329356,"The fonts are small in these new issues, and the knowledge is a little basic,  I miss the old style.",3,Magazine_Subscriptions,20,True,False,False
neutral,neutral,0.9336187229180969,"An okay magazine... They are always thin and the content is decent but, I’d like more o performance car tests.",3,Magazine_Subscriptions,20,True,False,False
neutral,negative,0.4994538831109173,Pls cancel subscription. Thank uou,3,Magazine_Subscriptions,5,False,False,False
neutral,neutral,0.6204405396493439,"Funny! Readers Digest is not the way it used to be. The pages are thinner. You can feel it. It is just not the same at all. It is still a good little book with stories, etc. but just not the way it used to be.",3,Magazine_Subscriptions,46,True,True,True
neutral,negative,0.564795988664715,"Architectural Digest in former years was a stodgy, slightly dull journal with archival records of worldwide interior design, on high quality paper. People would keep the issues for years considering it an historical record of design as sponsored by the affluent.<br /><br />No more. In 2016 it was taken over by Amy Astley, the former editor of TEEN VOGUE. You read that right, Teen Vogue, and AD now is just as trendy and advertiser focussed, reimagined for the Instagram generation. Largely dedicated now to homes of celebrities or should we say, 'influencers.' To anyone who loves serious design as one of the useful arts, offensive, but I'm sure it has brought more corporate revenues. Because now AD has been able to sell the celebrity - besotted readers to the advertisers.<br /><br />Amy has done this by changing the business model from subscription based to ad based. This means the readers are no longer the customers, but rather the product - to be handed over to the new customers, the advertisers. Predictably, AD content has been dumbed down to the clickbait level to bulk up readership with unsophisticated topics such as Kim Kardashian's new bathroom or, for variety, Kanye West's new bathroom.<br /><br />Also, excessively focussed on New York City as if we all lived there. And much attention to a small circle of decorators who belong to the so-called AD100 - a group of business collaborators who made deals with the magazine. Not a serious journal at all any more, and not focussed on design at all.<br /><br />People no longer save the issues. And by the way, there is no need to subscribe. Give them your email address and you will get TWO emails every day, so eager they are to tell readers what Instagram celebs are doing to their bathrooms.",3,Magazine_Subscriptions,302,False,True,False
neutral,positive,0.498442308384466,Finally delivered,3,Magazine_Subscriptions,2,False,False,False
neutral,neutral,0.36453948926474,"I use to get this magazine about 15 years ago.  Back then it had twice the content and much better quality. Thank goodness I saved my old copies they are a great reference tool. Very disappointing, but I  will try it for a year because of the low price.",3,Magazine_Subscriptions,49,True,True,False
neutral,negative,0.4965716131819566,"I love this magazine, yes they try to sell stuff. My biggest gripe with this magazine is they don’t send them. I have never gotten them all, and have gone months with nothing. And some times two at the same time. A two year membership seams to be a one year no matter what you pay for.",3,Magazine_Subscriptions,57,False,False,True
neutral,neutral,0.541968339652556,Please do not renew subscription.,3,Magazine_Subscriptions,5,True,False,False
neutral,neutral,0.541968339652556,Do not renew this subscription.,3,Magazine_Subscriptions,5,True,False,False
neutral,neutral,0.541968339652556,Do not renew this subscription.,3,Magazine_Subscriptions,5,True,False,False
neutral,neutral,0.541968339652556,Do not renew this subscription.,3,Magazine_Subscriptions,5,True,False,False
neutral,neutral,0.541968339652556,Do not renew this subscription.,3,Magazine_Subscriptions,5,True,False,False
neutral,positive,0.7393422334492179,good,3,Magazine_Subscriptions,1,False,False,False
neutral,neutral,0.8955214580843918,It’s not bad,3,Magazine_Subscriptions,3,True,False,False
neutral,neutral,0.5386665899397499,Not a large magazine. More like a handout.,3,Magazine_Subscriptions,8,True,False,False
neutral,neutral,0.6711495237974218,"Interesting read, has gotten thinner over the years, like most monthly mags.",3,Magazine_Subscriptions,12,True,False,False
neutral,neutral,0.654814496214991,"had a problem getting delivery sorted out and missed s couple of issues - still, have to remember that people are trying to cope with the virus shutdown, so no big deal.",3,Magazine_Subscriptions,32,True,False,False
neutral,negative,0.8633691403003358,I want to cancel. I didn't know it renewed.,3,Magazine_Subscriptions,9,False,False,False
neutral,negative,0.8642489431222472,"Today I canceled this subscription from a previously used Amazon account. I have always loved House Beautiful and looked forward every month to receiving my copy. Unfortunately, the magazine is now unbelievably thin and too much of it seems devoted to ads. I'm disappointed and, even at the current low cost, it's not worth my time or money anymore. I'll have to find another home decor magazine that is worthy of poolside reading.",3,Magazine_Subscriptions,73,False,False,True
neutral,negative,0.6878383346127798,"I am a scientist and cooking is my hobby now that I am no longer doing bench biochemistry. I like the focus of Cook's on the science behind the food, and that is clearly the best thing about their approach to cooking. However, there are two deal-killers for me and I will not be renewing my subscription. First, the relentless up-sell. You get emails frequently that promote different recipes or reviews of cooking tools. Some of the time you can open the email and actually get content to read. Most of the time this is just a teaser pointing you to a paid subscription to their on-line service which is quite expensive, beyond what you spend on the actual subscription. Boo, America's Test Kitchen, this is sucky behavior to say the least. Second, and more importantly, the recipes are just... not... that... great. I have made quite a few and indeed, the food science behind them is inarguable. However, many are mediocre.",3,Magazine_Subscriptions,162,False,False,True
neutral,negative,0.7286958780884606,I gave it 3 stars because the issues are hit or miss. Im a young adult looking for the best health advice nutrition and workouts. A few of these recent issues hardly had anything on this and instead was filled with advertising for botox and fillers and the last issue i received had a chunk ripped out making any article unable to read.,3,Magazine_Subscriptions,63,False,False,False
neutral,negative,0.5340376477836276,"absolutely love to read. But why did they send all 3 issues at once, I recieved 2 issues for 4he 2 months preceeding the current one. I'm not happy about that because it lessens my prescriptions.",3,Magazine_Subscriptions,36,False,True,True
neutral,neutral,0.41713010866582423,Like the American Bee Journal better,3,Magazine_Subscriptions,6,True,False,False
neutral,neutral,0.6612234972401569,Not what I thought,3,Magazine_Subscriptions,4,True,False,False
neutral,negative,0.5737266974162804,This is a magazine that did not appeal to me. It must have been on an automatic renewal and I can’t find a way to stop it.  It’s charged to my bank account and Amazon has told me  it’s the publications problem.  I guess I’m going to have to look at this as a donation to my doctor’s reception area,3,Magazine_Subscriptions,60,False,False,False
neutral,negative,0.5136527423067394,"I used to read this magazine all the time, but later stopped. I found others that interested me more.",3,Magazine_Subscriptions,19,False,True,False
neutral,positive,0.4729605569273584,It's a magazine,3,Magazine_Subscriptions,3,False,False,False
neutral,neutral,0.6607965296875336,"Both the format and content of this magazine from the Martha Stewart stable have declined over the past few years.  These days it's little more than an indulgence of Martha's upmarket lifestyle - who cares what her monthly calendar reads?  Do we really want to know she's clipping her toenails on Wednesday, and wrapping a gift for one of her oh-so-lucky friends on Friday?<br />The photography is great, a few issues ago, pages were wasted showing off pictures of her cookies, in a merciless promotion of her new cookie book, but, not one recipe was shared, probably since her latest cookie book is no more than a compilation of recipes that she's printed in earlier issues of the magazine.<br />I admire Martha Stewart and all that she has done to build her empire, but, between the pages and pages of ads, and Martha's self indulgence, there's little new and useful content in this magazine, although it is still better than a lot of the other trashy lifestyle mags out there.",3,Magazine_Subscriptions,170,True,True,False
neutral,negative,0.7337062570328349,"I like SL because it is supposed to be a down to earth,geared to every day people magazine.I stopped my subscription,because they are getting to be too high brow,and pretentious,reason I also stopped my subscription to Coastal Living for the same reasons.I am interested in everyday people,not the rich folks who have 7 homes decorated by Hollywood celebrities.same goes for their recipes,which I cherished at one time,you might as well buy Bon Appetit,where all their recipes would cost an arm and a leg.Very disappointed.(subscription I also stopped,a long time ago).With the times we are having,I feel these magazines are way out of touch.I understand the need to dream,but they are getting  ridiculous.",3,Magazine_Subscriptions,112,False,False,False
neutral,positive,0.622702400693369,This magazine has some beautiful photography and I enjoy many of the articles. The one thing that seems off about it is that the hotel/lodging pricing that is focused on is rather expensive. I travel a lot more than the average recreational traveler and when I find hotels in Travel + Leisure I am always shocked at the prices. It is rare to see anything under $500 a night which is ridiculous in my mind. If you want something to read that is beautiful and to encourage dreams this is a great travel magazine. If you are of average income many of the concepts will only be dreams.,3,Magazine_Subscriptions,108,False,False,False
neutral,neutral,0.5968181750939482,I was hoping for more diversity so I did not renew my subscription,3,Magazine_Subscriptions,13,True,False,False
neutral,neutral,0.7479306509954006,Not enough articles.need more content. This magazine can be read in 10 minutes.not worth the money,3,Magazine_Subscriptions,16,True,False,False
neutral,neutral,0.4815246163247503,This magazine was for my 13 y/o granddaughter. She’s happy with it. Unfortunately it took a year for the subscription to kick in. So she was 14 when she finally started receiving the magazine.,3,Magazine_Subscriptions,34,True,False,False
neutral,neutral,0.4106216231215725,Thought would give this a try.  I remember loving this years and years ago but not quite what I remember,3,Magazine_Subscriptions,20,True,True,False
neutral,negative,0.6337060614885719,I would like to cancel this subscription.,3,Magazine_Subscriptions,7,False,False,False
neutral,negative,0.5256253581378376,I bought this subscription for my mom but she hasn't received a magazine in 3 weeks. Before that she missed 2 more weeks of it. I paid for a year subscription. She should be getting them every week. She loves the magazine.,3,Magazine_Subscriptions,42,False,True,False
neutral,neutral,0.515033945142992,Love the magazine... it took several months to receive first mag after ordered and paid.,3,Magazine_Subscriptions,15,True,False,False
neutral,negative,0.4558128866745143,"Seems to lean less towards information on farming and more towards anecdotes, and activism.  Not for someone who wants to learn.",3,Magazine_Subscriptions,21,False,False,False
neutral,neutral,0.6662280428759914,"The magazine pages feel funny. The overall quality is not bad, but not like magazines you buy at the book store. Popular Science.... the content is what it should be.",3,Magazine_Subscriptions,30,True,True,False
neutral,negative,0.49384033170297664,"I grew up with highlights magazine. I ordered High Five for my grandson in March. His first issue doesn’t come until July.  That is very disappointing because I know they should come every month. With that said, I don’t think my auto renewal should start until July. That is the only reason I gave only 3 stars.",3,Magazine_Subscriptions,57,False,False,False
neutral,negative,0.5876970892136502,This magazine used to be great or maybe my culinary/nutrition knowledge has outgrown it...idk. But after receiving one issue basically being an ad for a new diet i lost interest. Won’t be renewing.,3,Magazine_Subscriptions,33,False,True,False
neutral,positive,0.8246433467680219,I actually really love this magazine and have no complaints abut it but this was a christmas gift to my niece(who loves cooking) and she never got it,3,Magazine_Subscriptions,28,False,True,True
neutral,neutral,0.6047722608636826,Like the story although the books seem way thinner than when I used to get 10 years ago.,3,Magazine_Subscriptions,18,True,True,False
neutral,neutral,0.6643898101307387,Way thinner than average magazine makes you wonder if its the same one on newsstands lots of ads not alot of content. See pic for thickness of book I held it sideways so peopke coukd see how thin it was.,3,Magazine_Subscriptions,40,True,False,False
neutral,negative,0.37423220753701797,Like: I like getting O mag.<br /><br />Dislike: I don't get any samples in magazine and it comes without plastic covering!,3,Magazine_Subscriptions,21,False,False,False
neutral,neutral,0.6515595493496856,"Way too many advertisements.  Not enough reading material or recipes.  I would not renew this magazine.<br />Sorry Eating Well! Hopefully the next magazine or two will change my mind.  If it does,  I will update.",3,Magazine_Subscriptions,35,True,False,False
neutral,negative,0.5771424301514233,"I LOVE the magazine, but hate that I've only received ONE issue since ordering a 1 yr subscription in FEBRUARY and it's almost JUNE.",3,Magazine_Subscriptions,24,False,True,False
neutral,neutral,0.41915458487337426,"Love these, I’ve only received two almost back to back. I’ve never gotten my whole subscription for a magazine before. I was hoping for something different from amazon.",3,Magazine_Subscriptions,28,True,False,True
neutral,negative,0.3480852640465903,Thinner than newsstand version. But still great book pics are amazing update 9/1 issues are always late I didnt even get last issue at all keep blaming covid..but mail is NOT that delayed,3,Magazine_Subscriptions,33,False,True,True
neutral,positive,0.6827589114614765,Im a big decluttering fan and like to check out books/magazine articles/videos on this topic. Real Simple advice actually makes my life more complicated and stressful,3,Magazine_Subscriptions,26,False,False,False
neutral,negative,0.4689980392345983,"Really disappointed in Nat Geo.  Been reading this magazine for nearly 40 years.  I know that times are tough, but it's no longer worth it.  Nothing but adds.  3 articles and hundreds of adds.  Especially love the 7 or 8 30 yr olds used in the Lexus add.  Buy it.  You're snooty enough and so deserve it....really?  What crap.",3,Magazine_Subscriptions,59,False,True,True
neutral,positive,0.4994099624752701,More ads than articles. Love the recipes. Great ideas.,3,Magazine_Subscriptions,9,False,False,False
neutral,neutral,0.706865172534904,Good but expensive after first subscription,3,Magazine_Subscriptions,6,True,True,False
neutral,negative,0.505094146945262,The magazine is excellent.  The only problem is that the May/June issue has not been received. Did they stop publication?  They did have time to send a renewal notice.,3,Magazine_Subscriptions,29,False,False,False
neutral,positive,0.642992876418299,"Our toddler loves this magazine (but she’s an avid reader) but we can’t stand it. We love the racial diversity but neither of us enjoys the stories or reading her to her, and they’re ridiculously varied in age appropriateness. For example, there’s a half story about Kate, who makes a basket for Max and leaves it for him and he catches her (the end) and then there’s a story about friends who split everything “fifty-fifty”—as if my two year old gets percentages—and try to decide what to do with a quarter. I do appreciate the cultural and racial diversity.",3,Magazine_Subscriptions,99,False,True,False
neutral,neutral,0.7612195375691324,"Bought it because I thought I'd like to see what kind of stories, articles they had.. but after comparing price to number of issues,  I cancelled.  I enjoyed some, others not so much. Now I just look for issues at book stands, if articles interest me, I buy, if not, I don't..",3,Magazine_Subscriptions,52,True,True,True
neutral,neutral,0.42619878422153495,Disappointed in the time it took to get my first issue.,3,Magazine_Subscriptions,11,True,False,False
neutral,negative,0.47429281156279474,I did not want to renew this magazine.,3,Magazine_Subscriptions,8,False,False,False
neutral,negative,0.6947613221535172,"The trial subscription period gave me a few interesting articles to read.  The bulk of content was just not relevant to my life and, though well-written, did not really provide any information or  pleasure benefit for the reading time I invested.  The few items that interested me were not enough to justify the weekly addition to my paper recycling.  Also, there did not seem to be any way to  receive the trial as a digital-only subscription to prevent paper pileups.  Access to the New Yorker archive was difficult to use and it was not really possible for me to see if the promoted ""additional content"" was actually useful information additional to the print/digital version.  I will stick with my library database access to get the few New Yorker items that are pertinent to me in the future.",3,Magazine_Subscriptions,137,False,True,False
neutral,negative,0.5279077958911544,"Seemed like a decent magazine with some interesting advice per the reviews.  However, the less than 3 star reviews say it clear - Church agenda is Within!  So, I agree with another reviewer who wrote =  More like Baptist-Libertarian.<br /><br />If it wasn't for the Church heavy agenda, then I'd renew.  At this point, I'm looking for a refund.",3,Magazine_Subscriptions,59,False,False,False
neutral,neutral,0.8989178774082738,"There is good info and some nice articles, but it’s also half adds, and lots of articles seem to be product focused as well. There are articles about how the ads you see are recommended products. Not sure if I’d renew.",3,Magazine_Subscriptions,41,True,True,True
neutral,negative,0.7692464856655826,This is not the Mother Earth News I used to know.  Too many ads and not enough ecology.,3,Magazine_Subscriptions,18,False,False,False
neutral,positive,0.6660502870606358,"I have been reading Wired for most of my life and love what the magazine was at its best: a place to learn about shifts in tech, business, and culture. The last few issues have been almost entirely devoted to COVID. That doesn't make the contents worthless, but the magazine no longer has the uniqueness factor that would keep me reading. I want to grow my understanding of how tech driven culture and business are making the world a more interesting place. I've had my fill of COVID. Please, let's hear about some fun, interesting, and unique things again!",3,Magazine_Subscriptions,99,False,True,True
neutral,negative,0.4157706894499438,I received a gift subscription and enjoyed articles about green companies and Pittsburgh PA innovation but will not buy this for myself,3,Magazine_Subscriptions,22,False,True,True
neutral,negative,0.6121941335518744,only goes til 10 pm guess they think we all go to bed at 10 pm?,3,Magazine_Subscriptions,16,False,False,False
neutral,negative,0.43083303015587415,How do I contact the publisher? I am missing issues.,3,Magazine_Subscriptions,10,False,False,False
neutral,neutral,0.4272285899930787,"We have subscribed to this magazine since it first came on the scene (2001? 2002?), but this will be our last year. We used to really enjoy this magazine's fairly well-rounded contents. The various departments and features have been interesting and the coverage of news was reasonably even-handed it its inclusion of viewpoints from both the right and the left. Not so any longer. Over the past few years, the liberal/progressive agenda has gradually taken over. The remaining token inclusion of the conservative take on events is overshadowed by the preponderance of standard liberal/progressive fare and its weekly cover themes. The bias has become positively blaring. No longer worth its steep subscription price.",3,Magazine_Subscriptions,113,True,True,True
neutral,positive,0.5880270895631852,arrived on time every month. As expected.,3,Magazine_Subscriptions,7,False,False,False
neutral,positive,0.736385589841644,It was a pleasant shopping trip,3,Magazine_Subscriptions,6,False,False,False
neutral,negative,0.6677411471469479,Magazine is too small hardly much to look at,3,Magazine_Subscriptions,9,False,False,False
neutral,negative,0.4861946638758087,"I ordered this magazine for grandchildren.  The first issue came to me, not them.  I checked to make sure that the address was correct and then the second, third and fourth issue came to me.  Each time I wrote, and now I am very frustrated.  It defeats the purpose of the magazine subscription for this continued error.",3,Magazine_Subscriptions,57,False,False,False
neutral,negative,0.5309543084639313,"I've been a subscriber for decades, looking forward to the new inventions especially,  but each year the graphics get e harder to read  (more artsy convoluted) and the articles less in depth or interesting ...maybe because everything is thrown up on the web. It's irritating that it doesn't get delivered regularly, or else someone is stealing it or throwing it into a junk mail pile before it gets to my box.",3,Magazine_Subscriptions,71,False,True,False
neutral,positive,0.4367083512288702,"This used to be a great magazine for guitarists. But it has gotten increasingly filled with articles about dubious players who hit all the checkmarks of PC culture, instead of actual playing merit.",3,Magazine_Subscriptions,33,False,True,False
neutral,negative,0.5002795432484639,but only got one copy I think I paid for more than one copy.<br /><br />Jacqueline Battle,3,Magazine_Subscriptions,17,False,True,False
neutral,positive,0.7257722615080283,Thanks,3,Magazine_Subscriptions,1,False,False,False
neutral,negative,0.5170937897734496,I like a lot of the articles but as others have said you’ll be lucky to get more than a few issues. For awhile I got 2 of each issue now nothing. Website says they are late. On one page on Amazon it has my updated address and on a different page they have my old address.,3,Magazine_Subscriptions,57,False,True,False
neutral,neutral,0.46894819252699393,I can purchase a brand new sub for $5 but my renewal is $15 I don’t think so . .,3,Magazine_Subscriptions,20,True,True,False
neutral,negative,0.6150044420049566,"Ordered a subscription for our 7 year old granddaughter.  She doesn’t like it because she says there are too many words she doesn’t know.  Even though it is suggested for her age group, I would recommend it for slightly older children.",3,Magazine_Subscriptions,41,False,True,False
neutral,negative,0.541252755996599,1st issue not as informative as I had hoped.,3,Magazine_Subscriptions,9,False,False,False
neutral,neutral,0.49828658362084916,These show up two or three at a time rather than monthly. Kinda a bummer,3,Magazine_Subscriptions,15,True,False,False
neutral,positive,0.9755871609667198,my kids love this. they enjoyed it very much,3,Magazine_Subscriptions,9,False,False,False
neutral,negative,0.7388689780193864,Super disappointed to see so many cigarette and vape ads in this magazine. I understand the need for advertising revenue but Dwell can do better.,3,Magazine_Subscriptions,25,False,True,False
neutral,neutral,0.468297617928991,They don’t really supply that big a difference in resceipies they all seem the same very little difference between issues,3,Magazine_Subscriptions,20,True,False,False
neutral,negative,0.39290353275634493,"Used to be monthly, now 6 issues per year.  I guess the magazine business is over.  Too bad this was our favorite.",3,Magazine_Subscriptions,22,False,False,False
neutral,positive,0.7555700243069376,Good magazine,3,Magazine_Subscriptions,2,False,False,False
neutral,positive,0.7356898631362123,Yay I love it ever since I was a child thanks<br />update only recived one so far its been months so sad,3,Magazine_Subscriptions,22,False,False,False
neutral,negative,0.8934451029779749,I absolutely LOVE this magazine - but I signed up and paid for 12 issues a year. However I’m not getting that.... a few issues seem to be missing and that’s disappointing - not sure what to do about that.,3,Magazine_Subscriptions,40,False,True,True
neutral,positive,0.7030427880194242,I love National Geographic so am ordering a subscription for my great granddaughter’s birthday  which is in August.<br />Now I do not understand why they are not able to get this to her until October! I would cancel the gift but felt this was great gift considering the COVID world we live in at this tlme.,3,Magazine_Subscriptions,56,False,True,True
neutral,positive,0.7130093683990405,I did not find as many articles o keep my attention.  My dad always had. The digest and I would usually read it cover to cover,3,Magazine_Subscriptions,26,False,False,False
neutral,negative,0.9074624410840527,"I am so disappointed in what has happened to Vogue. If I am going to take the time to read this once beautiful fashion magazine, I want to see wonderful fashion & not what this magazine indulges themselves with In stories they think are politically correct & are nothing but boring. I will not be renewing my subscription when it runs out. It is sad this magazine is no longer the magazine I looked so forward to receiving every month.",3,Magazine_Subscriptions,80,False,True,True
neutral,negative,0.6732808503082875,"Meh.  Seriously, I expect something more ""wow"" from the Martha Stewart magazine.  I also ordered Better Homes and Gardens, and for my first, summer issues, well BHG was much better.  Too many ads, and not enough substance, Martha.  When this runs out, unless you up your game, I will cancel.",3,Magazine_Subscriptions,50,False,False,False
neutral,negative,0.6936106183632715,Haven’t found anything yet that helps me,3,Magazine_Subscriptions,7,False,True,False
neutral,neutral,0.6142415474329082,pay a lot for getting little,3,Magazine_Subscriptions,6,True,False,False
neutral,negative,0.49510285424111533,This magazine has more advertisement than content. The content that is presented only represents one group of people and that is European Americans. I would love to see more diversity but it was free so I’m not out any money which is the upside.,3,Magazine_Subscriptions,44,False,True,True
neutral,neutral,0.7220687456567313,After waiting six weeks for my first copy to arrive I was a bit disappointed although it may have been the post office fault. Magazine was in a plastic bag and the bottom corner was roughed up. All the pages were crumpled and you have to unfold all the wrinkles to read.<br />It does have some colorful pictures of birds and butterflies and flowers so it’s very nice to look at. The magazine does not have a lot of pages so you’ll get through it rather quickly. However the images are nice enough to look at over and over.,3,Magazine_Subscriptions,99,True,True,False
neutral,neutral,0.3613440929854717,"I’ve subscribed to this magazine religiously over 20 years ago and couldn’t wait for the next issue to arrive in the mail back then. Was full of craftsman ideas, tips & tricks & a lot of how to focusing on the trades. That it seems has all been lost in present day articles. There is not enough content aimed at the craftsman or the trades anymore, and as others mentioned, has turned into how to make your house pretty with very little craftsman content unfortunately. They need to reel that back in to keep subscribers in my opinion is why I haven’t subscribed in years. Even at a great price.<br />I still very much love the show because at least they stick with what was intended from the beginning, how to, home projects and the art of the trades at work.",3,Magazine_Subscriptions,141,True,False,True
neutral,negative,0.47183300750374974,"I like the magazine, but I get it every other month with my 1-year subscription, not monthly, although every issue is per month.",3,Magazine_Subscriptions,23,False,True,False
neutral,negative,0.4823308824774609,I don’t appreciate that  every issue of this magazine  comes wrapped in plastic. I won’t re-order for that reason,3,Magazine_Subscriptions,19,False,False,False
neutral,negative,0.5230412163503234,Grandson doesn't care for it too much is interested in other magazines. Can't figure out how to cancel script,3,Magazine_Subscriptions,19,False,False,False
neutral,positive,0.6449584842371833,Its a mag,3,Magazine_Subscriptions,3,False,False,False
neutral,neutral,0.43849255643990764,Becoming more advertisements and limited copy.<br />Last of my subscription.<br />BTW Amazon is great about adding and unsubscribing magazines.,3,Magazine_Subscriptions,19,True,False,False
neutral,negative,0.9489541290537495,I got one single issue.<br />Nothing after that. No word from the issuer or from Amazon and I have nowhere to make an inquiry. Wtf... waste of money.,3,Magazine_Subscriptions,28,False,False,False
neutral,neutral,0.5803946490133212,"It had been awhile since I had print copies of magazines delivered so I decided to get several subscriptions again to various magazines.<br /><br />I have to say that I was very disappointed in the lack of interesting content and the shear number of advertisements in the magazine. I get that print copies are having such a hard time due to the digital age being here, subscriptions are down etc... So, I would imagine that this magazine needs the ad revenue to stay afloat. But it still saddens me that I have to feast on so much garbage to get to the few chewy and tasty morsels of car information.<br /><br />Perhaps if they tried harder to engage their readership in some sort of way, that might help bring back more subscribers. Or, putting some sort of unique and really worthwhile offer in each subscription, that can only be found in the print subscription. I do not have the answer, just trying to think outside the box a little.",3,Magazine_Subscriptions,169,True,True,False
neutral,neutral,0.5043066348850653,I was remembering the Mother Earth News from the 70’s. It’s a lot different now. More technical. I’am disappointed. When my subscription is up I won’t be renewing it. I guess I should have remembered “Nothing is as simple or as easy as it used to be.”,3,Magazine_Subscriptions,47,True,False,False
neutral,negative,0.6410600871304305,Better than the others but  content still was boring,3,Magazine_Subscriptions,9,False,True,False
neutral,neutral,0.63290440755509,"Seems like they lean towards different manufactures a little more, even when they're not as good as other's. Had a few products that they commented negative about and I couldn't personally justify the reasons...",3,Magazine_Subscriptions,34,True,False,True
neutral,positive,0.8233520106176411,I love the quick blurbs on what’s going on in entertainment and the bulls eye is a great read every week.<br />The negatives to me are the interviews aren’t very information and they don’t really cover music at all,3,Magazine_Subscriptions,39,False,False,False
neutral,negative,0.605519693984679,Not much stuff for men despite the images on the covers.,3,Magazine_Subscriptions,11,False,False,False
neutral,negative,0.5456128586506228,"For a while I could read the New Yorker on my Kindle Fire, but font-size, font and background color, pagination, and graphics were all problematic. For example, I could not get readable sized white font on black background, nor could I read the cartoons without mastering special tricks. Then things gradually smoothed out. If I tapped the screen in the right place and the right rhythm, I could get readable font. In a different mode, I could magic-tap the cartoons and get a readable display. Lately, there seem to be three major modes: microscopic unreadable, but easily scrollable; medium-size, still to small for comfortable reading, sort of scrollable; and large, readable -- even the cartoons -- but not scrollable. I wonder what's going on.",3,Magazine_Subscriptions,124,False,True,False
neutral,neutral,0.5792599256091778,This book is a laugh it not what I excepted not enough for kids to even get intersted,3,Magazine_Subscriptions,18,True,False,False
neutral,positive,0.4729605569273584,Lamb magazine,3,Magazine_Subscriptions,2,False,False,False
neutral,negative,0.402437917656737,Nice but way overpriced!!,3,Magazine_Subscriptions,4,False,True,False
neutral,neutral,0.6284320084437708,"This magazine has gone downhill over the years. The industry is changing, which is parti of the reason. However, I am not excited about their content anymore;, the patterns are so-so.",3,Magazine_Subscriptions,31,True,False,False
neutral,neutral,0.6854492568667707,"I’m a diy guy. I like handyman and this old house. The is is a girly craft magazine. It is decent, but I’ll not renew. My wife is ok with it.",3,Magazine_Subscriptions,31,True,True,False
neutral,negative,0.5892632078661755,"The whole issue was devoted to only black lives matter.  I feel like they are saying white lives dont matter!  It did not use to be this way, i always enjoyed it before, but may cancel now that its gone to blacks only.  Disappointed.",3,Magazine_Subscriptions,44,False,True,True
neutral,negative,0.637312582020642,Not very pleased ordered a Year's subscription in May it's now the end of August and have only received one,3,Magazine_Subscriptions,20,False,False,False
neutral,negative,0.5946458110886917,"It was great to give this as a gift, but Amazon makes it impossible to figure out how to Stop the auto subscription.<br />It gives you a choice of renewing or canceling the existing subscription too early<br />Then it sends you into a loop trying to get help.<br />Still can’t find how to to stop the subscription from renewal",3,Magazine_Subscriptions,59,False,True,False
neutral,positive,0.96281262734503,This use to be one of my favorite magazines.  :(,3,Magazine_Subscriptions,10,False,False,False
neutral,positive,0.6213711394486087,"We like the  ""Car and Driver"" but we have been receiving 2 copies -one addressed to me (Rosemary Wright) and my husband also<br /> Joseph S. Wright at the same address.  Help!",3,Magazine_Subscriptions,32,False,True,False
neutral,negative,0.5868106625525655,Disappointed with content,3,Magazine_Subscriptions,3,False,False,False
neutral,negative,0.954438375952728,Not received the magazine since February<br />I paid  39.00 on December 20. 2019. It supposed 1  year or 2 years  subscription.,3,Magazine_Subscriptions,21,False,False,False
neutral,neutral,0.8010096791836474,"Usually good/interesting articles and stories. Usually good or reasonable lifestyle reviews about cars, clothes, sports, etc but no $100 T-shirts  or $80 socks. However last issue received in mail was May/June issue. They had double issues when they started and subscription was $8/year. Would do 5 stars even if they just sent an email explaining why no more print issues even though other magazines are on newsstands.",3,Magazine_Subscriptions,67,True,True,True
neutral,neutral,0.6792374815198678,I really don't find anything interesting to read.,3,Magazine_Subscriptions,8,True,False,False
neutral,neutral,0.5783143353300152,"Boating Magazine was a stalwart publication for boaters. Now, with reduced format and offerings, a major shift to more ads and the departure of renown electronics columnist Ken Englert, no reason to subscribe.",3,Magazine_Subscriptions,33,True,False,False
neutral,neutral,0.4863233938432524,We only received 1 so far and it cost a lot of money! I should have just bought special editions at my safeway. Didn’t know husband bought this. I will not!!!!,3,Magazine_Subscriptions,31,True,False,False
neutral,neutral,0.5081086766127074,"It comes quarterly, and is much shorter than I had anticipated.  Maybe twelve pages, and it is always late.",3,Magazine_Subscriptions,19,True,False,False
neutral,neutral,0.6780421439050023,I haven't subscribed to magazines for many years so thought I'd try a few specials. I found current mags are about 1/3 to 1/2 thinner than the old school ones and mostly ads though the pictures are still beautiful but no stories and few articles even with the pictures. I won't be renewing.,3,Magazine_Subscriptions,53,True,True,False
neutral,negative,0.640689648440249,Just get it online,3,Magazine_Subscriptions,4,False,False,False
neutral,negative,0.5705403714103906,I like the magazine when I receive a copy in the mail. Haven't received any more than one! Cancelling now!,3,Magazine_Subscriptions,20,False,False,False
neutral,neutral,0.560978707184393,"I got this subscription for collage materials. I've been on a vision board kick and Mindful Magazine has some great artwork and text designs to cut out. But the magazine is mostly ads and every magazine has the exact same ads. And outside of articles featuring unique interviews, the stories tend to be regurgitated every issue.",3,Magazine_Subscriptions,56,True,True,False
neutral,neutral,0.7446021742562653,"Sadly, print publications such as Car and Driver are mere shells of their former selves. I guess that’s why you can get a year subscription for $5. Death gasps.....",3,Magazine_Subscriptions,29,True,False,False
neutral,negative,0.5209513790869879,"What's the point ,they already got the money",3,Magazine_Subscriptions,8,False,False,False
neutral,neutral,0.649369305354505,"Was excited to subscribe to tjis magazine, a bit disappointed, its missing some color ,tradition,And some excitement from those decades in time!...",3,Magazine_Subscriptions,22,True,False,False
neutral,neutral,0.38554836397585934,I bought this for my brother who loves science fiction.  He said there were more stories he didn't like than there were of ones he did like.  I won't renew because of his reaction to the magazine.,3,Magazine_Subscriptions,37,True,False,False
neutral,neutral,0.405817473320566,Is this a monthly subscription for a year? Why don’t I know that. I get the feeling the contentIs lacking maybe due to the virus. I will subscribe again if it is a monthly subscription for a year.,3,Magazine_Subscriptions,38,True,False,False
neutral,neutral,0.5948275531185963,Great price but man you best be very patient or find a newsstand meantime. Takes a few months ... I guess... I’m still waiting for the first issue,3,Magazine_Subscriptions,28,True,True,False
neutral,negative,0.8088712101543034,have received my second copy now for renewal.  I paid for one year and have only received two damaged copies.  Sad as I have been a Nat'l Geo client in the past and always excellent copies.  guess this is just a sign of the times.,3,Magazine_Subscriptions,45,False,False,True
neutral,neutral,0.7244745152074935,Only one maybe two articles -  mainly adds.,3,Magazine_Subscriptions,8,True,False,False
neutral,neutral,0.6350356986521917,I'm  always happy if I get at least one recipe  out of a magazine that I can use.  lately the recipes<br />haven't been to my liking.,3,Magazine_Subscriptions,26,True,False,False
neutral,neutral,0.3780232753896061,subscription started before current subscription was over. but for $5 i'm not complaining,3,Magazine_Subscriptions,13,True,True,False
neutral,negative,0.6461108028587502,Not much in the magazine.  Thought there would be more information.,3,Magazine_Subscriptions,11,False,False,False
neutral,neutral,0.5411696691255989,Print is very small.,3,Magazine_Subscriptions,4,True,False,False
neutral,negative,0.5570029257941875,"I have received Cook’s Illustrated for many years. When it’s editor moved on to Milk Street Magazine, I renewed my subscription thinking it would continue on in pretty much the same way.  I just went thru one issue and found nearly nothing that I could use.  Weird ingredients, dishes I’d never heard of....Some of it I can handle but lately it’s been completely unuseable.",3,Magazine_Subscriptions,64,False,True,False
neutral,neutral,0.6406060108100459,So many adds,3,Magazine_Subscriptions,3,True,False,False
neutral,neutral,0.5457526871527408,Mostly ads.,3,Magazine_Subscriptions,2,True,False,False
neutral,negative,0.45907241620047706,I loved Birds & Blooms in the past when the magazine came out printed on the quality paper.  I haven't seen one for years since my mother who is the one who ordered them passed away  The pictures seemed to just jump out at you. I decided to order a year subscription for my boyfriend and I both appreciate flowers and birds.  I was highly disappointed when I received  my first copy.  Quality gone and all the ads!,3,Magazine_Subscriptions,78,False,False,True
neutral,neutral,0.8729228791083549,"This is an okay magazine, it’s pretty skimpy though.",3,Magazine_Subscriptions,9,True,False,False
neutral,positive,0.7702558369910346,The magazine is slightly torn in places. Very surprised no plastic or paper wrapping of product. Love the cat information in the magazine itself and shows new products for cats as well.,3,Magazine_Subscriptions,32,False,False,True
neutral,neutral,0.6845003787425089,Interesting but not what I thought it would be,3,Magazine_Subscriptions,9,True,True,False
neutral,neutral,0.6612234972401569,Not quite what I was thinking,3,Magazine_Subscriptions,6,True,False,False
neutral,positive,0.874166818785858,I love this magazine.  It is my favorite.  The recipes are the best.  Everything is very well explained and imaginative.  Very inspiring.  I’m giving it 3 star because I never agreed to an auto debit to my checking account.,3,Magazine_Subscriptions,39,False,False,True
neutral,neutral,0.5590430724633957,"price was right I guess, articles just the right length for a short stay in the little room",3,Magazine_Subscriptions,18,True,False,False
neutral,negative,0.3823798094057466,"I was expecting more editorial, and articles.  It's mostly photos submitted by readers, along with details about what camera they used to take the picture.  TBH, I get more information from a Burpee catalog, or promotional email.",3,Magazine_Subscriptions,37,False,False,False
neutral,negative,0.7061978357317138,"My three year subscription is being reduced?  What? That's what title above says....Paid for it in July. Just called in on 20th of September to find out when my 3-yr. Subscription will start?  Also 3-books in the offer.  Was told my first issue is coming in December!?  Really?? Books arrive 3-4 weeks AFTER first issue is sent.  What's the deal?  My check whizzed through the bank though.... very frustrated.  Not impressed so far. Too big of a delay. I should be getting Sept./Oct issue. It's Fall for Pete's sake. Again, my money was good and account start date July 29. Expiration date Oct. 2023.  Ah, don't get that math either.",3,Magazine_Subscriptions,110,False,False,True
neutral,neutral,0.6751656453697298,"Mostly ads, and not much to enjoy.  At least I finish them quickly.",3,Magazine_Subscriptions,13,True,False,False
neutral,negative,0.3978364692666584,"I used to love Real Simple magazine. I'm 66, divorced, and it just doesn't apply to my life anymore.  I don't have grandkids and my son's are in their 30's.  I also don't have the $$$ for redecorating, or to even have a desire to try new ideas because of costs.  It's not for me anymore.",3,Magazine_Subscriptions,56,False,False,True
neutral,negative,0.4215566471327263,"Some excellent in-depth articles about interesting people and topics, but also lots of anti-white racism, anti-male sexism, and leftist political propaganda. The quality of the publication has been steadily declining, as the focus has shifted from discussing technology to promoting racism, sexism, and leftist social engineering.",3,Magazine_Subscriptions,46,False,True,False
neutral,neutral,0.37569572369022125,Way to liberal to enjoy. Should stick with its purpose of exploring music,3,Magazine_Subscriptions,13,True,False,False
neutral,positive,0.4178258355398832,"If you like your tech coming through a political lens, you'll love this. I prefer tech for its own sake, when possible, and it seems there's less and less of that and more cultural commentary leaning in a leftward direction in each issue.",3,Magazine_Subscriptions,43,False,False,False
neutral,neutral,0.4719284054500346,"I suscribed to Smithsonian for quite a long time, then let it drop when I moved and  had less time to read.  Now I have picked it up again and find the format good but the paper, covers and photography has become rather tacky.  Why?  Higher postage rates?  More being read on line?",3,Magazine_Subscriptions,53,True,True,False
neutral,negative,0.6045679030972089,I got my first edition of this magazine. It certainly has a lot of advertisements! Some articles I can enjoy...some I can't. I do not like that it automatically renews (at full price?).,3,Magazine_Subscriptions,33,False,False,False
neutral,negative,0.6664333423917346,It's not what I want,3,Magazine_Subscriptions,5,False,False,False
neutral,neutral,0.8033356287554471,Like most magazines the ads are most of the magazines. I will not be renewing it,3,Magazine_Subscriptions,16,True,False,False
neutral,negative,0.6409192475497916,"Ordered this as a gift.  Sent an inquiry as to why the magazine had not been delivered for a few weeks despite it being a year long (52 weeks) subscription.  I haven't heard anything regarding the subscription.  Ordered in April...started delivering in May and stopped in September.  Given the cost, very disappointed.  Edited to update...the recipient received 3 magazines at one time.  Not sure where the delay was but the service has resumed.  Will update again if there are any additional issues.  Did not give a 5 star because it is very difficult to find out what the status is.  I did not receive any info despite two attempts at contact.",3,Magazine_Subscriptions,111,False,True,False
neutral,negative,0.7719972648957979,I don’t know why I ordered this magazine.  I never really see any recipes I’m interested in trying.  Oh well.  N,3,Magazine_Subscriptions,21,False,False,False
neutral,negative,0.49178168774200776,"The content provided by The Economist was quite good, and I don't think many dispute that. The process for cancelling is insane, though. They make it appear quite easy to do so at the outset, and even bait you into subscribing by stating that you can cancel anytime (which should be the case in 2020). However, you are required to call and speak to a representative about ""other options"". After trying to cancel, I can confidently say that whatever numbers they promote about how large their readership is, these are inflated by the cumbersome cancellation process... I suspect that many give up and thus remain 'readers' forever.",3,Magazine_Subscriptions,107,False,False,False
neutral,negative,0.7783359280246043,"At one point I was paying for seven gift subscriptions a year.  But every year they would start telling me it was time to renew months in advance and they would screw up the billing and payment.  Accessing your account online has gotten better but they are nowhere near as clear as Amazon is about keeping up with subscriptions and you don't have the option to cancel online.  I tried just letting the orders expire but they would send me letters thanking me for new subscriptions I hadn't made and saying they were extending the subscriptions ""on credit"".  They also charge a steep price for online access with no discount for people who also have print subscriptions.<br /><br />If you subscribe through Amazon, you might not have all of those problems but I've decided to just go with online access.",3,Magazine_Subscriptions,140,False,True,False
neutral,negative,0.5736893500161143,"I've always love this magazine, but I'm disappointed that they ran the same article two years apart.  I just happened to find an old copy from October 2018 and discovered the article titled ""California's New Gold Coast"" (page 48), which I had just read in the Fall 2020 issue (page 50).  There was no notation in the 2020 issue saying that the article was previously seen in an earlier issue.  That is questionable behavior, especially considering this magazine is expensive.  All it would have taken was a notation saying that it was run before.  Not noting it seems like they are hoping no one notices they are recycling articles.  Otherwise, it has interesting articles and beautiful photos.",3,Magazine_Subscriptions,117,False,True,True
neutral,negative,0.5812866320988196,"Pretty good magazine, but getting political so I canceled my multi year subscription.<br />Oh, and spoiler alert: In the BMW vs. Mercedes theme that seems to be in every issue, the Porsche wins. Every. Single. Time.<br />Oh, and apparently every car they review that costs half as much as a house has a disappointing ""infotainment"" screen/system. At  least the reviewers got past the cupholder mania that seemed to be the most important thing in a review.",3,Magazine_Subscriptions,76,False,True,True
neutral,positive,0.782327647400251,Some useful tips,3,Magazine_Subscriptions,3,False,False,False
neutral,negative,0.6823409593053196,"We have had a description for years for our boys and girls. Perhaps there has been an editorial change or staff changes. We have noticed however a change in the articles as of late. Lets about sports and what the athletes do and more about their causes and the sides of athletes we dont really want our young kids know about so much. Just sports. Would love to see some role models from other sports and maybe some historical things in sports  -- how games were played or developed (basketball, baseball,etc>), National Negro League, Lacrosse, international sports, etc.",3,Magazine_Subscriptions,98,False,True,False
neutral,positive,0.8530956940880682,Signed up for this because it was such a great deal and I absolutely love the Food Network. I received my first copy pretty fast but since then nothing. I’ve seen the fall edition in the store for weeks now and I yet to receive my copy.,3,Magazine_Subscriptions,47,False,True,False
neutral,positive,0.917316297882449,"Love this magazine, and the subscription started delivering ahead of the promised time! My only slight complaint is the magazine is much less substantial than it used to be as far as the number of articles. That might be due to Covid-19, but the articles that it has are still excellent!!",3,Magazine_Subscriptions,51,False,True,False
neutral,neutral,0.6208865373099851,I've only received one issue which didn't meet my expectations... Many ads and less copy (stories and articles) than I thought would be included.<br /><br />I will update my review after a couple more issues if my opinion changes.,3,Magazine_Subscriptions,39,True,False,False
neutral,negative,0.6998181245865362,Too many advertisements.  I don’t want to receive anymore magazines. I don’t recall ordering this magazine in the first place. If I did it was not intentional,3,Magazine_Subscriptions,27,False,False,False
neutral,neutral,0.5255554286863552,"OK, but not enough late model content.",3,Magazine_Subscriptions,7,True,True,False
neutral,negative,0.7552638661320306,Only comes four times a year and is not better than it was when it came monthly. It is hit and miss anymore no matter when it comes.<br />I hate canceling it but just not worth the wait.,3,Magazine_Subscriptions,38,False,True,False
neutral,negative,0.507636409508677,"Mostly ads, not much substance",3,Magazine_Subscriptions,5,False,False,False
neutral,negative,0.601665437210085,"To Magnolia Journal Disappointing!<br />Deisappointing! I've only received one issue and am told that the next issue is running late. They don't seem to have their act together. The magazine's content was not substantial, offering practically no How To value.  M.S. Living and most Home Maker magazines are far more substantial for the money. I won't be renewing this subscription.",3,Magazine_Subscriptions,60,False,False,False
neutral,neutral,0.7924331907377276,"While I like the magazine, upset that it took five months for the first issue to arrive.",3,Magazine_Subscriptions,17,True,True,False
neutral,neutral,0.38251998120914843,New format . Its ok,3,Magazine_Subscriptions,5,True,False,False
neutral,negative,0.49493185485107727,Not what I wanted but is interesting. Wanted more how to write mystery,3,Magazine_Subscriptions,13,False,True,False
neutral,negative,0.772731744688842,I was disappointed as there is not much content to the issues,3,Magazine_Subscriptions,12,False,False,False
neutral,negative,0.562376046006984,"I just got the Nov. /Dec. issue.  There wasn't a single holiday decorating article!!!  I waited patiently for this magazine hoping to get some ideas for my holiday home decor.  Instead, the entire magazine is devoted to stuffy antiques and wallpaper.  But I admit that some of decor in the featured older homes is straight out of an English fantasy.  Some of the rooms would be appropriate for a castle.  But not an American new build.",3,Magazine_Subscriptions,76,False,True,False
neutral,negative,0.6388539558776429,"I got a deal and signed up for a subscription. I'm a science nerd and thought it would be interesting but it wasn't. It's well done with interesting graphics, but the choice of topics wasn't compelling. I didn't make it through a single issue.",3,Magazine_Subscriptions,44,False,True,False
neutral,neutral,0.5412409394123432,"Magazine arrives, and I eagerly open it.  A little thin, I think, and then I have to read all the (too many) ads and plant the nut bearing bushes and  trees and keep it up for a few seasons to get the results I hope everyone wants. I was hoping to learn more.",3,Magazine_Subscriptions,53,True,False,False
neutral,neutral,0.7081936928117559,Lots of ads. Nice to have a magazine I can touch since none of the dr offices have them. I can take and stay off my phone.,3,Magazine_Subscriptions,27,True,False,False
neutral,negative,0.3959998972735174,"This is a small, almost flimsy, paper devoted almost exclusively to professional sports.  I write this Oct. 30, 2020 and ths far I have found usually one page, rarely two, about college football, basketball or even baseball.  If like me you are a college fan, you will join me is wishing you had purchased something else.",3,Magazine_Subscriptions,56,False,False,False
neutral,neutral,0.4784566695219103,"It's a good magazine, but it's more of a crafty/ decorating magazine, not the DIY/homeowner magazine I expected it to be. If you're into painting, papering, and occasionally building something, it's great. Not a ""home fix-it guy"" mag.",3,Magazine_Subscriptions,38,True,True,True
neutral,neutral,0.6363560691713107,"much smaller and thinner, not much to it.  i enjoy it, but its not the same",3,Magazine_Subscriptions,16,True,True,True
neutral,neutral,0.4904866809150198,I wish she had more information,3,Magazine_Subscriptions,6,True,False,False
neutral,negative,0.8625522999560968,I was not expecting such CHEAP PAPER,3,Magazine_Subscriptions,7,False,False,False
neutral,neutral,0.572974456086092,"I am a DYI  person....a ""Jack-of-all-trades-master-of-none"" kind of DIY person.  I found that this magazine is just average for the regular DIY person.  Maybe it's better for a beginner or intermediate DIY person....but not my type of print material.  I did go online to find a pattern for a specific Christmas ornament, and then I got slammed with emails and emails of crafts and ideas and such....again, for someone else, not me.  [Just BEWARE of getting online with the magazine!]  I will not be renewing the magazine after the year subscription, and I will need to pay attention to the renewal time, or it may catch me off-guard.",3,Magazine_Subscriptions,108,True,False,False
neutral,negative,0.4494422139271114,Grid is difficult,3,Magazine_Subscriptions,3,False,False,False
neutral,negative,0.6872033707353443,"Two issues in, I’m disappointed in this DIY magazine. I just noticed that this is a Better Homes & Gardens publication and that would perhaps have hinted to me what it provides for ‘DIY.’<br /><br />The first issue was okay—from it I found the courage to paint my fireplace. I went with a dark color and it looks great—the designer urged us to ‘go for it’ even if we were hesitant, which really I was doing that before I ordered this DIY magazine. But, seeing the fireplace ‘makeover’ I was more inspired to do mine. There were maybe one or two other things I found interesting, even if not my style.<br /><br />But the second issue is even more ‘frou-frou’ and again nothing is to my style or taste. Not only that, the ‘DIY’ was too much beads, and these ugly patterns, and other decoration ideas that I’d never in a million years use in my house.<br /><br />Further, there is not enough DIY to call this DIY, at least for me. I was hoping this magazine would have projects that I could do and with instruction on how to do them, not some designer or blogger showing what they already did to their house—if I wanted that, I’d buy a different kind of magazine geared towards home beautiful type stuff.<br /><br />So this magazine is nothing that I expected and that’s disappointing. I wish now I’d not renewed after these two sample issues. I won’t be renewing after those are done unless the subsequent issues have projects or ideas that I can identify with or use or to inspire me.<br /><br />Thanks for reading.",3,Magazine_Subscriptions,275,False,False,False
neutral,negative,0.6838986202917094,"We ordered this in January as a gift for our daughter. We received one issue initially, which my daughter enjoyed, but nothing since. The subscription was to include 4 issues. I’ve never gotten a response to my inquiries and have given up.<br />We are disappointed and do not plan to renew not so we recommend.",3,Magazine_Subscriptions,55,False,True,False
neutral,negative,0.6293975218294527,(Dislike) it start at 7pm only. Not am.,3,Magazine_Subscriptions,8,False,False,False
neutral,negative,0.48788919849567686,What I dislike about the subscription is that it has a little to much ads and they are sometimes late with the monthly book. I hope you can fix these problems! For now I will sadly have to rate it a 3.,3,Magazine_Subscriptions,42,False,False,False
neutral,neutral,0.45824915361198754,Wasn’t my old popular mechanics but still fun to receive and read paper!,3,Magazine_Subscriptions,13,True,True,False
neutral,neutral,0.5331672978654265,I have only received one issue with Cary Grant on the cover.  The issue was several weeks old and I had already purchased it.  I have not received another issue as of 11/6/20.,3,Magazine_Subscriptions,33,True,False,False
neutral,positive,0.7212244687577954,"I've been reading Wired for years and I used to yell from the rooftops about how amazing it is. However, it's been on a steady decline for the last year or two. Far too much social / political content, much of it far-left. What happened to the deep-dive articles on tech that made this magazine so great . . .?",3,Magazine_Subscriptions,60,False,False,False
neutral,positive,0.398601070879077,"It's very nice & a bargain, if you want an all cooking magazine.  However, I didn't...I thought this was the Southern Living Magazine about Interior Design. But if you want recipes & food, I could suggest this one. Value.",3,Magazine_Subscriptions,39,False,True,False
neutral,negative,0.9202308092575804,Ordered it two month ago and not supposed to get it for another month.  Pay your money and take your chances I guess,3,Magazine_Subscriptions,23,False,False,False
neutral,negative,0.8914728842056601,"I purchased a one-year subscription for my mom. She seemed to enjoy the magazine. When renewal time came around, I didn't receive any notice that my credit card would be charged again. By the time I noticed the charge on my statement, the date had passed by several months. I sent an email to their customer service department asking how to cancel and the reply stated that service would continue until my next expiration date in 5 months. I replied asking if I had an account that I could access so that I could set up the account to not renew automatically. This time the representative offered to cancel my subscription and give me a refund for the remaining issues. I am grateful for the refund; however, I don't appreciate my credit card being automatically charged or being misled about their cancellation policies.",3,Magazine_Subscriptions,143,False,False,True
neutral,negative,0.8253065808335787,More ads than articles.  I am disappointed.,3,Magazine_Subscriptions,7,False,False,False
neutral,negative,0.47961905815502587,"Eh. Magazine has great content when there aren’t ads getting in the way. Yeah, I realize it’s a magazine, but with the amount of ads the magazine should be nearly free for anyone buying it.",3,Magazine_Subscriptions,35,False,True,False
neutral,negative,0.523273325573435,This was first time I ordered magazine via Amazon. I was surprised the subscription activated faster than expected. However I didn't like that the subscription sent an August/September issue in November. It appeared that they were dumping an old issue on a new subscriber. The magazine is only published every other month (2 month issues) so by doubling up on the first mailing they burned up 4 months of articles at once. This is not cool!,3,Magazine_Subscriptions,76,False,True,False
neutral,negative,0.4848193836276247,I wish they didn't have ads in the kids version.,3,Magazine_Subscriptions,10,False,False,False
neutral,neutral,0.5570644692075069,"Quit printing copy, digital only.",3,Magazine_Subscriptions,5,True,False,False
neutral,negative,0.36937732365129583,"I have subscribed to The New Yorker for years. I enjoy the print magazine and the New Yorker app, but find the Kindle version almost impossible to navigate and read, especially on a small device. This and my other subscription are eating space in my Kindle library to no purpose. Plan to let both lapse and start over, dealing directly with the publishers.",3,Magazine_Subscriptions,63,False,True,True
neutral,neutral,0.5898537782373084,"I like the pictures and a few of the recipes in Cooking Light magazine. I didn't realize that it is now a ""front""  for their own weight loss product and  system. I didn't buy it for that.. I am not sure I will renew when the year is over... it used to be different.",3,Magazine_Subscriptions,54,True,False,False
neutral,positive,0.5894023188734,"Three issues came all once, lots to read<br />quick.  Price good only paid $10.",3,Magazine_Subscriptions,14,False,False,False
neutral,positive,0.7761869676230055,Informative to readers.,3,Magazine_Subscriptions,3,False,False,False
neutral,neutral,0.49363304657848234,"I've read this magazine for over 20 years. When I was young, there were many articles about places to go and things to do that an ordinary but adventurous person could use.  That is no longer the case, as the publication seems to be focused on more exotic (and expensive) travel.  I kept hoping to see if there might be a return to more reasonable travel, especially senior-friendly, but things seem to be going in the opposite direction.  I dropped my subscription earlier this year.  Sad.",3,Magazine_Subscriptions,86,True,True,False
neutral,negative,0.810793918182903,"I love the country sampler magazine so I wanted to try this one.  I went though it in about 10 minutes, it’s so full of ads and not much content.  I won’t be ordering this one again.",3,Magazine_Subscriptions,37,False,True,True
neutral,negative,0.6623307248218983,I love this magazine but the reason I’m only giving 3 stars is babe cause I haven’t received one in MONTHS. It constantly says “running late” and there is no way for me to get any answers. I will not be renewing through amazing again.,3,Magazine_Subscriptions,45,False,True,True
neutral,neutral,0.7844424935733975,Too EXPENSIVE,3,Magazine_Subscriptions,2,True,False,False
neutral,negative,0.5173745435877463,Very thin magazine for the money.,3,Magazine_Subscriptions,6,False,False,False
neutral,negative,0.8783330456715869,unrealistic for real families<br />Will not buy again,3,Magazine_Subscriptions,8,False,False,False
neutral,positive,0.5353846037519706,"I do like the magazine, it was just my order was supper late",3,Magazine_Subscriptions,13,False,False,False
neutral,negative,0.7000810428035878,"Quarter million dollar turntables.  Mono block amps costing twice as much as my car.  Paragraph after paragraph in which I understand most of the words but have no idea what they mean.  I wish I were the target audience for this mag, but sadly I'm not.",3,Magazine_Subscriptions,46,False,True,False
neutral,negative,0.4177520147201052,"Magazine may be good, but I have yet to receive it either of the two times I have ordered it.  It always cancels on its own.",3,Magazine_Subscriptions,26,False,True,False
neutral,positive,0.4729605569273584,magazine is  grainy,3,Magazine_Subscriptions,3,False,False,False
neutral,neutral,0.5262715434653961,"This is an attractive magazine, but it doesn't apply to me. Most of the recipes have ingredients that I've never heard of or tasted. The grocery stores here in northern Michigan usually have never heard of some of the ingredients either.  I was hoping to see more articles about wine, but there are very few.  I'd like to know about wineries, and how wine is made and about wine contests around the  country and what wines won at the contests and about the different grapes that are used in making wine and which ones grow best where in our country, etc. but the articles I've been seeing haven't interested me. I won't be renewing my subscription.",3,Magazine_Subscriptions,116,True,True,True
neutral,negative,0.5412504173742126,"NOT AS GOOD AS IT USED TO BE,<br />BUT THEN, NEITHER AM I.",3,Magazine_Subscriptions,13,False,False,True
neutral,negative,0.6273683343246951,Ordered in August got first issue in November.,3,Magazine_Subscriptions,8,False,False,False
neutral,neutral,0.606608802038541,"Doesn't have the robust content I was hoping for and the layout is a little busy for me and my 9 year old to look at, other than that its what I expected.",3,Magazine_Subscriptions,33,True,False,False
neutral,neutral,0.4601447176440171,I do not like the fact that schedule doesn’t start till 7pm. It was better when it was small and had information for the whole day.,3,Magazine_Subscriptions,26,True,False,False
neutral,positive,0.49798963461182205,"My bub loves this magazine! He loves the little facts, the photos of animals, and it really helps him with learning to read. However, the auto-renewal is an ABSOLUTE PAIN IN THE BUTT. I hated the surprise. I was blind sided by a higher cost than the previous year, and they were like ""haha we can't do anything."" But alas, my kid likes them. I'd be very mindful when purchasing to ensure you aren't surprised by random $30 charges for tiny animal magazines.",3,Magazine_Subscriptions,83,False,True,False
neutral,negative,0.7233379011493883,"This magazine has slipped from what it used to be, definitely not going to renew.",3,Magazine_Subscriptions,15,False,False,False
neutral,negative,0.48951078670366394,Disappointed with the magazine.  Expected more content.,3,Magazine_Subscriptions,7,False,False,False
neutral,neutral,0.5958214551267252,"Loved it as a kid, buy was disappointed after buying this. The content is good but the paper quality is pretty bad, you won't feel like holding and reading it.",3,Magazine_Subscriptions,30,True,True,True
neutral,neutral,0.6816029983007745,"Ok on the down side, this is not really in your traditional “magazine” form like you see in their picture. It’s more like a newspaper. So if you want the nice looking shiny magazine you can forget that. Plus side there’s a lot of info.",3,Magazine_Subscriptions,45,True,False,False
neutral,neutral,0.5126733496706128,Not as good a magazine as it was a number of years ago.,3,Magazine_Subscriptions,13,True,False,True
neutral,neutral,0.5549648507168543,"I wasn’t a philosophy major, but I like philosophy. This magazine wasn’t what I expected, it was way above my threshold for reading that was outside my area of expertise. It actually bored me to death. I really wish I would’ve just bought one Magazine, as I would never have ordered a year subscription otherwise. If I put this on my coffee table at my office, my clients are going to think I am whacked.<br />I really did want to read it, but I got through half of it, it was all about one person, and then I got so bored I threw it out.<br />I must say I’m a math girl, a business girl and I like reading things about other people and learning all about opinions of the world and philosophy, but this just didn’t get it for me LOL.<br />You may love it, but I certainly didn’t, but don’t take my word for it. I love math and you probably don’t.",3,Magazine_Subscriptions,164,True,True,True
neutral,positive,0.49579921954294337,"Use to get this magazine in the 80's, with a novel and two short stories plus several info articles. A lot of good<br />ideas, arts and crafts and decorating ideas.  Todays magazine does not even come close.  I am very disappointed.",3,Magazine_Subscriptions,41,False,False,False
neutral,neutral,0.5569591610912615,Have only received 1 issue.  They do not come timely.  The magazine itself is cute but thought it would have more content in it.,3,Magazine_Subscriptions,24,True,True,False
neutral,neutral,0.5836158342962678,"I have subscribed to Cooks Illsutrated for years but found that when Christopher Kimball left the whole magazine seemed to be going downhill so I was excited to receive my first issue of Milk Street. I found the recipes didn't really ""sing"" but I will see what the second issue brings. The magazine reminds me more of the old Gourmet magazine which was more about travel than food when you came down to it.",3,Magazine_Subscriptions,74,True,True,False
neutral,negative,0.6260841190023585,Their articles just keep the ads from running together.  Not much useful content in the mag anymore.,3,Magazine_Subscriptions,17,False,False,False
neutral,neutral,0.47455934226283386,It was simple but I think it wasn't quite what I was looking for in a magazine.,3,Magazine_Subscriptions,17,True,True,False
neutral,negative,0.6146575466852509,"I used to buy this mag all the time.  It's been a while. Didn't realize how Vogue/haute couture it has become. If I had, I wouldn't have subscribed to it.",3,Magazine_Subscriptions,30,False,False,False
neutral,neutral,0.47154925711715473,"I usually consume most things in a digital format, but not magazines. I really like to have those in physical form, and not providing that really lowers the value of the product for me.",3,Magazine_Subscriptions,34,True,True,False
neutral,negative,0.8485240922602513,"Sorry, but it's boring.not my kind of magazine.",3,Magazine_Subscriptions,8,False,True,False
neutral,neutral,0.8654553018513952,Okay magazine but more ads than articles,3,Magazine_Subscriptions,7,True,True,False
neutral,neutral,0.7525529185917099,"Not enough projects. Magazine seems to be directed towards females. My husband doesn't care for any of the styles. Due to most of them being pastels or geometric designs. I have put my own touch on a few of the projects to make them more ""unisex"".",3,Magazine_Subscriptions,46,True,False,False
neutral,neutral,0.5597395794604297,"Not like the Yankee of old.....too many advertisements.....larger format is clumsy....but in all fairness, still a lovely look at Yankee life.",3,Magazine_Subscriptions,21,True,False,False
neutral,negative,0.6166991734469803,Not the magazine i grew up with in the nineties 😔,3,Magazine_Subscriptions,11,False,False,False
neutral,negative,0.8469043254237308,"I need to cancel the subscription once the last issue is delivered( I think it will be an April issue) I have gone online and said cancel subscription but got some email from wildlife federation to give out my email, name-<br />Can u tell me if subscription will end in April",3,Magazine_Subscriptions,51,False,True,False
neutral,positive,0.5394585103285303,My kid has loved reading the first one. We got it as a gift. The second one came shredded. I am debating even showing it to him because the stories are incomplete with the chunks missing. We are pretty sad about it.,3,Magazine_Subscriptions,42,False,False,False
neutral,positive,0.48629186611580655,Still reviewing .,3,Magazine_Subscriptions,3,False,False,False
neutral,neutral,0.46709383374157964,Liked the content but the pages are thin and tear easily.,3,Magazine_Subscriptions,11,True,True,False
neutral,negative,0.7234461213599109,"I subscribed to Harper's since high school, and off and on for decades until a few years ago, while it was already in its death throes. I had no strong political opinions (I still don't, the money machine- the FED, IMF, the MIC, foreign and corporate lobbyists and NGOs are running the show).<br /><br />I diress, but I used to be so excited to see it arrive and devoured each issue from cover to cover every month- the articles, literary excerpts, artwork, photography, letters to the editor, etc. While the individual articles themselves, of course, had a bias, it was always subtle and thought-provoking, never vulgar or blatantly agenda-pushing. It was the least biased social/political magazine out there, it presented interesting domestic and international situations from all points of view by a variety of intelligent and eloquent writers.<br /><br />I especially loved the Harper's index, and the death of the index is very sad. I had acquaintances that were jr. editors years ago who were responsible for the index and I was, admittindly, a bit envious of that job assignment. Their statistical index was often uplifting, funny, and if political, was not one-sided or, if political, was balanced. The last time I read the index (in some waiting room), as is the format, it presented a certain statistic, immediately followed by another statistic that was obviously meant for the reader to make a causal relationship between the two. It was so blatantly dishonest, pure propaganda pushing an extremely far-left agenda in a deceitful way. Maybe they read Huff's ""Lying With Statistics"" that Gates had so prominently displayed on his coffee table in his first ""pandemic"" video and applied the information in the worst way.<br /><br />Beyond the atrocious index, I found little of the magazine I once enjoyed so much. I've changed, as we all do, but I still enjoy the older Harper's, but now Harper's is unregonizable from what it once was. I don't know if it is due to the publisher, the poisonous divisiveness pervading the world I the point that even the least hint of conservative or right-wing ideas must not be allowed. No longer the unbiased and thought-provoking magazine it was, just another magazine pushing the current corporate agenda, which at this time is a far-left, anti-human, corporate globalist agenda. You may as well save some money if you want blantant, infantile, left-wing propaganda spoon-fed to you on a 6th grade reading-level and subscribe to the Atlantic or any other magazine of it's ilk.<br /><br />*5 stars for the old and 0 for the new= a generous 3 stars.<br /><br />*Also, access to hundreds of years of the archive is great, but since it is old enough to be pubic domain, can be downloaded (legally) for free on many internet sites.",3,Magazine_Subscriptions,465,False,True,True
neutral,neutral,0.7220396391500024,"I used to get this magazine back in the early 1990s, the format is changed quite a bit since then, I like the way it used not look. It had more of a country vibe, and showed a lot of country crafts like how to spin your own wool, etc",3,Magazine_Subscriptions,50,True,False,False
neutral,neutral,0.833993007720037,Ok,3,Magazine_Subscriptions,1,True,False,False
neutral,neutral,0.5095637269243017,Thought I would love a southern flair design magazine but it is 50-60% ads. I will not renew. Has pretty pictures and has generous pages.,3,Magazine_Subscriptions,25,True,True,True
neutral,positive,0.4180763428111753,May have gotten board with it.,3,Magazine_Subscriptions,6,False,False,False
neutral,positive,0.7147390403745023,Information,3,Magazine_Subscriptions,1,False,False,False
neutral,neutral,0.6889002008324638,"Great magazine but unfortunately as the old saying goes, it's not as good as it used to be. Seems like the magazine content gets less and less each year.",3,Magazine_Subscriptions,29,True,True,True
neutral,positive,0.44650425551483136,"Love M.S. and all of her products, including her magazine. Unfortunately, it seems like the magazine gets smaller and smaller, or content seems to repeat, with each passing year.",3,Magazine_Subscriptions,29,False,False,False
neutral,neutral,0.7040340905814025,I thought this was a monthly subscription but it isn’t. Pretty thin magazine. My grandson really likes it but I’m not sure it’s worth the price since it isn’t monthly.,3,Magazine_Subscriptions,30,True,True,False
neutral,neutral,0.5747592768503714,Way to many ads in this magazine,3,Magazine_Subscriptions,7,True,False,False
neutral,negative,0.7138734432339326,I am not seeing an option to cancel this subscription.,3,Magazine_Subscriptions,10,False,False,False
neutral,neutral,0.6763340209891913,"I subscribed to Parents because I’m about to have a baby and was curious. Honestly I don’t really like it at all. I feel like the majority of the magazine is ads (which since I don’t really read magazines may be the usual now!) and there is very little advice or tips on infant care. If you have a toddler or younger kid you may really like this though, it does include lots of recipes and projects for kids as well as product recommendations!",3,Magazine_Subscriptions,84,True,False,False
neutral,neutral,0.46572541857462707,"I have subscribed to Rolling Stone for about 50 years. They do not give a rip. They put too much on line. What's up with that? And the mag is Uber-expensive. I try to spend as much as humanly possible on music. It's my life, or the most important part of it. I really love reading the critics and reviewers but not enough in the mag and too much on the line. I will not be resubscribing any more, sadly, and the Rolling Stone folks could care less, david Meinardi",3,Magazine_Subscriptions,90,True,True,True
neutral,positive,0.3888555757390002,Shows same articals over in next issue,3,Magazine_Subscriptions,7,False,False,False
neutral,neutral,0.7953766061083657,"I don’t think it’s the magazines fault.. but I only got 1, and I was suppose to have 2 or 3 by now. I started the subscription around September and it’s January. I saw another one of these and it’s probably because of Covid but there just wasn’t as much information about the Asheville area as the one I saw that I loved.",3,Magazine_Subscriptions,63,True,True,False
neutral,neutral,0.8436151501096413,"It’s ok, not such a great magazine. It cines I pretty late.",3,Magazine_Subscriptions,12,True,False,True
neutral,negative,0.47559006364815004,Too much about trucks,3,Magazine_Subscriptions,4,False,False,False
neutral,positive,0.4615763168851594,"I have  been a subsciber to Wired since the '90s, and the recent change to a more politically relayed publication and non-techncal publication makes Wired less valuable than previous times.  There are some good pieces once in a while,  but nothing compares to what the magazine used to  be.",3,Magazine_Subscriptions,49,False,True,False
neutral,negative,0.5200056386600604,I Miss the old sunset. This one’s been made to upscale and doesn’t reflect my interest.,3,Magazine_Subscriptions,16,False,False,False
neutral,negative,0.42760135989181447,"As a previous reader of Good Housekeeping, I did not see many of the type of articles and other materials I have seen in the past.",3,Magazine_Subscriptions,26,False,False,True
neutral,negative,0.7610829886205212,"Not what I thought it was. I thought it was going to be bold and colorfully decorated living spaces of different styles, but nope. It's more for suburbanites. Clean lines, perfectly decorated by decorators, no color, no self expression, no glam and of 12 subscriptions, I received 5.",3,Magazine_Subscriptions,48,False,True,False
neutral,neutral,0.4381406008354588,"As a supporter of BLM and social justice, I am all for this publication diversifying it's offerings, and treating its staff fairly.....BUT!!!  I also want some traditional stuff they have always done, mixed in.  Otherwise it's NOT BA.  So this past fall, I picked up my magazine(s) sent to me, and it (they) was/were loaded with recipes from cultures they have ignored over the years. Oh, bravo for that. But, as pumpkin spice was starting to rule America for 6-8 weeks, nothing about the magazine even nodded to the rituals in America during the fall.  Again, I have been a person who cooks from cuisines from all over the world, (All hail fish sauce, Bulgogi, harissa, Shaoxing, and tomatillos), and I am always game to try something new, but, I also want some new twists on things that they have traditionally done.  A new fall cookie with the usual fall spices thought of in North America, pumpkin or squash soup with new techniques, new things to do with those damn zucchini plants that are still producing squash (new stuffed squash recipe??). Persimmons...they are native to North America.  Hell, they could have reached out to local native American communities to discover recipes that cater to fall in North America.  They could have at least thrown in some new spins on old favorites.  But they went overboard and threw the herbs de Provence spices out the with racist bath water.  Now, I don't even recognize this magazine.  Moderation.  Geez, it's not hard.  I won't be re-upping my subscription.",3,Magazine_Subscriptions,256,True,True,False
neutral,negative,0.5670178930094744,"Ordered in the summer. Got my first issue in November. Got a 2nd in January and am eager for a 3rd. With this staggered schedule I'm afraid I will be billed "" the normal rate"" before I get a chance to renew at a sane rate.",3,Magazine_Subscriptions,46,False,False,False
neutral,neutral,0.5669084133578068,It's a fun magazine to read but they have not done a mountain home which mine is.  So I enjoy it but haven't used any of their ideas.,3,Magazine_Subscriptions,28,True,True,True
neutral,neutral,0.6842182847835462,I have only read one issue so far but the equipment advertised and reviewed in this magazine is very expensive and way out of my price range.  It would be nice if they also covered more affordable equipment that most of us can afford.,3,Magazine_Subscriptions,44,True,True,False
neutral,neutral,0.5873849801060188,Many of the advertisements or articles are too small to read without magnifiers.<br />Good job if you plan for no one to ever read them yet there is an advertiser paying for the ad. Hmm.,3,Magazine_Subscriptions,35,True,True,False
neutral,negative,0.8230212380279355,"While I love the magazine, I hate the junk mail.  I renewed my annual subscription through Amazon 5 months ago, I received a renewal notice from Smithsonian yesterday.  That's after requesting to be removed from their mailing list due to all the junk mail.",3,Magazine_Subscriptions,44,False,True,False
neutral,negative,0.6075355762387482,Not as amazing as it used to be. And no more maps!!!,3,Magazine_Subscriptions,12,False,False,True
neutral,neutral,0.5075044323912933,"I know magazine publishing is on its last legs, but I really wish they would consider larger type and try to make it readable. This was a trial subscription and I won't be continuing with it.  Too bad.",3,Magazine_Subscriptions,38,True,True,False
neutral,positive,0.6230163288601492,Added to my long standing research project on China's military power. Japan has the know-how to create a nuclear weapons industry and delivery vehicles in record time. Inevitably Japan's best solution to china's agression is having it's own substantial nuclear deterrent. So who's next? Japan for sure.,3,Magazine_Subscriptions,47,False,False,False
neutral,positive,0.9247677343089812,Great product,3,Magazine_Subscriptions,2,False,False,False
neutral,neutral,0.6318865766438099,"Too political and a little too much advertisement for products.Other than that,it’s good reading.",3,Magazine_Subscriptions,14,True,False,False
neutral,neutral,0.3394793640042851,More advertising and unnecessary articles for a cooking magazine,3,Magazine_Subscriptions,9,True,False,False
neutral,negative,0.5961868171216435,"I didn't really like where they said the frontier could outrun the TRX cuz it has a higher top speed,<br /><br />Also it is pointless on anywhere except a high speed test track",3,Magazine_Subscriptions,33,False,False,False
neutral,negative,0.6393002346464358,I am cancelling my subscription to women’s day,3,Magazine_Subscriptions,8,False,False,False
neutral,positive,0.7042613032134267,Just download the app.  Just as easy.,3,Magazine_Subscriptions,7,False,False,False
neutral,negative,0.6051886278378893,"I have subscribed to this magazine for most of my adult life, about 50 years, on and off.  When Tina Brown was editor, you could get a one-yr sub for about $24.  It's current price is $99.  That's a lot for a magazine, even a weekly. I am also offended by the hard shift to liberal politics, which was not the case during all of William Shawn's tenure as editor.  And the magazine has developed a full-grown potty mouth, the f-word appearing commonly, plus the c-word, the sucker word, you name it. WHY? The fiction is in a death spiral, out-of-kilter with short stories from the distant corners. WHY? Still, there's always at least one good read per issue. I paid that $99, then found out it was half that if you went to the magazine directly, instead of Amazon. It was once an A, now it's a C+.",3,Magazine_Subscriptions,149,False,False,True
neutral,negative,0.5198890908812813,"Delivery has been poor and sporatic.  I'd love to receive, regular, monthly issues",3,Magazine_Subscriptions,13,False,False,True
neutral,neutral,0.6225202803113522,"It is a lot thinner than it use to be, not slick paper like it use to be, regular coarse paper, not any real good stores,",3,Magazine_Subscriptions,26,True,False,True
neutral,positive,0.5520930289244644,Used to be an awesome magazine...now too many ads,3,Magazine_Subscriptions,9,False,False,False
neutral,positive,0.6669534069485762,I was looking for new diy ideas,3,Magazine_Subscriptions,7,False,False,False
neutral,negative,0.5255103638331667,"You think you are getting a great deal until...  You see it is only for 6 MONTHS, not a normal year subscription.  Buyer beware.  Also needs in offered in a Kindle edition where every single page is in the monthly kindle file.  I am more interested in a Kindle version, easier to keep for later.  minus 2 stars for being sneaky on the subscription length.",3,Magazine_Subscriptions,65,False,False,True
neutral,negative,0.548302661669427,"Disappointed, but wanted to try it for my husband.  Content is not pertinent to our rea.",3,Magazine_Subscriptions,16,False,True,False
neutral,neutral,0.6085921583546033,Not very long need more everything,3,Magazine_Subscriptions,6,True,False,False
neutral,negative,0.7237040439202097,Not as good as it was in the 90’s. I have to say some of the columns seem to just be there to take up space in a dying magazine. Once THE NEW YORKER was a sarcastic and critical thinking magazine with cutting edge humor. Now the staff seems content just getting paid.,3,Magazine_Subscriptions,53,False,False,True
neutral,negative,0.5460471188435773,I find it counterproductive to insert political views in a print publication.  This is an unfortunate recent trend in ALL magazines which ultimately results in cancelled subscriptions. Not very smart IMHO.,3,Magazine_Subscriptions,31,False,False,False
neutral,negative,0.6939615048965593,Not the SI I grew up with.,3,Magazine_Subscriptions,7,False,False,False
neutral,neutral,0.44558768206112986,"As the magazine indicates,  it's all about New Orleans. Lotsa. ads",3,Magazine_Subscriptions,11,True,False,False
neutral,positive,0.7269026130007527,"I used to love this magazine.  They reported on health; physical, emotional, spiritual.  I felt inspired and motivated with each issue-until recently.  Now there are politically leaning articles about the environment and what I SHOULD be doing for the world.",3,Magazine_Subscriptions,40,False,False,False
neutral,positive,0.4085865243116991,Photos were great but not enough recipes.,3,Magazine_Subscriptions,7,False,True,True
neutral,neutral,0.4410389434006964,Discounted price but magazine is smaller than normal. Mini size.,3,Magazine_Subscriptions,10,True,True,False
neutral,neutral,0.4490883603990496,Her magazine seems to be for an older generation. I think styles have changed,3,Magazine_Subscriptions,14,True,False,False
neutral,negative,0.5286065339234671,"So far I received my first issue exactly when promised. And it’s a very recent issue.<br />I’m CURIOUS NOW ABOUT THE NEXT ONE.<br />Though I would get it today (exactly a week after the first), but did not yet. Will keep you posted.",3,Magazine_Subscriptions,43,False,True,False
neutral,negative,0.9459733239085808,Very disappointed is too much the waiting time to receive the magazine...I'm going to cancel....,3,Magazine_Subscriptions,15,False,False,False
neutral,negative,0.6274496769948756,Too trendy and photos are to “busy”. Also too much difficult to read print because imposed on similar shade background,3,Magazine_Subscriptions,20,False,False,False
neutral,negative,0.6672906956276882,When I purchased this magazine it says 5 issue but now I received a letter for renewal.I am very upset,3,Magazine_Subscriptions,20,False,True,False
neutral,neutral,0.6832565188357662,Like most magazines these days and the reason they are going out of business these things are mostly ads.,3,Magazine_Subscriptions,19,True,False,False
neutral,neutral,0.5457526871527408,Too many ads.,3,Magazine_Subscriptions,3,True,False,False
neutral,positive,0.5630909369056644,SL has become another Dinosaur of print.  It still has some wonderful pictures and recipes but it is a mere shadow of its former glory.  We should all enjoy this magazine in print while it’s still published.,3,Magazine_Subscriptions,37,False,True,False
neutral,negative,0.5304703028213439,"Magazine is fantastic but customer service is the pits.  Simple renewal for grand daughter was messed up. They sent renewal to billing address instead of mailing address,  and then tried to say I submitted a change of address.",3,Magazine_Subscriptions,38,False,True,False
neutral,neutral,0.5637561893289212,Not impressed with,3,Magazine_Subscriptions,3,True,False,False
neutral,negative,0.88623199592732,50% of magazine was adds. That makes it a poor value.,3,Magazine_Subscriptions,11,False,False,False
neutral,neutral,0.7485192337730063,"The quality of the magazine’s pages is exceptional, however the content is not impressive. The items are super expensive as affordable to the 2% of the population. The rooms are cramped with so many items, different colors, not coordinated, that seriously does not reflect good taste.",3,Magazine_Subscriptions,46,True,True,True
neutral,neutral,0.5982628417634158,"I loved this magazine and still have a stack of 20 year old copies with the glossy paper, charming stories, and recipes. I wasn't as excited to see the new editions. Part of the charm used to be the loads of stories. They are still there--kind of-- in between all of the ads. Not to mention, those old fashioned recipes...gone. Hats may not be a thing anymore, but I kind of miss looking for Hattie's hatpin, too.<br />I know times and styles change, but I am just not excited about this one.",3,Magazine_Subscriptions,92,True,True,True
neutral,negative,0.4852658041488281,"The magazine has transformed into something that is basically targeted to minorities and urban demographics. I think it's great that they have decided to exit the traditional market and focus on style and designers ""of color."" Elle Decor is WOKE city. The main criterion for being featured in their pages has almost nothing to do with design or style or being accomplished in the design world; skin color is the thing that really matters. I'm not sure how many of the 13% of the population are into high end interior design, but for those who are: THIS IS YOUR MAGAZINE. For others, I'd suggest you look elsewhere.",3,Magazine_Subscriptions,107,False,True,True
neutral,neutral,0.8021243726274436,It seems like almost every other page is an advertisement.,3,Magazine_Subscriptions,10,True,False,False
neutral,neutral,0.4446140093008646,"Sure is skinny these days! Not much there compared to the ""old days."" But still excellent writing, even if some stories are a little more fluffy than a few years back.",3,Magazine_Subscriptions,31,True,True,True
neutral,negative,0.549982598867155,GQ is just not what it use to be...,3,Magazine_Subscriptions,9,False,False,False
neutral,neutral,0.833993007720037,Its ok,3,Magazine_Subscriptions,2,True,False,False
neutral,negative,0.5645033942833517,Cool pictures of animals and such..but I didn't like how they inject politics into it.,3,Magazine_Subscriptions,15,False,False,False
neutral,negative,0.586282674177386,"As stated in my headline, this was purchased as a gift. I am unable to provide any feedback since the magazine will not be delivered until sometime in May.  I suppose it's worthy of 3-stars at this time.",3,Magazine_Subscriptions,38,False,False,False
neutral,neutral,0.4422887868448591,"Some cool projects and advice pieces, but a majority of the magazine is just advertisements.",3,Magazine_Subscriptions,15,True,True,False
neutral,neutral,0.46415749456237065,Subscription prices too expensive!,3,Magazine_Subscriptions,4,True,False,False
neutral,negative,0.6793180004685079,"I ONLY RECEIVED TWO (2) MAGAZINES TO DATE, THERE IS SOMETHING WRONG IN THE DELIVERY PROCESS.",3,Magazine_Subscriptions,16,False,False,False
neutral,negative,0.3908349341113479,"I love the magazine, but haven’t received it since I subscribed.",3,Magazine_Subscriptions,11,False,True,False
neutral,negative,0.8830253654153774,Disappointing,3,Magazine_Subscriptions,1,False,False,False
neutral,neutral,0.6749197786433683,"Has way too much advertisements! The quality, compared to my previous subscriptions is shockingly inferior. The paper and overall quality. But I guess  I should’ve been surprised. Everyone seems to be cutting costs. Liked the stories ok but the past in America was not just white. What about everyone else?",3,Magazine_Subscriptions,50,True,True,False
neutral,positive,0.3588765529988517,"Stereophile, what is there to say ?  I miss Art.",3,Magazine_Subscriptions,10,False,False,False
neutral,neutral,0.6176379740064218,"This is a lot like Stereophile except it relies less on electronic measurement technology, more on just reviewers' impressions.  It would be more useful if both magazines reviewed the same gear, but usually they do not.<br />Both magazines would be better with a few first-class writers.  (Art, come back, come back, we need you !)",3,Magazine_Subscriptions,55,True,True,False
neutral,neutral,0.6893557440482396,The magazine itself is well worth the cost but it took 4 months for my first issue to arrive.,3,Magazine_Subscriptions,19,True,True,False
neutral,neutral,0.6153282652190141,It's ok but it needs a crossword.,3,Magazine_Subscriptions,7,True,True,False
neutral,neutral,0.7744537882634513,This magazine has changed a lot and some of the former quality is missing.,3,Magazine_Subscriptions,14,True,False,False
neutral,neutral,0.6695781365446534,"It seems to have become more of a fan magazine . Less useful content for guitarists .. Disappointed in the new direction. The magazine is much smaller , fewer pages . The decline seems to have started with the new editor. I wont be re-subscribing. It used to be the best.",3,Magazine_Subscriptions,51,True,False,False
neutral,neutral,0.5909815276847423,Got this on a lightning deal cuz it seemed like a good deal... but the shipping didn't start til beginning of the year... i got like 3 issues out of the 6... shows that next issue is running late. I did stop the autorenew and was expecting to see the rest of the issues... but it doesnt appear that i will be getting them... what a bummer! No way will i pay the full price for these... will update if i get the rest... kids really like it... they where bummed when i said i wont be renewing cuz it was full price... the deal seemed worth it... but if you get only half then no not worth it...,3,Magazine_Subscriptions,119,True,True,True
neutral,neutral,0.7831223662336183,Magazine is fine but they did a automatic renewal which was way expensive.,3,Magazine_Subscriptions,13,True,True,False
neutral,negative,0.5602001414830533,"Just want to know what is on the Mass pages.  You can't view before you buy.  So, no way of knowing, if you want it can find another that has everything.",3,Magazine_Subscriptions,31,False,False,False
neutral,negative,0.7621674727906823,They had the nerve to say they started in Sept. but 1st one received in late Nov.,3,Magazine_Subscriptions,17,False,True,False
neutral,negative,0.7870183157428022,I was dissapointed when I received my first issue. I was expecting the Reader's Digest I used to get years ago. Now it has less pages and really inferior paper. The pages used to shiny and slick with bright graphics. Now they are dull and feel like newspaper. Most of the content was of no interest to me.,3,Magazine_Subscriptions,58,False,False,False
neutral,positive,0.7134503916714929,It hasn't arrived yet. We love Ranger Rick around here. Can't wait for it to show up!,3,Magazine_Subscriptions,17,False,False,False
neutral,neutral,0.6819173979231946,"Likes: Photos, Small true facts.  Dislikes: Time is not neutral or impartial",3,Magazine_Subscriptions,12,True,False,False
neutral,neutral,0.7024399683417966,"I purchased this magazine for my grandson on 3/23/21 and I won’t be receiving it until 6/8/21?? I’m not sure why it is going to take so long to get here but am really hoping it’s worth it. I will update once received. He likes learning about animals, nature, etc so I’m hoping it’s good based on their name.<br /> If you need/want a subscription quicker, choose something else.",3,Magazine_Subscriptions,69,True,True,True
neutral,neutral,0.6865458688536992,Well written as always but somewhere they changed to dedicating pretty much a whole issue to one topic. Will not renew,3,Magazine_Subscriptions,21,True,True,False
neutral,positive,0.4865808138587766,"Whoa- this is a great magazine and I have read it for years, but last year I paid  $89. for a yearly suscription- hard copy.  And now it's up to $199.?  I'm guessing the answer to that question is the pandemic?  And as much as I would like to continue my support, I may have to resort to the online subscription only- at $89.<br />Yikes- seems an unreasonable increase to me.",3,Magazine_Subscriptions,71,False,True,False
neutral,neutral,0.5235037549108607,More of a buyer's guide for the wealthy and the foolish than a journal for those interested in the advancement and application of automotive technology. I generally find one or two articles in each issue that I find pertinent or even useful.<br /><br />Car porn.,3,Magazine_Subscriptions,45,True,False,False
neutral,positive,0.5798094427364142,"Would only recommend for 2 and under, my three year old says this is for babies.",3,Magazine_Subscriptions,16,False,False,False
neutral,negative,0.5199984659520487,"She really likes the magazine. However , I find it annoying that this subscription is<br />1) Only for 6 months (and<br />2) Only provides 5 issues in those 6 months<br />3) Is consistently late with those issues.<br /><br />that is what is stopping me from re-subscribing at this time",3,Magazine_Subscriptions,49,False,True,False
neutral,positive,0.4592697691128128,Na,3,Magazine_Subscriptions,1,False,False,False
neutral,positive,0.7784824586296385,This is a fun magazine but I subscribe to it at Christmas time and I’ve only gotten one issue so far,3,Magazine_Subscriptions,21,False,True,False
neutral,neutral,0.4867341567370663,"Nice magazine, with beautiful photos. I thought there would be features about Victorian decor. So far there are not such features, but, I have only 1 magazine so far. I look forward to more issues, and although a little disappointed, I'm pretty happy I subscribed.",3,Magazine_Subscriptions,45,True,True,False
neutral,negative,0.7645010128086824,It's supposed to be a 5 magazines and I only Received one.<br />And that's all.<br />Is a misleading subscription details.<br />At the end I paid $5 for 1 magazine.,3,Magazine_Subscriptions,29,False,False,False
neutral,neutral,0.688904520929637,Not exactly the same as it was when it first came out. I wasn't impressed enough to renew for another year.,3,Magazine_Subscriptions,21,True,False,False
neutral,neutral,0.41872717078230576,Not sure it's worth the subscription when I can read the whole thing in 10 minutes,3,Magazine_Subscriptions,16,True,False,False
neutral,negative,0.5257529647196147,I like the recipes but it was something like 20 to 30 pages in before you got past the advertisements.  I canceled my subscription and I'll stick to their website.,3,Magazine_Subscriptions,30,False,True,False
neutral,negative,0.5683853248118439,"I subscribed but only received one magazine to date. The magazine is great, the distributer sucks.",3,Magazine_Subscriptions,16,False,True,False
neutral,negative,0.6976753823263426,"I read early issues of this mag, it was basically a book of ads.  It's matured into a book of recycling and upcycling.  (Note:  I've been recycling since 1965, so I'm not new to this activity.)  I got it bcs I got 2 mags cheap, and this is one I chose to fill out the duo.  I won't resubscribe. mb",3,Magazine_Subscriptions,60,False,False,False
neutral,neutral,0.6662754291859017,I thought this book had only hand embroidery,3,Magazine_Subscriptions,8,True,False,False
neutral,neutral,0.6342009528916358,What I don’t like are the frequent missed issues.,3,Magazine_Subscriptions,9,True,False,False
neutral,positive,0.9498091300290453,"I had been looking forward to reading ""Texas Monthly"" since I have always loved<br />the state of Texas BUT having read the negative reviews I have changed my mind!",3,Magazine_Subscriptions,29,False,True,False
neutral,neutral,0.7838614256469888,A lot of money for 10 or 12 pages. Articles are good if not a little short.,3,Magazine_Subscriptions,17,True,False,True
neutral,negative,0.6929234036059487,"The content is great. However, DO NOT purchase this subscription through Amazon. Even though I got a deal for black friday, I only received 3 of the magazines out of the subscription of 5 or 6. Disappointing and the price was so good I didn’t ask for my money back but I will NEVER subscribe to Amazon magazines again. ALL magazine subscriptions did not deliver the promised amount.",3,Magazine_Subscriptions,68,False,True,True
neutral,negative,0.5056820546924828,"I gave this 3 stars, not because I am not happy with the magazine. The magazine is great! I love it and would recommend it to anyone. But I'm dissatisfied with the way Amazon handled my subscription. I signed up on March 11th for a one-year subscription. Several weeks later I received my first magazine -- the April issue. Great! But then a few days later I received the March issue AND the January / February issue. Why would I want the January / February issue and March issue in April?? So because they sent me two back issues, my one-year subscription will end two months earlier than it is supposed to. C'mom, Amazon. Really??",3,Magazine_Subscriptions,115,False,True,True
neutral,negative,0.8647169075738674,"4 months, no magazine",3,Magazine_Subscriptions,4,False,False,False
neutral,negative,0.768845916157221,More ads than anything else. Second time I tried a subscription but not a fulfilling magazine,3,Magazine_Subscriptions,16,False,True,False
neutral,negative,0.8753614030374369,This was not the TV Guide I remembered as a kid. It does not list a full day of tv shows only like prime time. It took several months to receive the first issue. I will not order this again. It was order for an incarcerated friend and he says it was a waste of my money/,3,Magazine_Subscriptions,57,False,False,False
neutral,neutral,0.7152406244603505,Looks like the smaller version of the book about half the size that you would get in a bookstore was surprised,3,Magazine_Subscriptions,21,True,False,False
neutral,negative,0.5809579562828164,"For a couple of years now this has been a gift to my son, in the tradition started by my grandfather.  I received a call from my son, and he asked that I not renew.  He says it's morphing into a political agenda ragsheet (his words) and he doesn't care to receive any more.  Too bad, its been with us many years through the generations.",3,Magazine_Subscriptions,65,False,False,False
neutral,positive,0.8831062660646875,New products...,3,Magazine_Subscriptions,2,False,False,False
neutral,neutral,0.5610420244875265,Too many ads . Only mediocre magazine,3,Magazine_Subscriptions,7,True,False,False
neutral,positive,0.5998195305137402,"I was shocked at the quality of paper used. Magazines from this Company were always my favorites because of the absolutely gorgeous photos of the birds and flowers. The paper used is thin and the pictures are not the quality as they used to be. The articles are still good , but I miss the great quality of the past.",3,Magazine_Subscriptions,60,False,True,True
neutral,neutral,0.5374144604850515,Sad that magazine sales aren't what they once were but when the chickens cross the road to online (vs print) you can't get them back without a tempting reason. The only tempting reason here is cheep price for a familiar read.,3,Magazine_Subscriptions,41,True,True,False
neutral,neutral,0.906543100108662,"Ok at best.  A couple of articles, lots of ads. Probably would not purchase again.",3,Magazine_Subscriptions,15,True,False,False
neutral,positive,0.5260880045378209,Took months to start after ordering.  It was a b'day gift too.  But he loves it now that it has been coming.,3,Magazine_Subscriptions,22,False,True,False
neutral,positive,0.357348910832029,Dont love this travel Mag- more for the rich and famous who travel WITHOUT budgets of any kind. Does NOT fit my travel style,3,Magazine_Subscriptions,24,False,False,True
neutral,neutral,0.6775486724782572,I tried this because of the $5 offer. It is a good offer because I am disappointed  and I won't renew. It has lots of advertisers and offers few project ideas that are inspiring. The design ideas make rooms seem cluttered and busy.  The interior designs seem to be for those with little living space and limited funds. Don't get me wrong I am not wealthy but my taste is eclectic but refined. Id much rather have a few quality pieces I love in my home than the ideas offered here. Less is more is my mantra.,3,Magazine_Subscriptions,97,True,True,True
neutral,negative,0.8598029328441301,Disappointed. Basically every issue is the same. Will not be renewing.,3,Magazine_Subscriptions,11,False,False,False
neutral,neutral,0.5453170964053082,"To many adds, not enough info",3,Magazine_Subscriptions,6,True,False,False
neutral,negative,0.8367329250921182,Not as high quality as it used to be; did not receive all 12 issues / a year’s worth.,3,Magazine_Subscriptions,19,False,False,False
neutral,positive,0.7090651597646047,Good read,3,Magazine_Subscriptions,2,False,False,False
neutral,neutral,0.5457526871527408,All ads,3,Magazine_Subscriptions,2,True,False,False
neutral,positive,0.6657724926498678,"Great intro offer $5.00.  My grandson really liked it.  Renew price $30.00, can't afford that.",3,Magazine_Subscriptions,15,False,False,False
neutral,neutral,0.5641023181223291,"Years ago I subscribed to MSMag and loved it. Couldn’t wait to get it. Although it may take time to create the pages of this magazine, it just doesn’t speak to me and find that it’s not as well thought out but how fast can we get it done. I use to tear out pages to file away to do later. Now, inthe past year I’ve not felt there was anything that I’d want to do. And when I do see something that stood out to me there’s nothing in the where to buy or find info about it in the back pages, it’s not mentioned. Maybe MS has so many things going on that she’s kind of ignores the magazine. Perhaps it’s gotten too big a company so something has to suffer. It may sound mean what I’m saying but I’m really trying to say MS mag can do better. Which can contribute to why it’s only $5 for first year.",3,Magazine_Subscriptions,162,True,True,True
neutral,neutral,0.6944693522940173,I found their recipes fairly basic for me.  I also had some difficulty following the physical layout in the issue I received (first issue of new subscription).  It's a good magazine and does have a lot of recipes that could work well for many people.,3,Magazine_Subscriptions,45,True,False,False
neutral,negative,0.75732385067066,"Not a bad magazine, but there are too many advertisements in it and not enough content. The pages of advertisements actually out number the pages of articles. Not at all what it used to be.",3,Magazine_Subscriptions,35,False,True,False
neutral,neutral,0.7983433781999153,"THE WEEK is a good, entertaining magazine - very thin - at an exorbitant price.  It was becoming too expensive for me to continue.  I got a renewal email ""SPECIAL offer $199/year"" - special?  That is $50 more than amazon is charging here.  Even $149 is $3 per issue.  THE WEEK also plays tricks with their renewal notices, like most magazines these days do, sending you a ""renewal notice"" 6 months or more before your subscription actually expires.  I'm tired of the high price and the tricks.  Yes I like to read it when I can but it's getting ridiculous.<br />UPDATE: I called The Week's toll free number at got a year's renewal for $99.",3,Magazine_Subscriptions,115,True,True,False
neutral,negative,0.6249094855679883,bought this subscription back in 2011 for a year of monthly delivery until 2012<br />no issued with getting the magazine<br />the reason for 3 stars is that the content didn't really impress me<br />seemed to blend in with all these type of magazines<br />didn't renew (or so I thought but it appears I did renew in 2012 so I got this monthly until 2013),3,Magazine_Subscriptions,64,False,True,False
neutral,neutral,0.5196361097733194,"Price was a deal, but won’t reorder.  Not as good as other similar magazines.",3,Magazine_Subscriptions,14,True,True,True
neutral,negative,0.42255327629707856,"Glad I bought at a discount, the magazines don't have many pages and do not come monthly",3,Magazine_Subscriptions,17,False,False,False
neutral,neutral,0.7990189608326889,It's just OK for me. I'll use up the first subscription but won't be renewing.,3,Magazine_Subscriptions,15,True,True,False
neutral,negative,0.6007067922570949,"The magazine is great, but WATCH out —-  the magazine will automatically renew unless you manage your subscription and turn the auto-renewal off.",3,Magazine_Subscriptions,23,False,True,False
neutral,negative,0.4077104192363541,"I've received only 1 copy...nothing in it I care to make, but looking forward to coming issues.. I wouldn't count it out at this point.",3,Magazine_Subscriptions,25,False,True,False
neutral,neutral,0.6320803898127731,To much stuff about fashion not enough about cooking,3,Magazine_Subscriptions,9,True,False,False
neutral,positive,0.3721369670311815,"We thought this subscription would provide us with more educational information, less fluff. Pictures are nice.",3,Magazine_Subscriptions,16,False,False,False
neutral,negative,0.5978248645987422,I thought the magazine was going to be a normal size magazine but looks half the size and a lot cheaper paper used,3,Magazine_Subscriptions,23,False,True,False
neutral,neutral,0.7346651284373481,Popular Mechanics used to have cool information and ideas... Now is more like reviewing products... Not that cool any more!,3,Magazine_Subscriptions,20,True,False,False
neutral,neutral,0.8922425417884057,It was okay. I would have more kitchen designs.,3,Magazine_Subscriptions,9,True,False,False
neutral,neutral,0.6305300062352386,The idea of this magazine is great and many of the issues have been interesting. If they hit on a time/topic that doesn't appeal that is kind of it for the whole issue though.,3,Magazine_Subscriptions,34,True,False,False
neutral,neutral,0.43576850170736214,Mainly advertising for health supplements.,3,Magazine_Subscriptions,5,True,False,False
neutral,negative,0.6354194208626148,Not what I expected,3,Magazine_Subscriptions,4,False,False,False
neutral,negative,0.8785642898922105,I loved the magazine but I only received three issues I have no idea what happened or how I get a refund,3,Magazine_Subscriptions,22,False,True,True
neutral,neutral,0.6804017111418181,Great magazine but it comes later and later each month i dont think i will renew my subscription.,3,Magazine_Subscriptions,18,True,True,False
neutral,neutral,0.5617753066521693,"Years ago read a few back issues of Food and Wine and found them very interesting with some really good recipes. For the most part the recent editions have recipes I would never want to recreate as they were not the least bit appealing to me. I have a very varied diet so there isn't much I won't eat so that was surprising.<br /><br />There were some very interesting articles and a few recipes I have saved to try but I did not like this magazine as much as some other food magazines I have come across. I have subscriptions to some wonderful baking magazines, with all types of bread recipes, cakes, pies, etc. I was looking for a magazine with recipes for every day dinners and was interested in suggestions for wines i might not already be familiar with but was ultimately disappointed so I declined to renew.",3,Magazine_Subscriptions,149,True,True,True
neutral,neutral,0.6811973775162744,good photos. mostly ads.,3,Magazine_Subscriptions,4,True,False,False
neutral,neutral,0.6102282279836679,"some good ideas. mostly ads.  a good read, though.",3,Magazine_Subscriptions,9,True,False,False
neutral,neutral,0.5268104554439884,Magazine is quite a bit less than in years past. Articles were more in number and at times more content in some of those articles,3,Magazine_Subscriptions,25,True,False,False
neutral,neutral,0.7951658192266019,"Content generally pretty good to better than good. However I continue to be disappointed that the publishers are dropping issues every year. It was 12 magazines a year, then they combined 2 months, then two more, and now it looks like two more. Subscription price has doubled and content has been cut by a quarter. Listing still says for 12 issues/12 months but you won't be getting that so don't set your expectations high.",3,Magazine_Subscriptions,74,True,True,True
neutral,neutral,0.6406060108100459,Too many adds,3,Magazine_Subscriptions,3,True,False,False
neutral,negative,0.7004147041928431,Filled with advertising.,3,Magazine_Subscriptions,3,False,False,False
neutral,negative,0.5675369965782329,"At 5 USD per year, and with a free trial, you won't miss much. I got the print version 12 years ago and it was a stellar magazine. Nowadays, most reviews seem to beg to differ. I say go ahead and try it. As for me, I stay informed about the Tech industry through Google and Youtube anymore.",3,Magazine_Subscriptions,58,False,False,False
neutral,neutral,0.4914499673706437,"I like the ideas in this magazine and sometimes the articles are useful, but by and large the photography gives the whole magazine a DIY vibe, and not a great one.",3,Magazine_Subscriptions,31,True,True,True
neutral,positive,0.6172385627289269,Great magazine but be aware of auto renew,3,Magazine_Subscriptions,8,False,True,False
neutral,negative,0.8051351301021802,Lots of advertising....kinda boring won't buy again,3,Magazine_Subscriptions,7,False,False,False
neutral,neutral,0.7958281507300902,I get Entertainment too.  It's okay.,3,Magazine_Subscriptions,6,True,False,False
neutral,neutral,0.79431635703062,It was ok for a $5 subscription,3,Magazine_Subscriptions,7,True,False,False
neutral,negative,0.5467922291742886,"The listing states 11 issued per year... but you only get 9.  Months combined are Jan/Feb, Apr/May, and Jun/Jul.....<br />Also page count is way down from my rememberace of years gone by...  In any event only about 75 pages.<br />Sometimes when a magazine drops below 100 pages, the handwriting is on the wall.",3,Magazine_Subscriptions,53,False,True,False
neutral,negative,0.674557281446374,"Not the magazine I remember as a kid, in that the articles are one page info blurbs for the company who makes whatever....Popular Science and this mag used to grace my mailbox 50 years ago....I see why they will not much longer here. An ad on every 2 pages....you know..like your wife's COSMO or Woman's Day",3,Magazine_Subscriptions,56,False,False,False
neutral,negative,0.5537531637390339,I saw an ad for this magazine I used to look forward to getting in my mail. I was excited until I read the reviews and realized why I had stopped getting it.  They had sent me old issues that I already had as part of my subscription. I felt like I wasted my money.  I also noted the increase in ads and the less quality and quantity of useful recipes and tips.  The photos are always beautiful but that is not why I bought the magazine.,3,Magazine_Subscriptions,87,False,True,False
neutral,neutral,0.7353616746881372,Not very many pages thick anymore but it's alright.,3,Magazine_Subscriptions,9,True,True,False
neutral,negative,0.550080366161869,"I got Kindle subscription for free as part of Kindle Unlimited deal, so I didn’t have to pay for it, which makes this bearable.<br /><br />This particular issue (May 2021) was dedicated to Octavia Butler, who I simply can not stand (gasp). She was a leader of woke in SF at the time when word “woke” did not yet exist. As a result, about 1/3 of the magazine is a woke garbage - global warming killing people,  blacks are honest, noble and brave, white people are racist, heartless killers,  corporations and capitalism are bad, and so on.<br />Remaining 2/3 of the stories are actually good, and I enjoyed them a lot.<br /><br />Unfortunately, something I can possibly attribute to kindle formatting errors created really bad grammar and spelling. Proofreading of final release is a must.<br /><br />I’m giving this 2 stars, and will update my rating based on my experience with more issues. I really hope that wokeness will be kept in check, but I’m not holding my breath, because editorializing shows that selection  was very intentional.",3,Magazine_Subscriptions,177,False,True,True
neutral,positive,0.4242700282308493,"Calling this magazine ""wired"" or ""a tech magazine"" is false. While most of the articles cover things about tech and are very well written. The tech subject is very minimal in this magazine. I have been trying to find articles that I have interest in with a years subscription. I found one that met my interest. I forced myself to read other articles.<br /><br />This magazine is kinda like a cross between a tech and pop culture magazine. It covers stories about people involved with technology more than technology itself.",3,Magazine_Subscriptions,90,False,True,False
neutral,negative,0.6336993098792143,Really wanted to see architectural designs… will no renew. Watch the YouTube channel and get same and more.,3,Magazine_Subscriptions,18,False,False,False
neutral,neutral,0.6143096136899715,"I was a 20+ year subscriber, but cancelled a year or two ago as PM started with more and more ""woke"" articles.  I do miss the content that had made PM great for so many years.<br /><br />Hoping to update this to five stars after reading and assessing a couple editions...",3,Magazine_Subscriptions,51,True,True,False
neutral,positive,0.9982369963451874,Great,3,Magazine_Subscriptions,1,False,False,False
neutral,positive,0.7315669541453653,Household tips,3,Magazine_Subscriptions,2,False,False,False
neutral,neutral,0.5876562225534148,I always liked Resder’s Digest but these editions are too thin. I read both of them in 2 hours.,3,Magazine_Subscriptions,19,True,True,False
neutral,neutral,0.49288561245121754,Just received our first issue and would be more impressed if I had never had magazine in the past.<br />The bright glossy pages of the past is a high standard to meet.<br />Content seems good. I’ll keep reading!,3,Magazine_Subscriptions,38,True,False,False
neutral,neutral,0.5726787918517896,"My dislikes is that it doesn't have very many beading patterns in it, but it does have a lot of advertisments.  For the price I expected a lot more pattern content.  The beading patterns also seem geared for the expert beader rather than for the beginning or intermediate beader.  That's just my opinion.",3,Magazine_Subscriptions,53,True,True,False
neutral,neutral,0.527950369941598,Collaborative articles and stories.  Varying subject matters. Won't appeal to everyone but something for everyone.  Delivery unpredictable,3,Magazine_Subscriptions,17,True,True,False
neutral,neutral,0.9051750242169909,Mostly adds and politics show through in their articles. I guess for the price is okay,3,Magazine_Subscriptions,16,True,False,False
neutral,negative,0.7256999778583563,not my style. i made mistake,3,Magazine_Subscriptions,6,False,False,False
neutral,neutral,0.6270348451204183,Lots of pictures of she and her family. Not that interesting.,3,Magazine_Subscriptions,11,True,False,False
neutral,positive,0.46127060583563256,"She loves this mag, so I renew and renew for her.  I, myself, have moved on, tho I used to subscribe.  (And I agree with another reviewer who said there are too many very odd ingredients:  caul fat, agar-agar.  Buy 'em, use 'em once, and then push to back of refrig or pantry.)  mb",3,Magazine_Subscriptions,54,False,False,False
neutral,neutral,0.724157783853506,Would like better in LARGE print Hard to read.,3,Magazine_Subscriptions,9,True,False,False
neutral,negative,0.5767370351638393,"I HAD THIS MAGIZNE FOR OVER 12 YEARS, THEN THEY CHANGED TO A MONTHLY FORMAT. IT DOES NOT MAKE SENSE TO ME ANY MORE.  I WILL NOT RENEW.",3,Magazine_Subscriptions,28,False,False,False
neutral,negative,0.4079810188334759,"Interesting ideas for meals. I'm a little boring when it comes to my food, don't live close to markets. But it opens up ideas.",3,Magazine_Subscriptions,24,False,True,False
neutral,negative,0.59117368913406,Wasn’t impressed by the content,3,Magazine_Subscriptions,5,False,False,False
neutral,neutral,0.6631199644367785,"I was a big fan of VF back in the Graydon Carter days, when the articles and editorials were at least interesting.  Used to take me a week to read everything and I was interested in about 90% of the content.  Now there's nothing special about it- takes about 45 minutes to get through, if that- and I'm only interested in about 25% of the content.  I only get it because I live out in the middle of nowhere and it's nice to get a magazine (at a reduced price). If you're expecting the VF content of a few years back you'll probably be disappointed.",3,Magazine_Subscriptions,105,True,False,False
neutral,negative,0.49358804030125947,I will see what the second copy offers,3,Magazine_Subscriptions,8,False,False,False
neutral,negative,0.9308149942259295,won't buy again,3,Magazine_Subscriptions,3,False,False,False
neutral,negative,0.7052496706193916,"I am only giving 3 stars because I thought I bought a 1 year subscription for my boyfriend and he has only received 2 so far this year and I ordered this awhile ago and it's been awhile since we've seen another issue of it.  Not sure what to do or who to ask, but if we aren't getting a full year subscription then I want a partial refund because we did receive 2 copies...but that's it.",3,Magazine_Subscriptions,77,False,True,False
neutral,neutral,0.5331752280367207,"I don't know how long I'll subscribe --- there is a constant drumbeat of censure of the right, criticism of conservatives, citizens and politicians alike. It is clearly deliberate propaganda, so what does that have to do with news? It would be a good magazine if it took a neutral, objective position, as it should. But wow, there is a deliberate whack against the right on every double page. Gratuitous insulting: throwing away a lot of the potential audience.",3,Magazine_Subscriptions,79,True,True,False
neutral,neutral,0.6788650958778789,"I used to really enjoy the experience of flipping through the pages of Real Simple magazine. The images on the cover, the quality of the print always drew me in. And I always found interesting recipes.<br /><br />Years later, buying this subscription, I realize what a difference it makes. There are still some nice images presented in articles, and the content is ok, but the Matt style and the lower quality of paper (not to mention what seems like 50% more ads) is really disappointing. The magazine used to seem like a special treat I’d give myself and now I feel like it’s hard for me to appreciate articles, having to wade through the bulk of advertisements. Its as if the Real Simple people decided presentation wasn’t as important and I miss what it used to be. Maybe this is just the subscription online version? I don’t know. I just know I’m not enjoying it as much.<br />Im not someone who usually judges a book by its cover and I did see other reviewers complaining a lot about the ads, but I decided to try and overlook them and give it a shot. I won’t be renewing my subscription.",3,Magazine_Subscriptions,199,True,True,True
neutral,negative,0.6733590056881493,Not the same as I remember before. Disappointed in new publication. All ads. No glamour.,3,Magazine_Subscriptions,15,False,False,False
neutral,neutral,0.5189683021057327,I didn’t find this to live up to its name. Nothing really new or inspiring. Didn’t find a single project that I wanted to jump up and do and found the issues repetitive. Havind said all that  I will note that if your cash flow is better than mine you may find it more to your liking but I’m definitely a design on a dime type who loves repurposing salvage and the likes. To each their own! Just not my bag.,3,Magazine_Subscriptions,81,True,True,False
neutral,neutral,0.5359212366694344,I read this magazine when it first came out and really enjoyed it. Due to the pressures of daily life and time constraints I let my subscription lapse. During the pandemic I found that I had more free time and though this would be a good fit. I'm not saying the magazine is bad it just isn't as good as it used to be. There seems to be a lot of puff pieces to stroke the egos of CEOs. Little that is cutting edge and kind of dumbed down articles. I get that they need to do this to appeal to the masses.,3,Magazine_Subscriptions,103,True,True,True
neutral,positive,0.7045444868462267,More advertising than other food magazines. The recipes are easy to do.,3,Magazine_Subscriptions,12,False,False,False
neutral,positive,0.6248653435628302,"I’m not disappointed in the product itself. But I had great vision of reading the magazine to my kids and enjoying it together. But it didn’t hold their attentions long enough to get through half a copy.<br /><br />I as a kid, remember loving Ranger Rick.",3,Magazine_Subscriptions,46,False,True,True
neutral,positive,0.7034207967294497,Pretty photos but hit or miss on content.  Got a great deal from Amazon so worthwhile- and easy to toss after reading!,3,Magazine_Subscriptions,22,False,True,False
neutral,neutral,0.6992401610330202,"An okay magazine.  It is no longer weekly, only monthly",3,Magazine_Subscriptions,10,True,False,False
neutral,positive,0.9368639674810446,"Great price for one of my favorite magazines, but delivery is late!",3,Magazine_Subscriptions,12,False,True,False
neutral,neutral,0.3908954658492011,"I previously had a subscription and loved the quality of information and the amount of information each month.  Now, each monthly publication has very little information and the value is questionable.  Will not be renewing the subscription.",3,Magazine_Subscriptions,37,True,False,True
neutral,negative,0.37059775527365313,"Been a subscriber to Car and Driver for about 30 years (crazy to say that!  When the hell did I get this old?), and, for 28.5 of those years, I'd have given a 5+ star review.  I loved almost all the writers and felt I'd gotten to know them over the years.  I loved the quirkiness and I didn't mind the occasional issue full of truck or minivan reviews, I love reading about cars I'll never be able to afford, or odd vehicles that aren't cars.  I loved the Letters to Ed. and would often scoff at the uptight ninnies who would write in to complain about some aspect of the magazine and then end their letter proclaiming they were cancelling their subscription...<br /><br />With the most recent editorial change, I tried to give it a chance but it is clear that this mag is not coming back from their ""wokeness"".  Issues full of e-cars, frequent fearful references to COVID, and social justice references simply aren't enjoyable to read.  And putting a ridiculous ""interview"" with Biden on the last page of the most recent issue?  Ooookay.  &lt;insert eyeroll here><br /><br />It's a shame because I still enjoy much of the writing and the (ever fewer) car reviews but it seems that this magazine has gone from forging their own path to taking the path more traveled, along with so many other mega-corporations...",3,Magazine_Subscriptions,232,False,True,True
neutral,neutral,0.5880290691008608,"Most of the farms highlighted or perhaps all of them are large farms.  We have eight acres and most of the articles simply do not apply.  However, it is a nice read if you are considering going larger.",3,Magazine_Subscriptions,38,True,False,False
neutral,neutral,0.5224202019781459,"It is a decent magazine, though it seems to be less focused on food and recipes than it was years ago. It is basically a print advertisement for the channel.",3,Magazine_Subscriptions,30,True,True,False
neutral,neutral,0.8025640235811146,"I used to subscribe to Car and Driver, for many years and enjoyed it very much. Now, not so much. It has a  mere fraction of its former content; I was shocked to feel the lack of paperwork when I picked up the first issue. I am not the only one to complain of this. Some of the articles are still interesting and humorous, but it just lacks the same excitement that it once had. I will not renew.",3,Magazine_Subscriptions,79,True,True,True
neutral,neutral,0.596158331199858,The recipes tend to be good but I just don’t need food ideas to come marinated in social justice. Let’s skip the environmental warrior stuff and please just stick to food.,3,Magazine_Subscriptions,31,True,True,False
neutral,neutral,0.5616916498426143,Nice magazine but need to. cancel.,3,Magazine_Subscriptions,6,True,True,False
neutral,negative,0.6580625265570935,"It wasn't the magazine itself, but I only received 3 issues.",3,Magazine_Subscriptions,11,False,True,False
neutral,negative,0.6471636109445729,"The human interest stories often have a woke political slant or are incredibly stupid. Gladiators? What is this, 1999? And pictures of Hungarians swimming in a lake? Like, who cares? The subscription was cheap so I gave this magazine a shot, but I'll definitely not be renewing.",3,Magazine_Subscriptions,47,False,True,False
neutral,neutral,0.47708378336750695,Not enough information about the area and current events and venues. Wouldn't order it again,3,Magazine_Subscriptions,15,True,False,False
neutral,positive,0.4592697691128128,Eeehhh...,3,Magazine_Subscriptions,1,False,False,False
neutral,negative,0.4384090495296752,Great magazine but only received a total of 4 magazines!,3,Magazine_Subscriptions,10,False,True,False
neutral,negative,0.9548131387289261,"Only received 3 issues, very disappointed",3,Magazine_Subscriptions,6,False,False,False
neutral,neutral,0.5692789600813685,Not as good as I remembered,3,Magazine_Subscriptions,6,True,False,True
neutral,neutral,0.6971680594409145,Not what I remember. Very sparse topics.,3,Magazine_Subscriptions,7,True,False,False
neutral,neutral,0.4584289820065856,Been awhile since my purchase of this mag and have only received 1. It’s been too long since another one has arrived. I had this problem before then like 3 of them came at once!,3,Magazine_Subscriptions,35,True,False,False
neutral,negative,0.6247971322224645,I really like the few pictures in the magazine but the ads take up way over half of the magazine. Not much interesting content.,3,Magazine_Subscriptions,24,False,True,False
neutral,negative,0.5475144185927554,"Years ago used to subscribe to this magazine when it actually was about ""prevention"" and about 1/2 inch thick. I cancelled after it shrunk to 1/4 inch with half the content ads. The few articles are good but not worth the subscription.",3,Magazine_Subscriptions,42,False,True,True
neutral,negative,0.6708730931432391,"Like the magazine, but geez, warn us before automatically taking my Money, I thought I would get a warning.",3,Magazine_Subscriptions,19,False,True,False
neutral,neutral,0.6367345268938331,"The pictures of the meals looked really good and made me hungry but the effort to make them was too much for me (special ingredients, processes, equipment, time, etc...).  Now, I need to figure out how to ensure my subscription is not renewed automatically.",3,Magazine_Subscriptions,44,True,True,True
neutral,neutral,0.4816414632537299,"I'm sure many people like this, but it wasn't much to our tastes.",3,Magazine_Subscriptions,13,True,True,False
neutral,positive,0.7022027457137113,Enjoy pictures & articles.,3,Magazine_Subscriptions,4,False,False,False
neutral,neutral,0.5586061994673447,"I was excited to get this subscription, I’ve had it in the past. But I feel like the magazine is 80% ads now.",3,Magazine_Subscriptions,23,True,True,False
neutral,negative,0.8167216353794728,"I was compelled to write this mag review because I noticed so many reviews here complaining about the auto-renew ""scam"".<br />  Bit of advice. Have you people heard of a checking account? Of checks? Write them a check. Never never use credit card for mag subscriptions!  (Or some other services such as Dental Insurance ahem).<br />  I've always done it by check, and no prob except you are inundated with pleas to renew your sub, of course.<br />  That SAID, my rating for The New Yorker is 3 1/2. A decade ago it was five stars but has lost some attraction for me because it is rather ""woke"" these days. Although I'm leaning liberal, I""m still a white guy last time I checked so have not too much interest in the BLM  or LGBT.... I still love the ""critics"" section, art and books reviews. And cartoons which are not as good IMO as a decade ago but still amusing.",3,Magazine_Subscriptions,159,False,True,True
neutral,neutral,0.6134075457901065,"If San Diego really is America’s finest city, then I’d like to see more stories of interest along with so many advertisements.",3,Magazine_Subscriptions,22,True,False,False
neutral,positive,0.5077796272554821,As expected,3,Magazine_Subscriptions,2,False,False,False
neutral,neutral,0.7139661310499353,Had nothing but problems getting them to sent it to our grandson. He was unimpressed and did not want to have it renewed.,3,Magazine_Subscriptions,23,True,True,False
neutral,positive,0.8396884506536751,i finally got this one and i love it,3,Magazine_Subscriptions,9,False,False,False
neutral,negative,0.5282213207849098,Have two small puppies. The toy was bigger than the dogs.,3,Subscription_Boxes,11,False,False,False
neutral,neutral,0.6225529472332653,I used to enjoy reading it but the last two were really not worth it at all. Will not be renewing unless they print something worth reading,3,Magazine_Subscriptions,27,True,True,True
neutral,neutral,0.6518739977064179,"Great value, quality it's, even the small sized box items were too big for my toy poodle/Bichon frisé.",3,Subscription_Boxes,18,True,False,False
neutral,positive,0.47128394588874695,This is a gift subscription for my mom’s dog. Her dog loves it. The complaint is that the stuffed animal toys don’t even last 24 hours. Don’t get me wrong he loves everything in the box but all the toys are stuffed animals and are destroyed in a few hours. My mom sends me pictures of the stuffing all over the floor the same day.,3,Subscription_Boxes,65,False,True,False
neutral,negative,0.7651502986714696,Too little info. Very basic. Not many pages. Kids lost interest. Needs longer articles on each subject with more info and photos. Not worth the money.<br />Only 6 issues and three came at once. I got a notice for auto renewal after 3 issues delivered. Waste of money.,3,Magazine_Subscriptions,48,False,False,False
neutral,negative,0.7816659296720667,"Ordered a subscription of 1 year however when I check my account on the publishers site, they have it expiring after 9 months.  I wasn't sent 2 (out of 4) issues.  When I try to call, the automated operator puts me on hold and then the call disconnects.  Won't be renewing.  :(",3,Magazine_Subscriptions,52,False,True,False
neutral,neutral,0.5788886717730568,"It doesn't take my dog a long time to eat them.  I thought it would give her many min. of knaw time, but she goes through one very quickly.",3,Subscription_Boxes,29,True,True,False
neutral,negative,0.7021104403381516,"I am glad to have a TV Guide, but I received a bill right after my first issue wanting me to pay 5x the amount I got the original subscription for to get for another year.  TV Guide is bad about that and they do not keep track of what you are owed.  I learned this years ago with my prior subscriptions.",3,Magazine_Subscriptions,62,False,True,False
neutral,neutral,0.5135530934835221,Fortune publishes every 2 months for a total of 6 issues a year. They misrepresent the subscription as 12 issues by claiming that each magazine is a double issue.,3,Magazine_Subscriptions,29,True,False,False
neutral,negative,0.8079535622968885,Tried it for 2 months.  Both months the boxes were just outright bad.  They always throw in a garbage food item as well.  I’d be open to trying a different box but Cairn just isn’t worth it.,3,Subscription_Boxes,37,False,True,False
neutral,negative,0.4645349732046814,I used to love this magazine but have received 3 issues and it is not like when She first started it.,3,Magazine_Subscriptions,21,False,True,True
neutral,positive,0.44253577156091506,Great variety in the small dog box I recieved. I have a Frenchie and he has a very small mouth and did have a problem trying to chew some. But overall a good product for a d0g with a little bigger mouth than mine has .,3,Subscription_Boxes,46,False,True,False
neutral,neutral,0.35780093613827785,i used to love eating well magazine for all the fancy/complicated recipes and articles about fish sustainability/farm fishing etc. now it's crap and had beauty and other articles that have nothing to do with healthy eating. the recipes arent' great anymore either. really disappointed.,3,Magazine_Subscriptions,44,True,False,False
neutral,negative,0.5641202542478121,it doesnt have what i need. mardy k.,3,Magazine_Subscriptions,8,False,False,False
neutral,neutral,0.6831582302874029,"I liked being surprised and didn't have high expectations. The corny or cheesy ones were fine. I just didn't like that the majority of shirts were white or really light gray. I don't wear light t-shirts (I am a messy Marvin). Only reason why I cancelled. For the price, didn't expect super high quality, just looking for a little surprise every month.",3,Subscription_Boxes,62,True,False,False
neutral,neutral,0.4926436768519615,A little less joking around and more direction would be my only change.,3,Subscription_Boxes,13,True,False,False
neutral,negative,0.6185407614072342,"Tried to cancel this several times, it keeps popping back up",3,Subscription_Boxes,11,False,False,False
neutral,negative,0.5238553825092503,"I love this magazine. It has great photography and articles. However, this company delivers magazines at least six weeks late and they do not respond to emails. The last issue I received was July, delivered late August. Won't renew.",3,Magazine_Subscriptions,39,False,False,True
neutral,neutral,0.7749078414962622,"I received the shirt, it was nice and in excellent condition. But I can’t really say based on one item in a subscription based program if I like the program or not. I think after the second or maybe even the third shirt in the series I will have an objective opinion about these shirts. I will say that the price is fair, and the shirt I received felt like it was good quality. But time will ultimately tell the tale.",3,Subscription_Boxes,81,True,True,False
neutral,neutral,0.7653545550095135,It was ok for a few months.  Then the products start getting repetitive.  I have more blister blocker and treatment to now last a lifetime.  The food items were pretty decent until the beef-jerky option showed up.  If they are going to get that specific then they should be asking about food preferences.,3,Subscription_Boxes,53,True,False,False
neutral,neutral,0.7812175693952252,I wasn’t sure what to expect but as a designer I felt it wasn’t to par. I am hopeful we will get some better designs,3,Subscription_Boxes,25,True,True,False
neutral,negative,0.5827592319611434,The treats are amazing but the toys not so much. I have only received super hard plastic toys. My dogs wont even play with them. If you drop them they would break your toes. I have 3 dogs all different breeds and none of them play with these toys. So overall a waist of money for our household.,3,Subscription_Boxes,58,False,True,True
neutral,neutral,0.5044301998270275,This subscription box used to be worth the money until they raised the monthly price and lately the product value barely hits $45. I won’t renew in the future,3,Subscription_Boxes,29,True,False,False
neutral,negative,0.5896256658160499,"Most of the boxes have been okay... until the Peru one we just got.  Made us cancel sub.  Half the box was empty,  tons of saltines and tasteless crackers.  DONE",3,Subscription_Boxes,30,False,False,False
neutral,neutral,0.4333295033354016,"I rated this shirt 3 stars because the shirt is red- I’m not a huge fan of red, and neither is my son.. but the graphic is cute! Definitely looking forward to the next one!",3,Subscription_Boxes,35,True,True,False
neutral,neutral,0.6482306767128273,I wish it could be a little bigger and have more pages and recipes.,3,Magazine_Subscriptions,14,True,False,False
neutral,positive,0.48251019324923816,Wish this magazine had more recipes.,3,Magazine_Subscriptions,6,False,False,False
neutral,negative,0.46390736604147825,"First shirt is generic, almost like it was generated by a computer. Gonna keep it but disappointed. Hopefully the next one will be better",3,Subscription_Boxes,24,False,True,False
neutral,neutral,0.44974667418438175,This cost too much and only get a few items,3,Subscription_Boxes,10,True,False,False
neutral,neutral,0.48631792563334336,"I had to cancel my subscription because the articles and reviews focus on products that most cannot afford. Sure I enjoy reading and dreaming about $35,000 turntables and $200,000 speakers, but how does that help me if I can't afford it. I have been a so-called audiophile for the past 35+ years and have had subscriptions to Stereophile Magazine on and off during that life span. What I noticed is that the equipment that is reviewed is increasingly becoming more exotic and outrageously expensive and that nobody has ever heard of ?  If I did win the Lotto, I would not know where to go to audition this equipment, because it is so exotic. Not only that, the print in this magazine is so small, I am relegated to using a magnifying-glass just to read it due to my aging eyes. I wish publishers would take into consideration the aged as well as the young, but it's all about saving space for full-color ads.",3,Magazine_Subscriptions,164,True,True,True
neutral,positive,0.4664882834101206,It's a cool little box. My son loves it. But it has never once been delivered on time. We will go a couple months to get one owed a month ago. They are always behind and late.,3,Subscription_Boxes,37,False,True,False
neutral,negative,0.5623975001476575,I have only received one issue. Too soon to judge.,3,Magazine_Subscriptions,10,False,False,False
neutral,neutral,0.7962161215926896,Box okay for price. Just not for me. Mostly samples.,3,Subscription_Boxes,10,True,False,False
neutral,negative,0.46828885073422244,Not overly impressed by the box. Other subscriptions are much better.,3,Subscription_Boxes,11,False,False,False
neutral,negative,0.824846260823414,"We love Highlights. We unfortunately fell for the scratch off and didn't read the small print. When I suspended the 2nd subscription I unknowingly signed up for, we also stopped getting the Highlights I already paid for for the year. I hear it's next to impossible to cancel. So, I was a little disappointed.",3,Magazine_Subscriptions,54,False,False,False
neutral,negative,0.474085349836245,"I am a Pioneer Woman Fan.  She has dishes you can believe with ingredients you are familiar with and they are good.  Her magazine was a disappointment.  I was expecting more of her recipes, not a magazine filled with advertisements.<br /><br />AScales",3,Magazine_Subscriptions,42,False,False,False
neutral,negative,0.5504660380961705,"I absolutely love the idea. Being able to get treats and surprises from home all the way in TX, what more could an expat girl want!<br />But my most recent box arrived damaged and inside  the chips (both packets) were popped and crushed. The chocolate bars and snack bars also arrived melted to a liquid form. I’d think maybe the shipping of chocolate wouldn’t be the best idea and could of been replaced with something less perishable?",3,Subscription_Boxes,77,False,False,True
neutral,neutral,0.6554102952225993,I was really excited that this box arrived early! I also love how the packaging is entirely compostable. The products were nice. I wish the box had more products and less filler. I am a little pissed off that they claim that a lip balm costs $30.,3,Subscription_Boxes,47,True,False,False
neutral,neutral,0.5368097296680657,Nice shirt but the biggest man size they have dose not fit my husband,3,Subscription_Boxes,14,True,True,False
neutral,neutral,0.5462199547062996,This magazine was chuck full of helpful & useful info like 5 - 10 years ago. It has really flushed itself down the toilet since then. I only subscribe now because I am hopeful that it will turn things around soon.,3,Magazine_Subscriptions,41,True,False,False
neutral,neutral,0.7714007541456994,Not snacks that we enjoy.,3,Subscription_Boxes,5,True,False,False
neutral,neutral,0.5634668945741594,"The toys are wonderful. Although my German Shepherd pit mix prefers the crinkly toys in the regular box.  None of the three dogs  will play with the durable  chew toys.<br />I only gave three stars because not all the treats are sourced in US, although  the company is responsive to making the boxes reflect your needs.<br />  But the main reason I dropped the stars is because shipping is free only in the contiguous US and its prohibitive for a monthly subscription mailed to Alaska.  So I canceled my subscription.<br />  Also, I have bagged up toys I give away or rotate every few months. There’s only so much you can store. I give away a lot to the rescues.  I enjoy opening the fun boxes.  The dogs like the new smells, then decide which ones to ignore. It is  a better deal for me to buy individual crinkly toys instead of a subscription.",3,Subscription_Boxes,154,True,True,True
neutral,positive,0.47548285138227264,I love Cottage journal but wish it didn't take so long to get here.,3,Magazine_Subscriptions,14,False,True,False
neutral,neutral,0.5476848486881764,"I bought this subscription on a whim, having read and enjoyed Wired a couple of years ago.  The first issue I received is sorely lacking in interesting writing and topics.",3,Magazine_Subscriptions,30,True,False,False
neutral,negative,0.7443012910820493,It’s 2021. There is no excuse for magazine subscriptions to take just as long to deliver the first issue as if it were 1996.,3,Magazine_Subscriptions,24,False,False,False
neutral,negative,0.7632591230011556,"The focus on celebrities is annoying.  Paper and print quality are not great.  Some content is just peculiar and overly eccentric.  I used to save these magazines and go back to them.  No longer have a need, they are not worth keeping.",3,Magazine_Subscriptions,42,False,False,False
neutral,positive,0.5308335885138319,Would of been nice to get these consistently but only saw a few magazines and still paid for the newsstand,3,Magazine_Subscriptions,20,False,True,False
neutral,negative,0.6848802745174783,"I was looking forward to the delivery, but the company fell short.  All the toys were related to alcohol.  Not for cats, but the toys, maritini glass, wine bottle, liquid catnip in a mini wine bottle and more.  Not my style, I don't  drink.  What is next a cigarette box of cat toys?",3,Subscription_Boxes,53,False,True,False
neutral,neutral,0.44099196090635573,I like that it did show times and channels of evening show times but not daytime shows and times,3,Magazine_Subscriptions,19,True,True,False
neutral,negative,0.5016936909447693,Every month won’t be a winner but I’ve never seen or heard of what I got.  I thought the first month would be something popular or epic.,3,Subscription_Boxes,27,False,True,False
neutral,negative,0.6083293586420122,"This was the first month with the subscription. The shirt is under sized and even though port authority, the fabric was thin.  The graphic was extremely disappointing. There is no other word than ugly to use to describe. Hoping next month is greatly improved as far as the graphic. Not Disney quality at all.",3,Subscription_Boxes,54,False,True,False
neutral,negative,0.6811625813595075,The pic on the front is very cute. But I only have got one shirt. As others have said the shirt is small and thin. I would have gladly paid more for a higher-quality shirt. If it shrinks in the wash I will be in trouble and no doubt cancel my subscription.,3,Subscription_Boxes,52,False,True,False
neutral,negative,0.6839872507798467,"A way to feed you advertising. I would pay triple what this magazine costs if it had no ads. But then it might only be 7 pages long...<br />Update: just received my 3rd magazine in 5 months. The first 2 arrived within weeks of each other. Very, very few recipes. Tons of advertising. Wish I could find a food magazine that doesn’t advertise pharmaceuticals.",3,Magazine_Subscriptions,64,False,True,False
neutral,positive,0.5354614924773387,"I gave gotten a few good tips from this magazine & the pictures are beautiful, but there are a ton of ads in it.",3,Magazine_Subscriptions,24,False,True,False
neutral,neutral,0.7032257445078636,"Decorating ideas are always fun to observe, but this mag. has very little actual ""content"".  It's primarily ads.  Probably won't renew.",3,Magazine_Subscriptions,21,True,True,False
neutral,negative,0.8382469911712527,do not like mag just cancelled it,3,Magazine_Subscriptions,7,False,False,False
neutral,negative,0.7916790411797473,"3x size was way too small about a 1x size.  Cancelled subscription.  It is so disappointing, all licensed clothing is not sized correctly for plus sizes.  I have not found one t-shirt that fits.",3,Subscription_Boxes,34,False,False,False
neutral,neutral,0.44686604791174256,"especially considering Amazon owns the franchise so they can make whatever designs they want. The shirts fit me perfect and are very comfortable but out of the 7 or 8 shirts I've gotten, I haven't been too happy with the designs. I feel like there is soo many great things they could use for shirt designs but maybe they are holding out for the other expanse related shirts that are sold singly on here because I have seen some others on Amazon that are awesome! I was really hoping to have gotten a shirt with a picture of the Rocinate on it by now or some of the other popular ships, but the closest we've gotten is the pin-up girl from the front of the ship with the name written in cursive, which is actually the only one I've gotten and really loved when I opened it. I like the idea of the t-shirt sub and I have subbed to other t-shirt clubs before, but unfortunately, because I think that the designs have been lacking, I'm going to cancel this sub for now.",3,Subscription_Boxes,183,True,True,True
neutral,negative,0.7547806827961017,"As noted in the headline, the magazine closed shop in 2013. ~ I was a subscriber for many years, then stopped a few years before it closed down. I stopped subscribing when they seriously veered from their stated mission of appealing to women over 40. The magazine increasingly had ads with 20-something airheads and offensive sex-related articles. This is why I stopped subscribing. One can only ponder if others stopped subscribing for similar reasons and if it led to the magazine halting publication. ~ Such as shame. At one time, it was a truly great magazine.",3,Magazine_Subscriptions,96,False,False,False
neutral,neutral,0.7557921737569889,"Oh, Milk Street, why can't I quit you?? I'm cheap and it drives me crazy to pay $30 for six freakin issues when so many other culinary magazines are cheaper (Bon Appetit is 12 issues for $10!!!!!!), but that's probably why Milk Street isn't filled with ads, but instead article after article of great recipes. This is not a magazine filled with huge colorful photos, but more text driven with creative recipes from around the world and why they are done the way they are, focusing on effective shortcuts with time and accessible ingredients in mind. If you're (or the person you're gifting to is) the kind that actually reads cooking magazines from cover to cover and doesn't skim for pretty images, this is definitely the one for you.<br /><br />I could do without some of the dramatic travel stories where the author thinks they're Hemingway, but the amount of good, interesting, unique recipes is what has me coming back. Maybe cut down on the travel and cut the price, MS?? Either way, I'll be renewing for myself and my mom, who is also hooked.",3,Magazine_Subscriptions,185,True,True,True
neutral,positive,0.7221180564706067,"Love the idea the treats are neat, BUT they sent the same box on back to back months.  If it happens again, I'm out.",3,Subscription_Boxes,24,False,True,False
neutral,neutral,0.5790893910260613,"Always enjoyed recipes, how the cooks design their kitchen. I did enjoy last months issue, it was a delight. I don’t think I am renewing this year, to many variations of the same dish. I am getting bored, I am sure I will glance at an issue at my daughters house. I wish them well. Let’s see if they improve over the next year.",3,Magazine_Subscriptions,64,True,False,False
neutral,negative,0.4819269096755389,But I'm not a Superman fan so it was a give away.,3,Subscription_Boxes,12,False,True,False
neutral,neutral,0.4621957831958963,Overall good value. I wish there was a bit more variety. We’ve gotten 2 deliveries now. No repeats but like 6 Spider-Man related comics in the 2nd delivery.,3,Subscription_Boxes,28,True,True,True
neutral,neutral,0.5603644028043816,Haven't received printed issues since the August issue and should have subscription until December 2021. Makes me sad because I really enjoyed this magazine. Have had reservations on going for another year because of this. No one to contact about it since I am in the United States.,3,Magazine_Subscriptions,48,True,False,True
neutral,negative,0.5035280511719791,Its always fun to get a surprise in the mail. But this has to be the ugliest pair of socks I’ve ever seen. 6 colors in the socks and none of them match! Sure hope the next pair is better!,3,Subscription_Boxes,40,False,True,False
neutral,neutral,0.48585595311262963,I was expecting better quality not  at-shirt that looks like the logo is an iron on.,3,Subscription_Boxes,16,True,False,False
neutral,negative,0.5581788553274735,"Received Sep/21 and Oct/21, info are not useful for DIY or generic handyman.",3,Magazine_Subscriptions,13,False,False,False
neutral,negative,0.5644271824256806,"I really love coin world magazine.  I do not care for the monthly price guide that is outdated before it is published.  For me, the monthly issue goes straight to the recycle bin, I don't bother reading it.  Love the 52 weekly issues so much, I would get 5 year subscriptions in advance ...just don't want the monthly issue as its a big waste of resources (environmentally).  I really miss the old newsprint style as the glossy pages are difficult to read in bright light.",3,Magazine_Subscriptions,85,False,False,True
neutral,neutral,0.530225524335534,"I've been thinking of cancelling, did it because I figured maybe they'll send something I don't have and wouldn't think about picking.  Like I said, it's ok.  My biggest complaint is that it drops in you orders and ships what seems like immediately and leaving you little to know time to cancel.  Some things i'd like to cancel since I already have it or I just plain really don't want it.  I understand that slowing the machine to ship something can be impossible so they should at least give you a heads up as to what is going to show up in your orders.  I haven't received anything that has wow'd me and giving it 3 stars since I can't give it 2.5.  Nice concept but needs some work.",3,Subscription_Boxes,129,True,True,False
neutral,neutral,0.7347537277965248,3 stars for the LONG wait on initial delivery of subscription.,3,Magazine_Subscriptions,11,True,False,False
neutral,neutral,0.5250411141729456,"I was disappointed with the Reader’s Digest. I had not seen one for many years and was looking forward to getting the subscription. Consequently, it is not the quality little magazine I remember. The paper quality is poor and the print quality is also more newspaper like. The print is small. It’s just not the book I remember.",3,Magazine_Subscriptions,58,True,False,False
neutral,neutral,0.5091480111478328,I thought that my 11 year old would like a dinosaur magazine and so I purchased this. We have only received one so far but this is way too advanced for him. I read it in its entirety and even I had trouble getting through what seemed like a college lecture with some artist photos and a couple real dino fossils in photos  I wish I could stop this order from continuing even though we love dinosaurs,3,Magazine_Subscriptions,77,True,True,False
neutral,neutral,0.6440237204534981,"Purchased for my 4 1/2 year old Granddaughter, the toys are small, not sure if they are worth the cost. We're in our 3rd box. Going to give it another try.",3,Subscription_Boxes,31,True,False,False
neutral,neutral,0.4313238059759335,My dog obviously did love the set but I was slightly underwhelmed by it. The “chews” were eaten in 30 seconds and the bags of treats are sorta small. Toys were sized as expected and my dog rips anything up if given ten minutes so they worked as expected. There was a ball in the one toy which is his favorite toy and he hasn’t put it down since. The squeaky candy corn felt like really good quality but he’s more interested in the ball. It seems like it should be about $10 cheaper per month though.,3,Subscription_Boxes,97,True,True,False
neutral,negative,0.7797671688975061,"I was really disappointed in BHG.  I remember it from subscriptions years ago.  The magazine has changed, I did not enjoy it, so I cancelled.",3,Magazine_Subscriptions,25,False,False,True
neutral,negative,0.4406587299790744,"First 2 boxes were great. Cute, one of a kind toys that you couldn't find anywhere else. The boxes then dropped in quality. Cheaper toys that my pupper tore through in a day  that you could find in a bargain bin toy at the pet store.",3,Subscription_Boxes,46,False,False,False
neutral,positive,0.5562837891801476,"My cat, who can be quite picky, enjoyed most of the toys he recieved but we just took down all the Halloween decorations and are about to put up Christmas when this Halloween themed box came in (Nov 9th).<br /><br />He loves a couple of his new toys but now we have candy corn and bat toys with our winter holiday decorations. I wish this was last month's box, it would have been much more enjoyable.",3,Subscription_Boxes,76,False,True,False
neutral,positive,0.6739958361259344,This stuff smells really good but it seems to be like any other cream but it does smell so good,3,Subscription_Boxes,20,False,True,False
neutral,neutral,0.627953700562147,"Had I paid full price for this I'd be a bit let down, but it's a good way to sample new stuff. The variety was good and so were the flavors. The snacks were nothing special and I'd see more value in another drink rather than a food.<br /><br />If you're adventurous and have a bit more money to spare I'd say it's a good thing to try.",3,Subscription_Boxes,68,True,True,False
neutral,positive,0.39495979877885135,"Back when I and my sister were young, Highlights was filled with interesting pictures and articles about nature, science, home life, and the world around us.  Today's issues are a little different.... The image shown has nothing - NOTHING! - on the front cover except NUM NUM EAT EAT STUFF YOUR FACE AND GET FAT.  Yes, kids today are a different breed.  Because we -apparently - raise them that way.",3,Magazine_Subscriptions,70,False,False,False
neutral,negative,0.691745336010489,"This is great reminder of back home.  I would like to see more of what is unique to NZ.  For example, tangy fruits, Rashuns, Perky Nana, Chocolate Lamington, Pineapple lumps, Jaffas etc.  Also was sorry to see Cadbury chocolate now made in Aussie.<br /><br />Happy with L&P and Whittakers that was awesome.  The Freddy Frog was cool I forgot about those.  If sending things like chocolate at least put in a premium bar like a luxury flake etc.<br /><br />Ok I received my second box and what a disappointment.  Again nothing truly iconic other than the can of LP (that is awesome), ETA peanuts and some milk shakes.  I don't think there is much thought going in here other than lets take my money.<br /><br />A person who buys this is not so much deterred from paying as we want a taste off home.  I don't see it.  I would rather pay more and pick what I want from a selection and spend my 'money' on items that have an associated cost.  Then at least I would be satisfied with my purchases.<br /><br />Ultimately, I see this as ripping off kiwis abroad to make a dollar rather than reminding them of home and making a dollar.  Sad for me I guess.  I cancelled my subscription.",3,Subscription_Boxes,215,False,False,True
neutral,neutral,0.6991465685020285,"Again, I get it, inflation but the problem with this is the few pages. This literally has a few pages and does not constitute a magazine. There should be more to this. I felt like I opened the advertisement for this magazine . My coupon ads come with more content.",3,Magazine_Subscriptions,50,True,True,False
neutral,negative,0.8371836541863028,Architecture suggests higher aesthetics and inspiring. Nothing inspiring about boring celebs with too much money. The magazine is also very low in content. I subscribed 1 year foe $10. Not worth it even for that price.,3,Magazine_Subscriptions,36,False,False,False
neutral,neutral,0.4368477049005657,"I love reading the Enquire, but was surprised when the first issue arrived, its flimsy and folds over like tissue paper (well almost) ... I guess it makes sense for shipping, and the low cost per issue, it is something I can adjust to, but miss the high quality photographs you get when you buy them at the store, I guess thats why they are so expensive at the store, higher paper quality.",3,Magazine_Subscriptions,73,True,True,False
neutral,negative,0.5850112031578655,Fun but not worth the cost,3,Subscription_Boxes,6,False,True,False
neutral,neutral,0.4555403837467607,"I've gotten this a couple times now. I do like having a variety of things to give to my pittie mix puppy. My only complaint is I've gotten yak cheese chews from other brands. And the ones that come from this box just don't seem to be the same good quality. Which makes me question the rest of the products that I don't have anything to compare to. As for the yak chews, they don't soften and break down like normal. They kind of flake off in pieces, still works, just doesn't seem like the same quality as I've gotten elsewhere.",3,Subscription_Boxes,101,True,False,False
neutral,neutral,0.6450109690440358,"I've subscribed to backpacker off and on since I was a kid. When I was a kid, the hikes and trips were mostly accessible and the gear was mixed with affordable alternatives and diverse lifestyles. Today, the magazine is mostly adventure porn for young people or folks who don't have full time jobs, kids or are independently wealthy.  This isn't bad in and of itself, it just lost its utility (for me) when it became more about expensive gear, environmentalism, and really exotic trips.  I wish there was an alternative backpacking and camping magazine for regular folks don't have the time or resources to travel the world spending thousands of dollars and weeks at a time backpacking in exotic locations.",3,Magazine_Subscriptions,120,True,False,False
neutral,positive,0.40863145377557425,"Who is that a picture of on the current Magnolia magazine?? That is not Jo!! I’v e been a Jo snd Chip fan since the onset of Fixer Upper, but this is not “Jo” on issue no.21..<br />who is it and why??? Such great people , don’t ruin a very, very good thing.. we love Jo snd Chip, whoever is this gal on the No.21 cover???? Not Jo that we have come to love….🥴🙏",3,Magazine_Subscriptions,74,False,True,True
neutral,negative,0.8771389637118936,"I’m on my third month and while I get shipping is weird everywhere I’m so underwhelmed. Our first box was a bowl, just a bowl. Second box was their Halloween box, it was on point. Third box was supposed to be a Thanksgiving theme, but we got a back to school themed box. In both boxes we received a bigger chewy treat, two smaller treat bags and squeaky toys. I’ve canceled… just not worth it.",3,Subscription_Boxes,75,False,True,False
neutral,neutral,0.7994539058028943,Just a magazine. I got it as a promotion. I guess for $5.00 it's good. Has a lot of Ads.,3,Magazine_Subscriptions,20,True,False,False
neutral,neutral,0.7737908294787615,Hoping at least some treats. I'll try the other one.,3,Subscription_Boxes,10,True,False,False
neutral,neutral,0.3839326031465574,I grew up loving Popular Mechanics but the current edition isn't as easy to read as before. Paper & photos not as good as before. Sad,3,Magazine_Subscriptions,26,True,True,True
neutral,positive,0.3752306533582612,These have gotten a lot shorter since I got them as a kid myself. The seabirds one we've gotten so far was about 8 or so pages. The toddler still liked it though and was enthused but I imagine an older kid would be disappointed by the length.,3,Magazine_Subscriptions,48,False,True,False
neutral,negative,0.6651611160584164,"I really wanted to loved this subscription, but it just wasn't interesting enough. Unfortunately the snacks always seemed to be the similar, no matter where they were coming from. We stopped looking forward to it.",3,Subscription_Boxes,35,False,True,True
neutral,neutral,0.47064661529776747,How lovely it would have been to receive more than one issue of this subscription. It's a very nice magazine that I will occasionally buy in the grocery store.,3,Magazine_Subscriptions,29,True,False,False
neutral,negative,0.5081411567174421,I disliked that one plants leaves were dried out and dead upon artival,3,Subscription_Boxes,13,False,False,False
neutral,neutral,0.7842511588408888,"Nice shirt, but the 2XL, was closer in size to a large/XL. They need to state sizes run small.",3,Subscription_Boxes,19,True,True,False
neutral,positive,0.41027578423238653,works for a stocking supper.<br />Much tinier than I expected.,3,Subscription_Boxes,10,False,False,False
neutral,positive,0.5033327777333805,The magazine is excellent but the delivery really stinks. Mine arrives weeks after I’ve seen it at the checkout. Frustrating.,3,Magazine_Subscriptions,20,False,True,False
neutral,neutral,0.5706809842051572,I really enjoyed the first box and i got a 50% discount. This is a nice way to discover some new drinks. But the on going price is too much for what you get. I think you should try out the first box then cancel.<br />Box came well packaged and looked really cool.,3,Subscription_Boxes,53,True,True,False
neutral,neutral,0.5172128373055781,"All things change over time I suppose. But Highlights magazine had stayed the same for so long that the most recent changes were not welcome here. My children have a huge age gap, so I have subscribed to Highlights for close to 20 years now. Some of the things my kids always looked forward to in the issue is no longer part of the magazine. A lot of the puzzles and jokes are gone now. The stories aren’t engaging for my youngest either. The issues just feel emptier. But the cost is still high. Unfortunately, I will not be renewing. I will likely just buy a big book of hidden pictures and we will have fun with that because it is the only part of the magazine he likes now.",3,Magazine_Subscriptions,130,True,True,False
neutral,negative,0.603843745427027,I cannot say anything about the speed of delivery of the periodical. But since it is technically a Newspaper the timeliness of the information has relevance. I am not happy.,3,Magazine_Subscriptions,30,False,True,False
neutral,neutral,0.5227726501771871,I bought this for my sister-in-law and she doesn’t want it again. Too many adverts and not enough content.,3,Magazine_Subscriptions,19,True,False,False
neutral,negative,0.571398919311566,To much advertising .,3,Magazine_Subscriptions,4,False,False,False
neutral,negative,0.6067669397575082,"I ordered this magazine so my father, who is 86, could have something to read on topics he finds interesting. However, the reason I stopped buying magazines a few years ago was that they were getting so choked full of advertising. Yes, advertising pays the bills. But come on, how many full page ads do you need? That's what's nice about videos online, you can find the same topics and use an ad blocker to allow an uninterrupted view of the topic you've chosen. Other than that, the topics in this magazine are informative and interesting to anyone who likes making things. No, my father doesn't read the magazine anymore because of the number of ads.",3,Magazine_Subscriptions,116,False,True,False
neutral,neutral,0.4493206374427259,"Good for the world that the founder, William McNiel, is dead. He became one of those angry right-wing white guys and the paper was getting worse and worse. They have been purchased recently and I was hoping the web site would change/improve... but not yet. The site is very heavy on advertising so much so slow connections will have trouble using it so don't purchase unless you have fast internet.<br />I very much value the solid charts and consistent educational materials. I reread the book regularly. The system William McNiel founded, in my opinion, is pre computer algorithms playing the markets, and therefor not so reliable. Over time and study you learn and this site is great for that need.... and the great charts!",3,Magazine_Subscriptions,124,True,True,True
neutral,neutral,0.9310664376544177,"It's a decent magazine, but could include more innovated and original ideas and put more into each issue. Overall, a pretty basic and often rehashed ideas. Not much that is new or different, but they do have something good and interesting now and then. It's okay, but not my favorite how to magazine.",3,Magazine_Subscriptions,53,True,True,True
neutral,negative,0.46291806469150854,"I just received my first box today, Dec 12, and it’s the wooden countdown to Christmas calendar. Cute, but useless at this point in the month. A box received mid-December should be a “January” theme. Disappointed in the execution of this kit club. My daughter has enjoyed their kids craft club in the past, so maybe I’ll give it another try in a few months.",3,Subscription_Boxes,65,False,True,True
neutral,neutral,0.4948170333219595,The toys were very small for the price. I think there are better boxes out there for the money,3,Subscription_Boxes,19,True,False,False
neutral,neutral,0.44738064660137433,"I got miffed because Ipsy didn’t send me a fancy face cream I’d selected, they ran out and sent me something cheaper (which I loved, but beside the point) so I thought I’d try this.<br />It’s fine, but you can’t customize and the selections for “full size” products are always tiny items. Never a full size face wash or something useful.<br />Back to Ipsy, our lover’s quarrel has passed.",3,Subscription_Boxes,69,True,True,False
neutral,positive,0.5443113384144126,Queen and the Rolling Stones - though that this would be a fun gift for my college-aged daughter.  Her first tshirt was Rod Stewart.  Praying things get better from here.,3,Subscription_Boxes,30,False,True,False
neutral,neutral,0.47170134687904797,"In the 80's I actually started my own shopping business, copying the idea from someone who had done this in New York. I was successful.<br />Also, as a young mother, I learned a lot from the articles and shared some of the valued information with others.<br />Currently, the magazine is geared to folks who want to be skin beautiful, which is ok, but your magazine is so full of advertisements that I did not renew this year. Disappointed.",3,Magazine_Subscriptions,78,True,True,False
neutral,positive,0.6807205820996783,Gifted to my 18yrs old to keep him up to date. He likes the magazine so far.,3,Magazine_Subscriptions,17,False,False,False
neutral,neutral,0.7464554636115951,"The teas were packaged nicely, both the box and the satchets. That said, I'm disappointed that the two teas I have brewed so far (the orange rooibus and Blue Lady Grey) had such strong scents when I first opened them and then taste fine; not great, not terribly flavorful. I don't typically drink oolong or green, and given that I strongly prefer black and herbal teas, I have a hard time imagining I would like the other two left in this box.<br /><br />While I am very far from an expert on tea leaf grading, a general indicator of quality when it comes to teas, I looked at the remnants of the Blue Lady Grey and it seems to be broken leaf, which is on the lower end of loose leaf teas. Overall, I am happy I only spent $5 on this box, but I do not plan on continuing my subscription.",3,Subscription_Boxes,152,True,True,False
neutral,neutral,0.7093693088795491,"There were several bags of different treats. Yogi enjoyed all of them. But, the 2 toys sent we're not suitable for a 65lb. Pitbull. Yogi made quick work of destroying them. The stuffing is nylon/puffy/cotton. Dangerous if swallowed. I cannot give this more than 3 stars on that issue. It is worth the subscription price of 39.99. The toys need to be size-related. The toys Yogi received were for a small (5lbs-15lbs) dog.",3,Subscription_Boxes,73,True,False,True
neutral,neutral,0.4026508913439125,"It was too small, so I am ordering next size up. Thrilled with the subscription.",3,Subscription_Boxes,15,True,False,False
neutral,negative,0.6671850584778356,Pathetic. Gets smaller every month. Cats don't like it. Thinking about cancelling.,3,Subscription_Boxes,12,False,False,False
neutral,neutral,0.4944665041649405,Okay pops. Just kind of bland and boring as far as the choice of characters.,3,Subscription_Boxes,15,True,False,False
neutral,neutral,0.4944665041649405,Okay pops. Just kind of bland and boring as far as the choice of characters.,3,Subscription_Boxes,15,True,False,False
neutral,neutral,0.5360678487858089,Purchased 3 boxes; most of the items were things I didn't use and had no interest in so I unsubscribed. It seemed like a lot of money for virtually nothing.,3,Subscription_Boxes,30,True,False,False
neutral,neutral,0.5611036922632187,"This comic box could be a good gift for someone who just doesn't care what characters they get, but I am very dissapointed. I selected x men, wolverine, and deadpool. I got 1 x men, 1 deadpool and wolverine crossover, and 3 wolverine. The rest were just random comics with characters I've never heard of. Like who in the world is mosaic? Oh, It's a litteral basketball comic. I'm excited about the deadpool×wolverine comic I got, and the one x men comic, and the 3 wolverine, but I'm dissapointed it's half fillers. And random comics, and random comics that are mildly related to the characters you selected. I'll probably read some of the fillers, but the website said they never send random comics, or fillers, but that they did. Oh well. I guess from now on I'll just have to ask JD to order comics with characters that I want.",3,Subscription_Boxes,150,True,True,True
neutral,negative,0.42994546059323674,i like the socks but 7.50 a month for one pair of socks a month idk not super worth it.,3,Subscription_Boxes,20,False,True,False
neutral,neutral,0.630130710359176,They are smaller than I expected them to be from the picture. I got the information card for only one of the two plants so has left me searching for what it is. I have 2 cats and some succulents are toxic to them so I really need the information. Will see how next month is.,3,Subscription_Boxes,56,True,False,False
neutral,neutral,0.9133038722344151,"This is a much much thinner than it was. The magazine has gotten thinner and thinner over the years. I think it always had a lot of ads but now that it is a smaller magazine, it seems to have even more. I still enjoy it, and for the price it is a nice few minutes to spend looking at it. I won't renew at a higher price though.",3,Magazine_Subscriptions,69,True,True,False
neutral,neutral,0.5121909384791908,"The articles are very hit or miss for me. There's a lot of focus on Christian tales, animal stories and late adulthood/geriatric health advice. If you're into that, it's a perfect fit, but it clearly has a demographic and teeters more towards soft journalism and writing over anything generally substantial. It's perfectly fine as a waiting room or bathroom read, so as long as you're just looking to kill time.",3,Magazine_Subscriptions,70,True,True,False
neutral,neutral,0.6662399462224463,"They have nice little toys but unfortunately the cat didn’t like them. Is just one toy she likes, something like a ball.",3,Subscription_Boxes,22,True,True,False
neutral,neutral,0.3805729998344485,"Funky pops were of non-main characters or unlikeable characters.  Shirt was cute,",3,Subscription_Boxes,12,True,False,False
neutral,neutral,0.641826493893609,The quality of the shirt is good. The design is not one I would have purchased.,3,Subscription_Boxes,16,True,False,False
neutral,neutral,0.8735777504264577,ok magazine if you like lots of advertisements,3,Magazine_Subscriptions,8,True,False,False
neutral,neutral,0.8735777504264577,ok magazine if you like lots of advertisements,3,Magazine_Subscriptions,8,True,False,False
neutral,neutral,0.8735777504264577,ok magazine if you like lots of advertisements,3,Magazine_Subscriptions,8,True,False,False
neutral,neutral,0.8735777504264577,ok magazine if you like lots of advertisements,3,Magazine_Subscriptions,8,True,False,False
neutral,neutral,0.6716162773051937,"Let me start by saying,  not a bad deal, $22 for 10 titles.  But this is a gift for a grandma  to get a kid whom she doesn't really know.  Most comic collectors have favorites, but this is a little too random for me to recommend.<br />I got an Xmen, a daredevil, a Spider-Man, Spider-woman and some crossover titles ranging from 1994 to 2004.<br />I can almost hear grandma's voice saying,  Ohhh, look at him, he's got claws!<br />And me saying, Grandma that's wolverine and I like Batman.<br />If you need a quick gift, the box would be OK, but a subscription to this is a no from me",3,Subscription_Boxes,109,True,True,False
neutral,negative,0.4702669042201337,"Update: I received my Summer 2022 box a few weeks ago and I was surprised to find all items were repeats I had recently received in the last couple of boxes, so I thought it was just a mixup. When I messaged Facetory about it, they told me this season's box was a ""greatest hits"" theme of items subscribers requested to see again.<br />So we negotiated a 20% discount and I kept the box. I appreciated their willingness to accommodate. Now here's what I don't appreciate.... Why am I now seeing the REAL summer box on social media?? I mean WTH Facetory, you flat out lied to me! The real summer box had the Facetory products along with 7 masks and the booklet was back. So, why didnt I get what I subscribed to? I just dont understand this business practice and am truly disappointed. I loved this subscription even with its little issues. But, I just can't continue it. Thanks for the  fun surprises and introducing me to new Korean brands but I will now go back to being my own curator. (See new photo of Summer box. Looks almost the same as the pic of my winter box. Sheet masks not pictured but they were also repeats.)<br /><br />Just got my winter box but wondering why only 4 products? Subscription is for 5-6 full size products so I feel a bit ripped off. I've been getting these boxes for a year now and while I love most of the items included it seems Facetory doesn't really go by the season when choosing products. I mean this box includes cleansing foam and a cleansing balm. 2 cleansers in one box, for winter?? Not to mention cleansers are the cheapest product of any line. So was this box worth the $49.95 price tag? I don't kniw because this one didn't contain the product booklet they usually include.<br />Then there was a toning mist and peeling pads another two items that they've sent in almost every box so they could've passed on for this box. And NO moisturizer! This is rather disappointing. I tend to use products according to how my skin behaves during the year. Now, I will have to store a couple items again for use during the the appropriate season. The summer box also contained a really greasy massage/cleansing cream that I had to put away until the weather got cooler and my skin felt drier and needs more heavier creams.<br />Facetory should send everyone their fifth product. I've never received a box with 6 full size items so I don't know why they even put that in their ad. To cut the box short with no explanation and no price difference just seems crooked.",3,Subscription_Boxes,457,False,True,True
neutral,negative,0.7380787509984557,"I don’t have anything totally negative to say about the box except for the price. It offers activities that can be completed in an hour and then “date night” is over. For $40, there are many other activities you can experience with your significant other.  If the box was $20, it would be worth it! I say try it and see what you think, but for me, It’s not worth what the company wants me to pay for it!",3,Subscription_Boxes,79,False,True,False
neutral,neutral,0.6337695229371586,"I just started taking SI again after a fairly long break.  The articles are well written and I know the information is typically very accurate but dang, do the articles have to be soooooo loooonnng and detailed? Maybe it's me but I do not need every faction of any story laid out in this level of detail.  I probably will not renew the subscription, if I make the full year.",3,Magazine_Subscriptions,70,True,True,False
neutral,neutral,0.4742139842403611,I bought a 6 months subscription for my granddaughter.  The magazine have nice photography but really did not hold her interest enough to be worth another 6 months.  They are extremely thin for the price.  I can get her a year membership for the zoo or aquarium for that price.  Now they want to latch on a further subscription I did not approve!  That is unethical.,3,Magazine_Subscriptions,66,True,True,False
neutral,negative,0.7973429979125147,This magazine just isn’t the same as it once was. Very disappointed.,3,Magazine_Subscriptions,12,False,False,False
neutral,negative,0.8447744857392465,You will receive 2 magazines per box and each magazine is $6.95 totally $13.9. So you will pay $3 for the box?,3,Subscription_Boxes,22,False,False,False
neutral,negative,0.8447744857392465,You will receive 2 magazines per box and each magazine is $6.95 totally $13.9. So you will pay $3 for the box?,3,Subscription_Boxes,22,False,False,False
neutral,negative,0.9308149942259295,Won't buy again,3,Magazine_Subscriptions,3,False,False,False
neutral,negative,0.6354194208626148,wasn't what I expected it to be,3,Magazine_Subscriptions,7,False,False,False
neutral,positive,0.6469731433115419,Reader's Digest is just Readers' Digest,3,Magazine_Subscriptions,6,False,False,False
neutral,negative,0.7877655040176074,I did the crochet subscription for a year and loved it!! The products they sent and the video instructions were a great. This was my first shipment in the farmhouse collection. I am a very experienced crafter. This was a very difficult craft with measuring and placing. But the transfers were bad quality. The first transfer was damaged. Annie’s customer service was friendly and they sent me a replacement right away. When I got the replacement they same issue. So called and asked for a credit or refund. She finally said she would refund the cost. Since that was my first kit it was 50%off. They would not transfer the 50%off to the next kit. I still have not seen my refund yet. Very disappointing.,3,Subscription_Boxes,125,False,True,True
neutral,positive,0.45192784580690476,"Before I get into my review, here is what I have received so Far:<br /><br />The Clash - London Calling<br />The Rolling Stones - Exile on Main Street<br />Diana Ross & The Supremes - Number Ones<br />Chronicle: The 20 Greatest Creedence Clearwater Rival Hits<br />Pink Floyd - Dark Side of The Month<br />The Who - Quadrophenia<br />Pink Floyd - The Wall (2016 Remaster)<br /><br />First, the albums are without question great selections. For anyone just getting into vinyl, you’ll dig the selection. These albums are a great starter set.<br /><br />However, variety of artists/bands and also omitting “greatest hits albums” would make this better. Veterans of vinyl or audiophiles can pass on this. I’ve gotten two Pink Floyd Albums so far. I’m not knocking Pink Floyd, absolute legends, but could we have picked just one album from them?<br /><br />I haven’t received John Lennon, Aretha Franklin, David Bowie or Led Zeppelin yet. If you all provide feedback maybe this could be a 5/5 subscription. It just squeaks to an an average rating for me.",3,Subscription_Boxes,174,False,True,True
neutral,neutral,0.7198624872038991,I said this after the last box.  These are starting to lose their luster for me.  Maybe it is the theme of the last couple because I felt the POPS were boring. I hope they turn it around soon or I will be cancelling my subscription to these.,3,Subscription_Boxes,48,True,False,False
neutral,neutral,0.5260554076426928,The  paper  these are made from is pretty  cheap and  hard to  read . They  not  like  they used to be. Very  thin. Will  not  renew will  possibly  try  large  print.,3,Magazine_Subscriptions,31,True,False,False
neutral,neutral,0.7057205827641255,"I subscribed in Dec 2019 for 100 issues and starting receiving issues in late December. This is a weekly publication but there are 9 weeks per year they do not publish. I believe there are several issues called double issues but do not think there are 9 of them. Regardless, my subscription ended at the start of Dec2022.  I believe I did not get 100 issues. After submitted my question, the response was just that my subscription ended and no explanation of any information.  So buyer beware, you will most likely only receive 90 or so, deliveries.",3,Magazine_Subscriptions,97,True,True,False
neutral,negative,0.5640146025873278,Vogue was once one of my favorite magazines but the last few issues were about a third the number of pages the size is also much smaller! I will not renew this subscription.,3,Magazine_Subscriptions,33,False,True,True
neutral,neutral,0.4962803458644423,"Like some of the shirts, others not so much.  Suggestions: How about Marcos Inaros Wanted poster?  Bounties on the crew?  Shots of the protomolecule and the ring gate could be very dramatic and brilliant colors if framed properly.  Crew shirt for the Behemoth, Roci, etc.  Love ship schematic shirt, those would do well I think.  How about an Epstein drive ad shirt?  Recruitment and propaganda for MCRN?  Torpedo schematic, rail gun schematic?  Orbits of the various key moons/asteroids, etc?  This is what I'm hoping to see in the future. And some badass Martian Marine Bobby stuff.  Stealth ships.  And the characters in defining moments, more of this please.",3,Subscription_Boxes,108,True,False,True
neutral,neutral,0.43259791038035705,The shirts were okay. I only received two shirts that really appealed to me. The shirts are current drawings and funny sayings. What I want are shirts that show Cover art from the dozens of official DnD products through the years. These days I can get more of the shirts I want by just shopping around a bit.,3,Subscription_Boxes,58,True,False,False
neutral,positive,0.9520891764210786,Gifted this to my 9 year old daughter for Christmas and she absolutely loves it. Quality could be a little better but very decent for its price..... Would definitely be great for beginners and or kids,3,Subscription_Boxes,36,False,True,False
neutral,negative,0.5357760125400055,"2 toys, one chew and 2 small bags of treats for $35 is just too much.",3,Subscription_Boxes,16,False,False,False
neutral,neutral,0.6673658913312934,I remember when Reiman put out incredible magazines I could lose myself in for hours. Now the magazine is thinner and spoiled by so many ads that detract from the quality of the magazines.,3,Magazine_Subscriptions,34,True,False,False
neutral,negative,0.5910819753453974,Quality has decreased immeasurably with all the ads. I will not renew.,3,Magazine_Subscriptions,12,False,False,False
neutral,negative,0.5639709190838655,"This magazine is in its first year of publication. Maybe it is me, but I have not found as much valuable content as I hoped. Also frustrated that a print subscription does not also allow access to digital content.",3,Magazine_Subscriptions,39,False,True,False
neutral,neutral,0.4754083893753212,was disappointed about that there's only some pages (1- 35) i can finish this book in one day!,3,Magazine_Subscriptions,18,True,False,False
neutral,negative,0.5757765181026195,I use to get architectural digest and it was a beautiful Magazine. Now there are less pages and the same amount of ads,3,Magazine_Subscriptions,23,False,False,False
neutral,negative,0.540405182676982,"I'm usually very positive about the Marvel Collectors Corp but this box sucked, really the only thing was that shirt, both pops were pretty meh!",3,Subscription_Boxes,25,False,True,False
neutral,neutral,0.6944787108194992,The comics were a good variety but not a very good bargain for the price,3,Subscription_Boxes,15,True,True,True
neutral,positive,0.6324014848697724,"The face and body products are a great deal. The extras, like beanie-journal-ring… they are not the best quality",3,Subscription_Boxes,19,False,False,True
neutral,neutral,0.5435969925866088,It focuses more on stories and letters than REMIND. That magazine does it better due to its better grasp of pop culture and the graphic design!,3,Magazine_Subscriptions,26,True,False,False
neutral,negative,0.7805194124357697,We got the subscription box with a succulent and a pot for our son who LOVES plants so he gets a new one every month. He has a nice collection going now but hes only had the subscription for a year and he already has received a few repeats. He doesn't care (hes 9) he loves them anyways but my husband is currently bugging me to cancel the subscription because he doesn't think it makes sense to keep buying the same plants over and over. I really don't want to cancel but I also don't want to waste the money buying repeats. If they really have over 200 varieties he should not be getting repeats for years clearly they don't keep any kind of record for subscriptions.,3,Subscription_Boxes,127,False,True,False
neutral,neutral,0.7095446799064062,"I do not think that the value of the contents was worth the subscription. The products were great for someone who is new to bugging out or preparedness, but I found the contents to be duplicative of items I already have...and have not yet used. Overall, a decent box for the beginner; I was unable to appreciate the value, however.",3,Subscription_Boxes,60,True,True,True
neutral,neutral,0.6820922065642596,"Love the magazine, the delivery was hit and miss….think I only received 2 or 3",3,Magazine_Subscriptions,15,True,False,False
neutral,positive,0.5292162102428929,"The pops that came with these boxes used to be unique and pretty awesome. Movie moment ones or larger ones such as Thanos ship, Deadpool on a unicorn, or Cap with Mjolnir and the shield before it was mass produced as a regular set piece. Now all the pops are just reskinned versions of the retail ones from the set. Had a subscription for years and getting ready to cancel.",3,Subscription_Boxes,70,False,False,False
neutral,negative,0.5248798202972598,"I love the suggestions & ideas for the seasons and holidays in this magazine. However, I only received 2 of the series and was not successful in resolving this issue. Would, therefore, not order again.",3,Magazine_Subscriptions,35,False,False,True
neutral,neutral,0.5559728923971171,"This would be great for those who are experienced in painting with acrylics. I'm a total newbie so I need a bit more direction. I need to know what brush they are using, I need to learn more about brush strokes, etc.<br /><br />My paintings came out so bad because I simply do not know what I'm doing with the brush strokes. I'm getting way to many hard lines and I can't visually see exactly how he's doing the brush strokes and half way through the project I was using the wrong brush. Towards the end someone in chat (these are recorded live I suppose) asked what brush number and I had it all wrong. I'm not mad, I got a good laugh at my efforts.<br /><br />Youtube beginner videos that I've followed in the past gave me such beautiful completed art that I started hanging them up all over my home. These will not make it to the walls, but will keep them hidden away for future giggles.<br /><br />Once I get these basics mastered I WILL be back! Lol",3,Subscription_Boxes,181,True,True,True
neutral,neutral,0.5306132667340148,Not the best variant pops/ The Eternals wasn't really a great choice for a bi-monthly set.,3,Subscription_Boxes,16,True,False,True
neutral,neutral,0.7131022390137076,Designs are nice however I have had this subscription for 4 months and all I have been getting are black  t-shirts.  I hope they add some other color shirts soon or I will be canceling.,3,Subscription_Boxes,35,True,True,False
neutral,negative,0.5550977035183796,Flimsy mag filled with a few how tos but mostly ads.,3,Magazine_Subscriptions,11,False,True,False
neutral,neutral,0.37826775932394324,The bad: I’m only giving this a 3 star review because this month we received hooves for the first time. My dog was able to chew off and swallow great big jagged splinters and we hadn’t noticed until she threw them all up the next day. Not good. Immediately threw away all of the hooves. She has had other hooves with no issues. I will continue this subscription but if we keep getting the hooves I have to throw away I may need to cancel.<br />The good: my dog LOVES this subscription box. As soon as it arrives she gets all excited and opens the box. It’s really cute. She has her favorites and will hold out for them. I really hope we continue to have good experiences and the hoof splinters was just a one off.,3,Subscription_Boxes,137,True,True,True
neutral,neutral,0.6921323680269345,"I used too get so many ideas from SL but now it’s just ads and recipes and I don’t cook. Oh well, I’ll keep getting because it’s a tradition in my circle.",3,Magazine_Subscriptions,32,True,True,False
neutral,neutral,0.6945490884263505,Not much content.  Lots of ads.,3,Magazine_Subscriptions,6,True,False,False
neutral,negative,0.5282631215133924,Not much to it. I won’t renew,3,Magazine_Subscriptions,7,False,False,False
neutral,negative,0.855319613844205,I feel like all I got was a bunch of the same candies with the upgrade and not even the best kind literally the worst tasting and smallest I got a dozen of. Just doesn’t feel like it comes close to the actual cost and not worth it,3,Subscription_Boxes,48,False,False,True
neutral,neutral,0.8376348514728683,I guess I was expecting a bit more - especially since they say you'll get a free gift with the first order (I didn't).  So just one product.  I really don't need facial oil but I wait and see what the next box brings.,3,Subscription_Boxes,44,True,True,False
neutral,negative,0.39984136801722653,"Been many years since I picked up a copy of Popular Mechanics-hard to find on the magazine rack in stores so I ordered a subscription thru Amazon-got first issue as promised but was surprised at the size of the magazine-it shrunk by about 25%-I don't know if this is the trend but I don't like it-some people like on-line books and newspapers and magazines, but I am old school. This puppy is like a slightly larger Readers Digest but NOT with large print",3,Magazine_Subscriptions,83,False,True,False
neutral,positive,0.48026255553789327,Love Martha Stewart but the magazine had WAYY Too many ads,3,Magazine_Subscriptions,11,False,True,False
neutral,negative,0.6932646184463888,I for the most part like Nature Gnaws. I was looking for a box that had lots of chew options that also included non-beef chews.  I received one variety bag. They were not the large size I was expecting. I am giving it one more month before I decide to keep or cancel. They do have “grass” (paper Easter grass type) in the box which I really didn’t like as when it falls out it gives the pup one more thing to get into.,3,Subscription_Boxes,84,False,False,False
neutral,positive,0.58187800128202,"I like this but strangely enough, it is too crowded with recipes.  It is really overload and I'd rather see a theme for the month.",3,Magazine_Subscriptions,25,False,True,False
neutral,neutral,0.8770464064275821,I didn't like this T-shirt design. I also didn't like any white Tshirts.,3,Subscription_Boxes,13,True,False,False
neutral,neutral,0.6205694217418628,Mostly ads but still entertaining,3,Magazine_Subscriptions,5,True,True,False
neutral,neutral,0.7099719269846984,A little too adventurous for average cook. Lots of ethnic dishes that involve special ingredients. Not the kind of stuff I would cook for weeknight dinner after working all day.,3,Magazine_Subscriptions,30,True,False,False
neutral,neutral,0.49136906129575997,"This was just a small envelop with a card and a 22 page pamphlet-type booklet with poems, ideas of activities and connections to on-line things.  I was under the impression that it contained items to complete some active or crafts to do at home.  It appeared to have the value of about $5.00, not $22.00.",3,Subscription_Boxes,55,True,False,False
neutral,negative,0.5022494211163666,"So far out of the five months since I've joined, three of my selections was being sold on Amazon for the same price or several dollars cheaper to non-members. It was worth it for the other two records.<br /><br />I've able to cancel in time, but it still feels like a scam to sell records to members for more than the price of non-members.",3,Subscription_Boxes,64,False,True,False
neutral,neutral,0.4838669246760501,Feels to me like all the products would come to me scratched and dirty.,3,Subscription_Boxes,14,True,False,False
neutral,negative,0.6272087513386639,"I enjoyed the airplants, most of them, but each plant holder would rarely match to the plant. And I would get a repeat of the same airplant holder that works better as a candle holder. I ended up buying my airplant holders separately so I could get more of a variety and have them match with the size of the airplant. I cancelled my subscription. It's real simple, just match the size of the airplant with the holder an and see what it looks like together before throwing it in a box. And quit sending the same holders when there's so many options available other than those little tin buckets that you kept sending me. Oh and there were some airplants that had started rotting and died. This box is a waste of money. I gave it a chance.",3,Subscription_Boxes,139,False,True,True
neutral,positive,0.530409010725555,"We have only received one box, but the whole idea was to mix literature in with crafts.  There were about 5 facts written in January's box, but absolutely no literature.  She did really enjoy the crafting!",3,Subscription_Boxes,36,False,True,True
neutral,positive,0.42661310905385436,Value for money,3,Subscription_Boxes,3,False,False,False
neutral,negative,0.5860817340332032,As with many print magazines the content and possibly quality has declined significantly over the years. A couple of the writers put out really good (not to mention also entertaining) articles and analysis but much of the content is tied to advertisers. While I have no evidence that this juxtaposition is horrible it does erode the perceived credibility of the magazine but I still subscribe perhaps because I am not a motor head but just interested in the subject.,3,Magazine_Subscriptions,79,False,True,True
neutral,neutral,0.5050671915643986,"TV guide is listed as ""52 issues / 12 months ($0.10/issue)""  The magazine is actually published bi-weekly, or 26 issues a year. I hope that Amazon can correct the misleading information, so potential purchasers will know exactly what they will receive.<br /><br />BTW - as a just expired subscriber, I would not that the present TV guide isn't particularly helpful for day-to-day listings, but I did find it informative regarding reviews, news, listings of what's available on streaming services (watch anytime).",3,Magazine_Subscriptions,81,True,True,False
neutral,negative,0.825827253949857,it it not worth the money i need to stop it,3,Subscription_Boxes,11,False,False,False
neutral,neutral,0.3662127447703534,Cool stuff but i really don't want christmas themed stuff laying around for valentine's day. Guess I'll have to put it up for next christmas,3,Subscription_Boxes,25,True,True,False
neutral,negative,0.6409738130003361,"If you are a new collector, you are better off digging for used and other deals. If you don't know a lot of classic, then this may be a way to gain some exposure but the value is not very good as many items are cheaper by a couple dollars if purchased direct from amazon.<br /><br />For those with medium to large collections already you will probably return 80-90% of what they send you. I have only kept 2 or 3 of the 10 or so they have sent and had ~250 records. Returns roughly were based on 1/3 not being something I wanted, 1/3 being something I already had, 1/3 being overpriced.<br /><br />Will probably cancel in another month or two but was holding out for Amazon to make some improvements based on previous comments. Primarily, they need to have set date each month to review what they are going to send and have a deadline to skip. Currently it is random and you have to login to amazon and view orders and there is ~24 hours or so that you may be able to catch it and skip. Way too random. Seems strategic of amazon to ship things banking on people not returning them if they have in hand. This seems shady and ultimately is some plan for Amazon to clear out inventory that isn't selling.<br /><br />Another change Amazon still hasn't added despite suggestions, is a swap option. If each month there was an opportunity to swap for a few other choices, maybe I wouldn't be sending so many back.  This could possibly still help them clear out inventory as greater chance of something I could actually want.<br /><br />Given the value is poor many months, it is hard to recommend this for any collector. If you are disciplined about returns and have a convenient way to return amazon orders, then you have nothing to loose and maybe the continued loss in shipping expenses will motivate Amazon to implement changes. Maybe not as Amazon could just pass along the increased cost to consumers and continue poor ethics in how they handle employees.<br /><br />Best thing you can do is buy from local small record stores. To my ears, these classics sound better on original pressings so buy used if you can. Some remasters from the original tapes are great, but the technology of the time was optimized for the vinyl format and sound the bands wanted. Clean copies of used records can be found for better prices than many of these Amazon record of the month classics.",3,Subscription_Boxes,430,False,True,True
neutral,positive,0.5430624319890245,"While this is super cute, it smells like mildew. Like how long has it been sitting in a sealed box somewhere?",3,Subscription_Boxes,21,False,True,False
neutral,neutral,0.48429064874164524,"I was excited for the surprise aspect of this club, and the fact that the first couple of albums ended up costing a bit less through this program than the record’s face value. However, after the 2nd Pink Floyd album (I don’t particularly care about Pink Floyd) and the second “greatest hits” album, I cancelled.<br /><br />Anyone can buy Pink Floyd and greatest hits albums easily at any record shop. I wanted to collect or discover some music I wouldn’t have normally found or thought to try out on my own.<br /><br />I think a broader collection of albums not limited to the ‘60s through ‘80s would be more up my alley. Also, it would be nice to be presented with two or three albums to choose from each month.",3,Subscription_Boxes,130,True,False,False
neutral,neutral,0.4324595549959962,"This was a present for my daughter in law and granddaughter. Her 1st month international package was New York. Not very international. And she said it didn’t have any kid things included. Also one of the recipes was a dessert, not dinner. Just very disappointed",3,Subscription_Boxes,45,True,False,False
neutral,negative,0.5293966855715666,I have 4-5lb chihuahua and even the small size dog box the toys they send are too big for her. It was a waste of money. Now I have dog toys she can’t play with. I specified she was very small and gave me toys half her size.,3,Subscription_Boxes,48,False,False,False
neutral,negative,0.505670604420572,"Depending on what level you choose the items being provided could be hit or miss. I selected ""Premium"" and after two boxes of random provided items, I think about 35-40% I could use. This is not ""military grade"" type pieces nor should this be considered a monthly box of tactical goodies, gear, or items you could use on the range of outdoors. For 175+ dollars a month I am likely going to cancel as you the customer have no real ability to select items you may want, it really depends on who is packing the specific month's item. If you are a military-retired individual I would hold off on purchasing this box as likely you could go to several sites and get the items for your weapon, personal survival set-up, and other tactical related gear which could be verified as ""US made"" and durable. I received two items of decent value, a good flashlight and a decent knife. The picture on Amazon gives the impression that each box typically has this much gear packed inside, this is not the cases for the second highest tier of boxes offered. I have the ""Premium"" level and it usually has one or two mid size items and a lot of smaller pieces of gear. If you seek the ""Legendary"" level you are spending 550 dollars plus shipping for a small crate but for that much I could select a number of decent scopes, gear, attachments for weapons, knives, etc. I think I will check my 3rd box coming in and if it is still not that noteworthy I will cancel my subscription. Just be cautious before you sign up because some of the items you really do not need nor will want depending on your purpose and use.",3,Subscription_Boxes,295,False,True,True
neutral,neutral,0.8270667431753443,"I was disappointed with my first box, there were very few items in the box. Hopefully the next box will be much better.",3,Subscription_Boxes,23,True,False,False
neutral,negative,0.5700970031131293,"You can only communicate through text, email or fb messaging. Took me over an hour!",3,Subscription_Boxes,15,False,False,False
neutral,negative,0.636105009516009,"Disappointed. Except for movie lists and comments about a few morning/afternoon shows, this tv guide only provides programs from 6 pm to 10:30 pm.  Basically you’re on your own searching for programs before 6 pm.",3,Magazine_Subscriptions,35,False,False,False
neutral,negative,0.8980399302519709,The content has been reduced to almost nothing.  Very disappointed.,3,Magazine_Subscriptions,10,False,False,False
neutral,neutral,0.6499334503878036,"With information online these days, more and more physical publications are disappearing.  As a teenager I regularly picked up copies of hot rod magazine and enjoyed it.  I figured I would subscribe and re-live my youth.  Definitely thinner than I remember and not the quality of content that I recall being in issues of years past.  It’s cheap enough though that I’ll continue receiving it until they pull the plug on it which I would think isn’t too far into the future.",3,Magazine_Subscriptions,82,True,True,True
neutral,neutral,0.5045545183252537,"This is a monthly club so you do not know what you are going to be send, part of the fun. Some of the designs are weird though. The idea of wearing the BORG queen in the center of a shirt is kinda strange. I did really like the tribble shirt. I would like to see more of the space ships on the front on the shirts.",3,Subscription_Boxes,67,True,False,False
neutral,neutral,0.8362474259302797,Not what it used to be.  I probably won't renew.,3,Magazine_Subscriptions,10,True,False,False
neutral,negative,0.5953489764801921,"WHEN I ORDERED  T.V. GUIDE I PLANNED TO CANCEL  MY DAILY NEWSPAPER.  YOUR GUIDE ONLY BEGINS EARLY EVENING AND ENDS  ABOUT 11PM.  WHAT ABOUT THOSE FOLKS WHO LIKE TO WATCH T.V. DURING THE DAY, OR LATE AT  NIGHT  ?????????  I AM ONLY GETTING  HALF  OF A GUIDE!  NOT  WHAT I THOUGHT I WAS EXPECTING.",3,Magazine_Subscriptions,54,False,False,False
neutral,negative,0.4892351573983191,"I have been a subscriber since November and I have only received the Eternals box. Everything was great and I fell in love with the items. The design on the t-shirt, the exclusive pops and the pin were really cool and satisfying. However, the delays are frustrating. The marvel studios box was supposed to be released in any day between 28th of January and 2nd of February. It is so sad that we are still waiting for the box to be released after 2 weeks of delay.I wish they could pay more attention to this issue. I am very disappointed.",3,Subscription_Boxes,100,False,False,False
neutral,negative,0.7666356163143947,"I joined up in January.  Here's my experience so far:<br /><br />January:  Diana Ross and the Supremes - Currently sells for $44.99, comes with Autorip<br />February: CCR - Chronicle - Currently sells for $23, doesn't come with Autorip<br /><br />So yeah, keep an eye on your subscription so you can cancel when the order is placed and before it gets shipped.  I'll let you guess which one I've cancelled so far.  Thankfully cancelling was simple.",3,Subscription_Boxes,75,False,False,False
neutral,negative,0.4438234026250977,6 months ago I would have given them 5 stars. The toys were durable and would last for weeks. Over the past few months there has been a rapid decline in quality. Just got my monthly box today and already two toys are torn apart. I am now researching alternative options to bark box.,3,Subscription_Boxes,54,False,False,False
neutral,negative,0.6629806500904623,"Like everyone said, birdhouse was a huge letdown. This month was painting a frame and gluing on seashells. How exactly is that STEM related? Also, is every box going to be painting? There's a million ways to engage kids other than paint. Do yourself a favor and talk to some seasoned teachers. This box has the potential to be great, but right now its a  $3 paint activity that I could have purchased at a craft store. Nothing whatsoever STEM related. So sad.",3,Subscription_Boxes,83,False,True,False
neutral,negative,0.6590310051682696,Received  too many  3 of them this month,3,Subscription_Boxes,8,False,False,False
neutral,negative,0.9585056621840456,"The wording on this item was not clear at purchase, and I really thought I was getting a ""subscription"" for a magazine. Nope, it's a single. $7+ for one. Chatted to cancel and surprisingly got a partial refund.",3,Magazine_Subscriptions,38,False,False,False
neutral,positive,0.7829990008498713,I resented bought a copy of HRM at a newsstand. The first I’ve looked out since high school in 1966. It brought back some good memories but the content on UTube is much more informative and relevant.,3,Magazine_Subscriptions,37,False,True,False
neutral,neutral,0.4345376893930447,"I really liked the size and quality of the toys for my little pup. He just never liked any of the treats. If your dog loves treats this may be a good buy for you. For me, two toys aren’t worth the price.  I would suggest the company allow you to choose between toys and treats or any combination.",3,Subscription_Boxes,59,True,False,True
neutral,neutral,0.4731952895009885,"I was really excited to join this Vinyl-of-the-Month club. As a music lover with a turntable working to build an incredible music collection, it seemed like a good opportunity to get some older albums I might have overlooked. It's focus on albums from the '60s and '70s sounded perfect. I participated for 5 months, but decided to call it quits. My primary issue is that I don't think Amazon has put enough thought into their selections. It started off promising with Credence Clearwater Revival's Greatest Hits, an album by a band I'd heard of but not heard. Then came The Who's The Who Sell Out, again, a band I'd heard of but never listened to. Then things took a bad turn. December's ""album"" (in quotes because it wasn't one) was Blondie's 12-inch single for ""Heart of Glass."" While Heart of Glass is a great song, this was a disappointment, since it's a single and not an album. For $25, I felt like I wasn't getting value. Then January and February brought two albums from the same band: Pink Floyd's Dark Side of the Moon and The Wall. Great albums and classics for sure, but getting two albums from the same artist in consecutive months feels like whoever is choosing got lazy. I've now quit the club and will be curating my own list of classic albums to buy.",3,Subscription_Boxes,228,True,True,True
neutral,neutral,0.7378624905929645,"Wish there were more savory treats! So far most are sweet and not that great, honestly.",3,Subscription_Boxes,16,True,False,False
neutral,positive,0.46219041799981203,I have been getting these boxes since 2019 but recently there has been a delay. I try to find out information but no way to find out. I love the content but the delays on box arrivals kinda disappoint a avid marvel fan and Funko pop collector like myself.,3,Subscription_Boxes,49,False,True,True
neutral,negative,0.6479891243469377,Not much in this magazine of substance..,3,Magazine_Subscriptions,7,False,False,False
neutral,positive,0.6884519217106723,Like the idea of monthly albums coming to my home.  Waiting to see how the quality of albums are.,3,Subscription_Boxes,19,False,False,False
neutral,neutral,0.6393389095962275,"They are cute story books, I like them but they came damaged, bindings torn, corners badly bent, one of these looks pretty old/used. Little confused I thought the books would be new.",3,Subscription_Boxes,32,True,True,False
neutral,negative,0.7639766056626937,"I really like the magazines, but my only problem is that I ordered 2 subscriptions, but I am only receiving one subscription. I want a refund for my ""2nd"" subscription.",3,Magazine_Subscriptions,30,False,True,False
neutral,neutral,0.5593150189480991,"Few products included for the price. The catnip toys are similar to what I can find at the dollar stores for a couple of bucks at the most. I feel it’s mainly paying for the convenience (covering time spent shopping and driving to the store, the price covering the shipping, box, etc). The treats were a small bag but good quality. I’ll stick with it a couple more months and update on the value.",3,Subscription_Boxes,74,True,True,False
neutral,neutral,0.43957900990848003,Two toys were to large for a cat to play with & only one small package of treats. So I will get the next one then decide if it’s worth the cost. The quality of the toys was good.,3,Subscription_Boxes,39,True,False,False
neutral,neutral,0.6748183499471518,"I grew up with a tv guide in our home, sure miss the  smaller thicker version from years ago I find with the new thin bi weekly tv guide , too many listings are focused on antenna and cable channels not much  for new age streamers (cord cutters) Improvements  could be made",3,Magazine_Subscriptions,52,True,False,False
neutral,negative,0.47226513902175354,"Not for informative info, however beautiful with 120 pages, and 100 pages of advertising.",3,Magazine_Subscriptions,14,False,True,False
neutral,neutral,0.5004082173042842,I will pass the items I can not use to larger dogs. They like the one i can break up. Quality seem to be good.,3,Subscription_Boxes,25,True,False,False
neutral,negative,0.5909204359559775,"Received 2 hardbacks as described look pretty interesting, for the ""surprise me"" box. As one person stated one looked like a remainder with a check mark on the top of the book across the pages.  There was nothing about an eBook but there was a taffy ( don't eat candy, threw it away - don't send candy to people) and a great book marker -which you can never have too many!!!  Let's not advertise something and not include it with no explanation or mention of it.  Am going to try one more month and see how it goes and read my new books...  Hopefully they will be good ones.",3,Subscription_Boxes,109,False,True,True
neutral,negative,0.43166268887071807,There is a wide variety of comics but most of the comics I picked when I customized the order were not in it.  I picked several marvel and some DC comics and I received very little of who I picked and several random unknowns I didn't pick.,3,Subscription_Boxes,47,False,True,False
neutral,negative,0.8682724494019582,"I had to skip imp. RX's to pay for the ""Auto-Renewal"" I was not aware of.<br /><br />Amazon needs to be VERY CLEAR about any magazine purchase. If you are getting a few issues (that a person can afford easily) and that means that you are forced to buy another year for a very large price it's not worth buying a magazine.",3,Magazine_Subscriptions,62,False,False,False
neutral,negative,0.5779442864507994,I personally was disappointed when we received the box. I didn’t feel that it was worth the subscription price. My son did love it though. I don’t regret buying this but did decide to cancel the subscription.,3,Subscription_Boxes,37,False,True,True
neutral,negative,0.7878622632617561,Disappointed with the magazine.,3,Magazine_Subscriptions,4,False,False,False
neutral,negative,0.5047599881283001,Not any info regarding flower garden,3,Magazine_Subscriptions,6,False,False,False
neutral,neutral,0.5079949953863185,"I’ve gotten 4 shirts so far and only sorta like one of the designs (book of boba Fett with boba and fennic) but the other 3 were silly and/or too brightly colored. Gonna give it a couple more months (this months looks like it’s pretty cool)<br /><br />I know art is subjective and everyone has different tastes in things, so you may love these shirts. Give it a try, you get free returns with prime (if new<br />and unwashed)",3,Subscription_Boxes,79,True,True,False
neutral,negative,0.5330759512804499,"Having been a subscriber and reader of this magazine on and off for at least twenty years, I find that the magazine has changed. The change in my opinion is not favorable due to frequent style suggestions and articles on gay male interests. (Purses, clothing more suited for women.) If the title is going to remain Gentleman’s Quarterly then leave the more feminine interests to the other magazines more suited for that.",3,Magazine_Subscriptions,72,False,False,False
neutral,negative,0.5271987404003045,"Pros:<br />1. Really cute themes every month<br />2. Good variety of toys (nylon, rubber, etc) and you can customize how much of each kind you get by<br />  contacting customer service. You can also customize to have a ""toys only"" box if you aren't interested in<br />  treats<br />3. Great customer service in general<br />4. Good price for the number and quality of toys<br /><br />Cons:<br />1. Hard nylon toys should ONLY be given to puppies - that way if they crack a tooth it isn't a permanent one.<br />  As a general rule of thumb, if you can't make at least a small indent with your fingernail, it is too hard for<br />  adult teeth. They really shouldn't be encouraging people to give rock-hard nylon toys to adult dogs.<br />2. If you have a dog that is over 75 lbs then this is not the box for you. The toys in the ""large"" size box were<br />  on the small side for my GSD and are a full-on choking hazard for my mastiff. They should have an option<br />  for giant breeds or they should explicitly state that when they ask you for your dog's breed, that they<br />  aren't actually using that to choose the toy size - every dog in the large size box gets the same toys<br />  regardless of whether they are a 60 lb collie or a 200 pound mastiff. It's extremely misleading for them to<br />  ask what breed you have and then send everyone the same size toys anyway.<br />3. Their rubber toys are not nearly as heavy duty as kong or bullymake rubber toys. For true super chewers I<br />  would choose bullymake. I have both subscriptions and I find that while barkbox is okay for my GSD, the<br />  toys they provide are entirely unsafe, and not nearly durable enough, for my mastiff.<br /><br />Conclusion:<br />I will keep getting this box for a couple of months because it has a nice selection of toys for my GSD and my smaller mixed-breed. However, they really should be offering a size up from the large box - I would say the toys in the large box would be more accurately described as being for medium-sized dogs like collies, smaller labs, and spaniels. The attached picture is of the rubber toy they sent after approximately 10 minutes with my mastiff (who isn't even full grown yet). The tail was ripped off by my GSD about 20 minutes after I took this picture. The whole things was in the garbage after about 45 minutes when I caught my mastiff eating pieces of the rubber. However, I will say that my experience with customer service was great and they sent out a replacement toy immediately, so no complaints there.",3,Subscription_Boxes,464,False,True,True
neutral,positive,0.3942048800204413,"I like getting these magazines a handful a times a year at a great price. What bothers me is they don't come protected in any plastic sleeve or envelope. It just comes in the mail, touched and tossed around by whoever at different handling places, and then finally makes it to my mailbox all scuffed and dirty..  betime it gets to me it feels so dirty, and gross the last thing I want to do is comfortably lay it around my house, or on my couch, coffee table, bed, kitchen table, wherever.  Please put some sort of sleeve over these magazines....",3,Magazine_Subscriptions,101,False,False,False
neutral,neutral,0.5734863310760995,Will not renew my subscription.  Not much to it.,3,Magazine_Subscriptions,9,True,False,False
neutral,positive,0.48733049994722016,Miss the former/old writers.  Now it's a magazine written & edited by millennials<br /><br />And get off my lawn!,3,Magazine_Subscriptions,19,False,False,False
neutral,positive,0.5032232601720235,Loved it but didn’t get all the items on the card I that came with it. Was really looking forward to an item we read on the card but it wasn’t there. Kids and I were bummed.,3,Subscription_Boxes,37,False,True,False
neutral,negative,0.4694758829366674,"I paid extra for the “deluxe” quality flowers. They weren’t very fresh and even with stem cutting, fresh water and flower food, they still died quickly",3,Subscription_Boxes,26,False,False,False
neutral,negative,0.5851749358673273,Need notification of what is being sent in time to skip.  Loved first CCR vinyl I received now going to have to send back the Wall since noticed it was coming when ordered something else today but to late to cancel. I already have the Wall on Vinyl.,3,Subscription_Boxes,48,False,True,False
neutral,negative,0.6194762014747985,I only disliked that it came in large a 1x would have been better,3,Subscription_Boxes,14,False,False,False
neutral,neutral,0.5692823634563142,This product is cute as a gift item but doesn't make sense in the long run. Probably get better quality socks at a lower price point.,3,Subscription_Boxes,26,True,True,False
neutral,positive,0.8290204475742363,"I used to love this magazine when I was younger, it's still a good magazine, but it has definitely changed, and they took out some of the best parts.",3,Magazine_Subscriptions,29,False,True,False
neutral,positive,0.5359636959868658,"I'm a huge Snoopy, Peanuts, Charlie Brown fan so I had great expectations when subscribing to the monthly Peanuts Design Vault Club.  I received 2 shirts (the first 2 months) and returned both.  I was expecting much more creative designs.  A great concept, but the designs are very lacking.",3,Subscription_Boxes,49,False,True,False
neutral,negative,0.5124518550494379,Wasn't really thrilled.  Is it St Paddy's or Climate?,3,Subscription_Boxes,9,False,False,False
neutral,negative,0.5210580710526588,"I've had this membership for almost a year now, and I've gotten some really good albums for less than buying them individually, so that's great. It's fun to see what album they're sending... they've almost all been good so far.<br /><br />Unfortunately, there's a big problem with the functionality of this membership. I signed up on the 18th of the month, so I have to look at my orders on the 18th of every month to see what's going to ship, in case I want to skip it. This month, nothing showed up. On the 19th, Dark Side of the Moon appeared in my order list... which is an awesome record, but I already own it, so I opted to skip it. Despite the fact that it hadn't shipped, Amazon said it was too late, and they shipped it to me the next day anyway. Now I have to keep the duplicate or deal with a return. Annoying. They really should have a period of several days, not several hours, for users to choose whether they want something shipped. This has happened to me a couple of times, now.<br /><br />And in general, it would be really helpful if Amazon had a place to list preferences (bands, styles, albums, etc), or at the very least list the albums that we already own so that we don't get duplicates. I'd be really annoyed if I had to pay $25 for a Fleetwood Mac album that I could get for $3 on the used market.",3,Subscription_Boxes,253,False,True,True
neutral,neutral,0.7369601440556789,"I was a charter subscriber back when. But I'm much older now and do not find the tiny type easy to see, even with reader glasses. As a result it is a chore to read this (but not as hard as it is to read Wired!<br /><br />Seems that if it looks ok on a computer screen to 20/30-something eye it is good to go. Well, that's not true. So I am complaining.<br /><br />A lot of good it will do, I realize. Wish a digital version came with the print version subscription. THAT I can enjoy reading because I had increase the type size and reading a long article isn't as much of a chore.",3,Magazine_Subscriptions,116,True,True,True
neutral,negative,0.6195100567001,Through out the years this magazine just keeps getting smaller. Will try to cancel,3,Magazine_Subscriptions,14,False,False,False
neutral,negative,0.5240347710836254,Reduced contend!,3,Magazine_Subscriptions,2,False,False,False
neutral,positive,0.3817072535748541,"Slap a D&D thing, add image, add name of game and date. This is a t-shirt design? How long do you have to be on the subscription before you start getting good designs? One of the pictures in the reviews is of a beholder. Fantastic design! amazing! I never got anything close...",3,Subscription_Boxes,52,False,False,True
neutral,positive,0.6098368574159105,The plants are very small and cute for new beginners. I like the fact that the app reminds you to water them. I will recommend this for people who's looking to start the growing process for better oxygen in your home,3,Subscription_Boxes,41,False,False,False
neutral,negative,0.5947538089999505,"For decades National Geographic has always been sold in sets of twelve by the year. If you subscribe in March, you receive January and February.  Is it because of the complaints here, that I've only received April? Historically collectors had full yearly sets. Another odd thing is that you always received a nice certificate proclaiming yourself as a member of the NG society. I have not received that. What's up? I am left to wonder if subscriptions through Amazon are different that ordering from the society itself?",3,Magazine_Subscriptions,87,False,False,False
neutral,negative,0.6208970551898144,"This is not an officially licensed shirt.<br />It's not the best quality and I will be cancelling my subscription.  I ordered an XL, and it looks like one, but we'll see how much it shrinks after washing and drying.",3,Subscription_Boxes,39,False,True,True
neutral,negative,0.5785953718059985,The toys for dog is from China which we avoid buying. Our dog needed to be encouraged to eat the treats. We have not tried the oatmeal bath yet.,3,Subscription_Boxes,29,False,False,False
neutral,neutral,0.6979065732759527,These succulents are very small and I feel like they are not such a value.,3,Subscription_Boxes,15,True,False,False
neutral,neutral,0.8425155571782748,"The succulents are small, but they are very well maintained.  They are a bit pricey.",3,Subscription_Boxes,15,True,True,False
neutral,neutral,0.7612215383607126,"Small succulents, but good quality",3,Subscription_Boxes,5,True,True,False
neutral,negative,0.4740912751648202,"Typical t-shirt with tags that can be easily removed, however, most modern t-shirts do not have a tag. Info is printed inside.  For the money I spent since NO ONE at Amazon knew whether or not this T-shirt had a logo on the back.  A decent t-shirt with a design should have a logo on front and back.  No tags please.<br />True to size.",3,Subscription_Boxes,64,False,False,False
neutral,negative,0.6251698780553654,Someone signed me up for this and it’s full of random products- CBD scalp treatment for<br /> with a bunch of ingredients I’ve never heard of and weird smells. An “essential oil spray” with “nonoxymol 12 and polysorbate 80” I’ve been getting packages over a year and I have a huge box of stuff I’ll never use. Plus the random books and cards that come with it. Wish I knew how to stop these from coming to my house!,3,Subscription_Boxes,79,False,False,False
neutral,neutral,0.8576134675250042,A little disappointed,3,Magazine_Subscriptions,3,True,False,False
neutral,negative,0.6888777085410367,Not nearly as many ads and ideas as available in the past.,3,Magazine_Subscriptions,12,False,False,False
neutral,negative,0.36405405319443723,"I love tea of all kinds, but I was disappointed in the flavors of the original box. I also felt that the cost of a monthly subscription was too high for the product received. I can go to a local shop that creates blends designed by the customer for less, so I expect more value from an online service.",3,Subscription_Boxes,59,False,True,True
neutral,positive,0.563920679174866,I wish there would be a preview before shipping so you can decide if you want it or can gift it.,3,Subscription_Boxes,21,False,False,False
neutral,neutral,0.6941005908693001,The box was just ok. Nothing remarkable,3,Subscription_Boxes,7,True,False,False
neutral,neutral,0.5049626961773963,Got my first month late like a week late says everything needed comes inside one bonus I was looking to get candle making supplies and to my surprise my first craft is that bur it only comes with 1 tin 3 molds a few wicks and the wax wish it would have came with colors to add dried peddles or something to make them more special a thermometer and melting cup would have been great,3,Subscription_Boxes,75,True,False,False
neutral,negative,0.7040929164196456,Annoyed that I can't see articles on the website with the mailed subscription.,3,Magazine_Subscriptions,13,False,False,False
neutral,neutral,0.5790185665835007,"Box arrived smashed,plants were just ok",3,Subscription_Boxes,6,True,False,False
neutral,negative,0.7287407634225822,"I found this to be mediocre at best.  I continued this membership for three months, hoping that my initial medium to poor products would improve.  In my first monthly two packets, one was ok and the other was poor quality broken up bits of jerky.  The second monthly pack contained another one that was ok and the second pack was really not to my taste (tasted gross IMHO).  The third pack contained a pack of jerky that was no better than anything I would get at a store or grocery chain, but the selling point was that it ""supported the troops"".  I'm all for supporting the troops, but when I've signed up for a premium jerky subscription, I expect it to be premium in quality and taste, not marketing value.<br /><br />All in all, I didn't feel that they really were delivering a premium product.",3,Subscription_Boxes,145,False,True,False
neutral,positive,0.5637737196925476,"Decent instructions for most of the included projects. I do like the color inspiration, and there’s a lot of focus on organization for things like toy/craft areas. Some of the projects I’ve seen in the issue I’ve received and the two issues I read at someone else’s house are a little less practical, and it’s definitely geared for homeowners (rather than renters). Be ready to make holes in your walls!",3,Magazine_Subscriptions,70,False,False,False
neutral,negative,0.6346248440500146,"This is 2 weeks at a time and it doesn’t give the descriptions of all the shows, just a few.  I will not be renewing",3,Magazine_Subscriptions,25,False,False,False
neutral,negative,0.8800062868584316,I’m canceling my subscription as this is the second time I received plants that were unsatisfactory. Ordering plants online is just a huge risk so just be cautious,3,Subscription_Boxes,28,False,False,False
neutral,neutral,0.6161228725489448,I have subscribed to this magazine since the beginning.  However it has changed so much.  The changes have fell short.  I miss the recipes and other topics ex issues on finances for home buyer etc.  I feel you are missing the mark of this magazine,3,Magazine_Subscriptions,45,True,True,False
neutral,negative,0.4825041347823224,See above headline.  Who wants old news with a new subscription>,3,Magazine_Subscriptions,11,False,False,False
neutral,neutral,0.4359613625652196,The socks are OK but designs (at least what I received) was very impractical for everyday.,3,Subscription_Boxes,16,True,True,False
neutral,positive,0.5287973121656504,I remember several years ago the Traveler was much larger in size and had more pages. The past photography was so beautiful I used to hang them on my wall in a frame.<br /><br />Recommend for the newer travel crowd.,3,Magazine_Subscriptions,40,False,False,False
neutral,negative,0.7379140589185682,"I ordered subscriptions for my first grandchildren using my credit card, but after a couple years it was very difficult to cancel the subscription and they kept charging my credit card for annual subscriptions. With my last grandchild I wrote a check and mailed it in so they can’t keep charging me, and I can make the conscious decision to renew or not.",3,Magazine_Subscriptions,63,False,True,False
neutral,positive,0.4807048752582815,"We LOVE the content of this magazine! Fun, funny, fascinating! Laid out in good sized digestible for kids bits.<br />What we don’t love: the pages of the magazine itself literally fall apart. It’s like the staples aren’t strong enough to keep it all together.<br />We are not particularly rough with them. But every single one comes apart into random sections which are then sometimes hard to piece back together.<br />Please hear me National Geographic! Please improve the structural integrity of this magazine!!",3,Magazine_Subscriptions,82,False,True,True
neutral,negative,0.4776620408184888,"Got the Disney+ Marvel box. Not bad. Not great either.  Here's why I'm confused though.... you keep saying the next box is Groot, but the Disney+ box says otherwise. Which is it?",3,Subscription_Boxes,32,False,True,True
neutral,negative,0.4785958243157143,"The products themselves are awesome. Only reason that I ended my subscription is because I just randomly stopped receiving them. They have no problem collecting the money, but they seem to have a problem with sending them. I’m missing about 4 months worth of boxes all together.  I’ll look somewhere else.",3,Subscription_Boxes,51,False,True,False
neutral,negative,0.6255303499602463,I did not like the record selection they sent. It did not match my category.,3,Subscription_Boxes,15,False,False,False
neutral,neutral,0.482545900834627,"My daughter loved these, but they are barely worth the money for one year (18 pages each).  It also took 3-4 months to receive our first one, and I'm pretty sure we only ever got 4 or 5.<br />DO NOT do auto-renew, as the second year is the exact same magazines with slightly updated cover!!",3,Magazine_Subscriptions,55,True,True,True
neutral,negative,0.3616849373943334,My lab destroyed,3,Subscription_Boxes,3,False,False,False
neutral,positive,0.5775041867752814,"I had started this craft subscription as a gift for my brother, he is really into crafting and i wanted to support his love for art. I had issues with my subscription this month and when I reached out to The sellers of the box, they were apathetic and they did not really try to help resolve the situation. Customer service was less than stellar.",3,Subscription_Boxes,65,False,False,True
neutral,neutral,0.8531365132344613,"Nice picture, but I was hoping it wouldn't be a see thru shirt. Very thin!",3,Subscription_Boxes,15,True,True,False
neutral,neutral,0.8531365132344613,"Nice picture, but I was hoping it wouldn't be a see thru shirt. Very thin!",3,Subscription_Boxes,15,True,True,False
neutral,negative,0.5920893305743075,"I rarely find topics which interest me.  Some insipid poetry, as well as failed attempts at humor.  I will not renew my subscription.",3,Magazine_Subscriptions,23,False,False,False
neutral,negative,0.7042427644956796,"I love this magazine, but will never order it through Prime again. The subscription is weeks late every month!",3,Magazine_Subscriptions,19,False,True,True
neutral,negative,0.8648232290761197,I received my card making kit & thought this will be fun making cards.  I was disappointed when I saw that instead of dies(which I would have paid more for the kit to have)it was preprinted perforated designs that go on the card.  It is just assembling the card.  Needless to say I canceled my subscription.,3,Subscription_Boxes,56,False,False,False
neutral,positive,0.6293508249840067,A great subscription price; a source of not many recipes! Lots of other information!,3,Magazine_Subscriptions,14,False,False,True
neutral,negative,0.6269817534716529,"The spices smell great.  Received 4 different spices.  Received 3 recipes instead of 4, but  can go online to get additional recipes.",3,Subscription_Boxes,22,False,True,False
neutral,neutral,0.47604070611541793,Toys did not last long and interest was short lived. Jerky and treats were great!,3,Subscription_Boxes,15,True,False,False
neutral,negative,0.4150544689095029,"Love the magazine, got this on a promo, 3 mags. for a year. it took 2 mo. to start, got 3-4ea. mags. in about 2 mo. now they want to charge full price about $60 for all 3 mags. it's not even close to a year!",3,Magazine_Subscriptions,46,False,False,True
neutral,positive,0.5805015686661151,"Love the magazine, got this on a promo,3 mags. for a year. great price it took 2 mo. to start, got 3-4ea. mags ea. in about 2 mo. now they want to charge full price about $60 for all 3 mags. it's not even close to a year!",3,Magazine_Subscriptions,48,False,False,True
neutral,negative,0.5015520677290242,It’s a super cute print but the material the shirt is made of is not very soft and is kinda stiff compared to others I’ve gotten from the subscription box,3,Subscription_Boxes,30,False,True,False
neutral,negative,0.550497187546838,"I appreciate the ""discovery"" aspect of this however I can't really give it anything more than 3 stars overall simply because it is VERY VERY BAD VALUE for what it costs.<br /><br />Contents are hit or miss. Some months are REALLY bad and (to be slightly hyperbolic) their contents deserve to go directly in the trash.<br /><br />To Bokksu: Reduce the price or increase the contents (by volume and weight) of the box.",3,Subscription_Boxes,73,False,True,False
neutral,negative,0.44429326892160964,"I've subscribed to GH for several years. I like the magazine, so the most recent time I renewed at the plus level, because they dangle the possibility of being a product tester as a perk. I have since registered to receive product testing opportunities and received multiple surveys to apply to test everything from cleaning supplies to snacks. I have never once been included in a test. Apparently they're not interested in middle-age testers without grandchildren. Short of lying to be part of a more desirable demographic, I don't seem to have an opinion worth valuing. Stupidly, I renewed at this level for two years. Don't make the same mistake if you don't have children or grandchildren.",3,Magazine_Subscriptions,117,False,False,False
neutral,negative,0.7847386682327274,I felt the size of the bottle wasn't worth the $15.,3,Subscription_Boxes,11,False,False,False
neutral,negative,0.522766453664977,"I’ve purchased multiple boxes directly from KitNipBox and always pleased, however this has not been the case with purchasing now on two occasions via Amazon.  The boxes appear to be quite a bit smaller (less quantity) and lower quality (less quantity) of items.  The toys and packaging that come via Amazon don’t appear to have any catnip.  My cats go crazy over the boxes that are ordered directly from KitNipBox, and respond lackluster with these Amazon boxes.",3,Subscription_Boxes,77,False,True,False
neutral,negative,0.5469301548099452,I think I paid for a year & then they stopped publishing.,3,Magazine_Subscriptions,12,False,False,False
neutral,negative,0.8526035431338967,"I thought I was going to be getting a few pair at a time but 2 orders now each time I got one pair not worth 12 bucks, gotta do better",3,Subscription_Boxes,31,False,True,False
neutral,neutral,0.5220515996235627,"If you like rock from the 60's and 70's, with broad interests in that genre, you'll like the selections. Pink Floyd, Simon and Garfunkel, Hendrix, The Who, Black Sabbath, The Clash, etc. represent recent selections. Also, the price is generally lower than if you just went and bought the album on Amazon (sometimes considerably so). Notice, however, nothing outside rock, despite what the club description might have you to believe. No Motown, Funk, Soul, New Orleans sound, blues, jazz, etc., at least during the year or so I've been a member.<br /><br />One problem is I already have over 1/2 the albums that they have chosen for selections. Not a big deal in general, but Amazon does not send an order placed email like usual - I only get an 'item has shipped' email. So, I have no chance to see what the selection is and cancel it before the order is locked in a shipping status. That means I am returning an album most months of the year. Not only is this terrible for the environment (e.g., fuel and packaging costs both ways), but it is a hassle to me (and hurts Amazon profits!).<br /><br />Come on Amazon, give us 24 hours to tell you if we already have the title so we can cut down on the return shipments!",3,Subscription_Boxes,221,True,True,False
neutral,negative,0.7730332579113006,I love the magazine and I thought I had paid extra to have it delivered in a poly bag. I tried to contact the company but didn't get a response.,3,Magazine_Subscriptions,30,False,True,False
neutral,negative,0.6184571491573541,I love the magazine but it is always damaged. I thought I had paid extra for the magazine to come in a poly bag. I tried to contact the company but didn't get a response.,3,Magazine_Subscriptions,35,False,True,False
neutral,neutral,0.5465229991069168,Love the idea of it a little expensive and they don’t like the selection of the shirt,3,Subscription_Boxes,17,True,False,False
neutral,positive,0.6750612950689538,My granddaughter,3,Magazine_Subscriptions,2,False,False,False
neutral,negative,0.5023672974085984,Not what I was expecting 😕<br />No ginger to order again<br />Pricey,3,Subscription_Boxes,12,False,False,False
neutral,neutral,0.6949597456333377,"If your cat is catnip-sensitive, the feline Rescue Box is probably excellent; however, mine is one of those ~30% who don't have the necessary gene.  Unfortunately, this subscription is very heavily loaded with catnip treats and toys, which he naturally ignores.  I typically end up donating 50% of what I receive to the local cat shelter.  Since the whole point of Rescue Box is their commitment to donations to shelters and shelter pets, I don't mind, but I wish there were a ""catnip-free"" option.",3,Subscription_Boxes,84,True,True,False
neutral,positive,0.42920377577737456,I received no magazines for May. But I do love the recipes in eating well,3,Magazine_Subscriptions,15,False,True,True
neutral,positive,0.6943325490176836,"Love the Magnolia Journal… quality, articles, and of course Joanna, but I’m consistently getting them 2 months too late. Just received the Spring issue last week, and reading about things that took place in March.",3,Magazine_Subscriptions,35,False,True,False
neutral,neutral,0.46730130680605647,"Socks are super comfortable, but way too expensive.",3,Subscription_Boxes,8,True,True,False
neutral,neutral,0.38315068567758714,Man do I love supporting veteran run businesses and charities and this healthy snack box was right up my alley. Unfortunately the stuff I got was the same stuff you find at any grocery store for an exorbitant mark up. I feel pretty riped off and hoping they atleast use that profit to do some real good within the vet community.,3,Subscription_Boxes,61,True,False,False
neutral,neutral,0.9058589448852502,"Don't get me wrong, I enjoy the magazine but found car craft and some of the other mags they killed off more to my liking. Has some decent content each month but the magazine keeps getting thinner all the time.<br />Not sure if I'll renew.",3,Magazine_Subscriptions,45,True,True,False
neutral,neutral,0.7627473489777856,"Some of the shirts are quite cool.  Some look like they were designed by folks who don't watch Star Trek.  My most recent shirt was white, with a slogan of ""I'm kind of a big deal - Capt. Picard"" on it.<br /><br />Totally stupid.  Not in character for Star Trek or Picard.  So back is goes.  But some are quite cool.  It's just hit or miss.  So long as you are prepared for it, it's fine.",3,Subscription_Boxes,76,True,True,False
neutral,negative,0.7827329866803903,The toys sent were not for large dogs.  My dog destroyed them in two days and he normal doesn't destroy his toys.  Disappointed in the toys!,3,Subscription_Boxes,26,False,False,False
neutral,negative,0.5893366388946761,"I was expecting samples of  products to help my skin, not  tu bes with water in them. Not at all expressed",3,Subscription_Boxes,21,False,False,False
neutral,positive,0.5985094800018954,"The plants arrived healthy and beautiful. My only complaint is the accompanying letter was missing. Since this was a gift, I had to research where the plants came from, how to use the fertilizer tablets, how to access the app and identify the plants myself. This is not the customer experience that is described.",3,Subscription_Boxes,54,False,False,False
neutral,neutral,0.7683976056667944,"I think I remember a version of Elle from years ago that was a bit more robust than it is now.  The magazine is still pretty - nice photography, etc.etc.  But - for my taste, too many ads and not enough content.  The price point was good though.  So to keep up on newer beauty products, give this mag a try but don't look for articles of substance.",3,Magazine_Subscriptions,68,True,True,True
neutral,negative,0.7358654310528918,"I love a lot of the puzzles, but delivery has been terrible. I have called them many times and get a b.s. story about an issue with mailing stickers, printing, etc. I keep getting told that the issues are on their way. Really? They must be coming on the slow boat from China. I got burned years ago when Games magazine ceased to exist. I have been a subscriber for over 30 years, but I am losing confidence in them. If I don't start getting some issues soon, I will not be renewing",3,Magazine_Subscriptions,93,False,True,True
neutral,negative,0.4962241305039631,Have to throw most of the books away because you cant keep them clean enough to read,3,Subscription_Boxes,17,False,False,False
neutral,neutral,0.43450517004143663,Too many spicy products for my jusband,3,Subscription_Boxes,7,True,False,False
neutral,neutral,0.7546415626456693,"I only put 3 stars becuse the castro oil was everywhere, it needed an extra bag to be in to separate the oil from other items.",3,Subscription_Boxes,26,True,False,False
neutral,positive,0.5331580842747621,"I have only gotten 2 magazines so far.  Love them but they do not come in a timely manner and they already want me to renew for the next year!  Send me what I paid for, please!!",3,Magazine_Subscriptions,37,False,True,True
neutral,neutral,0.5314373151998446,Love the content when it’s there. Too many ads and magazines get thinner and thinner. Gimme more!,3,Magazine_Subscriptions,17,True,False,False
neutral,neutral,0.6770780679111297,I really wish I could give this a 5 star review but unfortunately my cat is not a fan! I’ve bought her a box twice. First time was a few years ago and she was momentarily amused. There’s one toy she still loves. But this last box she was not entertained at all. The first whiff of catnip got her excited but ten minutes later she was bored. I know other cats love them so I guess it depends on your cat,3,Subscription_Boxes,82,True,True,True
neutral,neutral,0.5138123910201888,IM AN ARTIST THE REASON I STOP  THIS BOX IS BECAUSE THE AMOUNT OF MONEY FOR IT WAS NOT WORTH IT NOT ENOUGH VARIETY IN THE BOX I CAN GET MORE FOR THE SAME PRICE FROM WALMART OR ARTENZA OR BLICK OR JERRYS ART SUPPLY  I LOVE ART SUPPLIES BUT THIS WAS TO HIGH FOR SO LITTLE,3,Subscription_Boxes,57,True,True,True
neutral,negative,0.5768091280029579,"I’ve subscribed to this box for about 5 years and loved it-up until this year. I haven’t received the box for January, March or May-wish there was a way to contact and get better information on delays instead of just waiting for something that might never come…",3,Subscription_Boxes,47,False,False,True
neutral,negative,0.6976611252592492,"I enjoyed the experience until I tried to access the website… which does not allow me to connect my subscription to my account. When attempting to connect with customer service, it says response time is a few hours… so I guess there is a huge disconnect between the product and the customer opportunity to engage. It’s the right idea and the right product and the right experience…. Until you want to actually do something with it.",3,Subscription_Boxes,76,False,False,True
neutral,negative,0.37682870845501587,"The magazine has top notch reporting. the quality of the writing on the film and entertainment business is an important linchpin in understanding what’s happening in the fast paced world of Hollywood. My chief complaints about the print edition are that it’s way too expensive ($179 per year???) and the issues frequently arrive too late, especially the Oscar editions which are so time sensitive. Reading the analysis and Oscar commentary AFTER awards have been announced is anticlimactical and of little use. I just received a one-time only opportunity offering me a free “Weekender Duffel Bag” for saving them from the added expense of sending more renewal notices. I think I’ll save some trees and go digital.",3,Magazine_Subscriptions,116,False,False,False
neutral,negative,0.6687079692274885,"I’m a faithful subscriber to this collection, yet the last box I received was in September 2021.<br />All the rest of the boxes have shown “PENDING”…until today when the November 2021 and January 2022 now show “SKIPPED”…which I have NEVER done.<br />I’m seeing the elements of these past crates all over the internet, soooooo where the heck are mine? And why did I just get skipped over?<br />NOT. COOL.",3,Subscription_Boxes,69,False,True,False
neutral,neutral,0.6616367571878143,"Fairly mediocre t-shirts. The quality of the shirt is fine, but what they choose to print on them so far has been underwhelming. I'm canceling my subscription and instead will buy the shirts I want.",3,Subscription_Boxes,35,True,True,False
neutral,negative,0.7009237390733708,seriously?? mail it today then...this type of time to ship a mag is from the dark ages...this is the SAME period advertised in the mid-70's..i know i was there! no thanks.,3,Magazine_Subscriptions,31,False,False,False
neutral,negative,0.5878293531760675,"I started this for my son, who loves to cook and bake. I thought it would be great because everything is perfectly measured. Many of the kits take items I don't keep regularly stocked, so it became frustrating for him when he wanted to make something as soon as the box arrived.  It's actually been some time since I canceled the subscription and realized, I still have 3 kits around because he lost interest in it. You're better off getting a few kids cookbooks and planning things out that way. Less expensive that way.",3,Subscription_Boxes,94,False,False,False
neutral,positive,0.44386029939629806,It's actually more of a crafters publication.,3,Magazine_Subscriptions,7,False,False,False
neutral,neutral,0.6814054463696426,"OK, but I had expected something closer to what National Geo magazine used to be.  It's not.  About 1/3 the size, cheap non-glossy paper doesn't do pictures justice.  Overall, a bit disappointing.",3,Magazine_Subscriptions,32,True,True,False
neutral,negative,0.7675636839968795,"Great value as far as the retail price of products vs. the cost of the box.  Also pleased to only find one product in the box that said “made in China” on it!  Unfortunately, customer service is very poor.  I emailed them 4 times and left a chat message once as well, but never received a reply of any kind. ☹️",3,Subscription_Boxes,61,False,True,True
neutral,negative,0.7509299055037354,I want this magazine stopped.,3,Magazine_Subscriptions,5,False,False,False
neutral,negative,0.36036167725223883,Mostly advertiements vs few articles.,3,Magazine_Subscriptions,5,False,False,False
neutral,negative,0.5600913959085041,"Started with Pink Floyd's The Wall, but then went to Gospel to Nancy Sanatra who only was able to get a record deal becasue of her name adn not for any actualk skill or talent. No one would ever buy this album for a reason. Somehow I thought this would be Classic Rock. Pink Floyd = Super, Aretha Franklin = Mah, Nancy Sanatra (I just vomited in my mouth a little) = Waste of money and time. I'll let it ride one more month to see if it returns to form or if it will just be more trash. They start out strong to hook you, then taper off quickly.",3,Subscription_Boxes,110,False,True,False
neutral,negative,0.49304894051211345,"I was hoping this was going to be more like the English magazine “What Your Doctor Doesn’t Tell You”. To many advertisements for me. Not recommending but, just because I wasn’t thrilled with it doesn’t mean you won’t like it. It does have some good info in it.",3,Magazine_Subscriptions,48,False,False,True
neutral,neutral,0.48476786392594234,Was so excited for this box to arrive but the polka dot plant came looking pretty sad I thought maybe a drink and some tlc would perk him up but alas his leaves are still curled and he looks like he is on his last leg. Also none of plants come labeled with what they are just a general care sheet for cacti and houseplants.,3,Subscription_Boxes,65,True,True,False
neutral,negative,0.5741025380399842,"I have been a subscriber since the magazine started. Over the years the items published have always had high degree of craftsmanship and originality. The plans, tips and techniques were top notch. This last year  the magazine has been subpar and disappointing, but the last magazine is a joke. If it keeps going this way,  I'll be saying adios. What a shame.",3,Magazine_Subscriptions,62,False,True,False
neutral,negative,0.5805594292137579,Not what it used to be but then what is….we used this mag years ago to plan trips that showed affordable accommodations not high end,3,Magazine_Subscriptions,25,False,True,False
neutral,positive,0.4288161400366908,"Months of beautiful plants that later became plants that arrived needing hospice care here, to today, one plant that I had to ask if it was sick and another with aphids. Cancelled. I will peruse the nursery once a week for a new beautiful plant to bring home.",3,Subscription_Boxes,48,False,False,False
neutral,neutral,0.3954538381306031,All the jerky seemed to be too dry.,3,Subscription_Boxes,8,True,False,False
neutral,negative,0.6854975101537985,After getting Marvel Studios/Disney+ I thought about cancelling the subscription. But I wanted to give it one more chance. My Dr. Strange box didn't arrive until June 19th 2022. I saw a leaked video and I was so excited to receive this box. But it was not without flaws. The paint on the Supreme Statue was too dark in some places and missing in others. The left side of his collar was pressed against is face. I'm trying to place a folded napkin between the collar and face. I hope it stays apart. The Dr. Strange 1012 was perfect. I really wanted the Statue for my collection. I guess it's better than no box at all. This would have been my favorite Marvel Collector Box. .....So far the collar is holding. But it's slowly folding back to his face.,3,Subscription_Boxes,139,False,True,True
neutral,negative,0.7931054328193584,"When I decided to try out a plant subscription, I chose Costa Farms because it seemed like the best “deal” and would be something I enjoyed, even after the price jump after the first box.<br /><br />When the first box arrived, both of my “O2” plants were the same plant, not a deal breaker, but disappointing none the less. That shipment came with a total of 3 plants (2 Arrowhead and 1 torch cactus). It was missing the “free watering can” that was promised. An email to the company was replied to very quickly stating that they had run out of them and one would be shipped in my next subscription.  Cool, I can wait a month, no big deal.  A few weeks later, I received an email letting me know they had the watering cans back in stock and I should expect one in my next order.  Cool, I like the communication!<br /><br />However, today my second subscription box arrived and guess what WASN’T in the box?!  You guessed it, no watering can. Now, they did send 4 plants this time (2 very small cacti; ball and bieblii, a coffee plant and a corn plant)….all very pretty and I do love them, but having now paid almost $40 and not received what is probably a 30¢ plastic water cup is very disappointing and I will likely be canceling this subscription to find a more trust worthy company to exchange money with. What a disappointment it was to have it not be there again!  At least this month I got the box with MY packing slip in it instead of someone else’s information inside.",3,Subscription_Boxes,274,False,True,True
neutral,neutral,0.6354286595338454,"This box is a nice way to get a couple exclusive Pops every couple of months, but it has just become quite boring. 2 Pops, a t-shirt, a pin, a sticker. Every month. It would just be nice if there were some unique items like there used to be (and are used in all the product photos)",3,Subscription_Boxes,57,True,True,False
neutral,neutral,0.5105281692800709,Way too expensive…!!,3,Subscription_Boxes,3,True,False,False
neutral,neutral,0.6566288788167832,"We all heard about supply chain issues and delays. And this box is ~2 months late. Love both Funko Pop figures: they are detailed and look great on the shelf. In the box, there's also a nice black-light t-shirt, a pin, and a decal.<br /><br />Upon close inspection, instead of sending me 2XL shirt, it was a medium. No biggie, I reached out to Amazon, and I received a replacement box in 3 days. This time, it's a large t-shirt in the box.  👎<br /><br />Now I'm debating if I should return my order or not...",3,Subscription_Boxes,96,True,False,True
neutral,neutral,0.6525106511851543,"Lots of nice pictures in slick magazine, not much how to do it content. Will not renew subscription.",3,Magazine_Subscriptions,18,True,False,False
neutral,neutral,0.518503673539315,"I would like to get out of this kit of the month club, it is not what I thought it would be.",3,Subscription_Boxes,22,True,False,False
neutral,negative,0.653498671813118,"Of course my 7 year old daughter is excited to receive something with unknown contents as a surprise but the contents were certainly not worth the subscription price.  I could purchase items at dollar tree or five below stores that were better quality and more items for under the price of this box. First box had 3 scrunchies, earrings, bath bomb and lip masks.  Second box had a small llama keychain, face cleaner brush, face mask soap, necklace and hair ties.  If the items were of better quality, it could be worth it.  It’s just not for us.",3,Subscription_Boxes,98,False,True,False
neutral,positive,0.8972961186684636,My son loves these but I wish he could learn more about the state there’s really only one learning page and the rest are activities,3,Subscription_Boxes,25,False,True,False
neutral,neutral,0.6779590450232927,"While the magazine provides concise product reviews, the products are all significantly $1,000s out of my price range. It is of no “value” to me…",3,Magazine_Subscriptions,25,True,True,False
neutral,negative,0.5852154833025619,My 5 dogs don’t eat or chew on the hooves but that’s what you get the most of. One twisted bully stick and a few other treats. It’s just not worth the money they are asking for it.,3,Subscription_Boxes,38,False,True,False
neutral,negative,0.6923683407179622,"I have been a fan of Star magazine for at least 15 years. I never use auto renewal as I like to pay upfront and not worry about higher charges if I were to stay on auto renewal. So, I replace the order every 1-3 years depending on prices. This one I timed to start when my past order finished. I have bought through Amazon as in the past I could read the print edition and the kindle edition. This time it said print only. I got my first issue about a week later then it said. The first 5 issues came fine. I am now missing 7 issues in a row.  Calling Amazon is of no use, they send you to Star Magazine despite on my order receipt it says delivered by Amazon.<br />When I call Star, there is a recording to be patient as the USPS is to blame. If this was true, why haven’t I received any more issues. Star added three issues to  the end when I called 4 weeks ago and said they would contact my local post office. I called again today, four more issues not received. I was told a manager would check into it and get back to me. They added on 4 more issues.<br />I recognize that normally Amazon doesn’t want delivery information on this review, but there is nothing for me to review when Star insisted they are printing and shipping and it is not their fault.<br /><br />When I do get Star, I love it. Sometimes the stories are likely untrue, but often have a kernel of truth. This has been my go to magazine to read floating in the pool. I prefer paper magazines and newspapers to e versions. It is a fun escape with lots of photos, often taken from the star’s own instagram accounts.<br /><br />But now I seem to be stuck with no issues , no help from Amazon, and Star magazine support keeps talking but so far, has accomplished nothing to get my magazine to be delivered again.  If a print magazine can’t be timely delivered than stop allowing us to order. Funny how it manages to arrive at three times the cost at the local store.<br /><br />I hope Amazon will post this review as there is no other way to let people know you may never receive what you pay for and Star just blames the USPS. One issue a few days late is likely, but getting the first five and now missing 7 weeks in a row - something smells fishy about this story! :(",3,Magazine_Subscriptions,434,False,True,True
neutral,negative,0.8367457053737593,Only got an eraser and some pencils. Not worth the money.  I prefer Sketchbox,3,Subscription_Boxes,14,False,False,False
neutral,neutral,0.6936844362099166,"Bought this as a gift for the adult architecture student in my life. At first, they liked the novelty of the magazine but realized that it was more about celebrities showing off their home renovations and interior design prowess than anything really architecturally based. When it was time to renew they said don't bother, that it was nice to look at once in a while but that it wasn't worth the price increase they were going to charge for the next 6 months. When asked, their architecture instructors weren't too excited about the magazine either in terms of representation vs. actual content.",3,Magazine_Subscriptions,102,True,True,False
neutral,neutral,0.6253049134875364,"I'm a Canadian so getting these directly instead of shopping off Amazon is prefered but not easy. I have to use a drop shipper and pay out the ear for International shipping. With that in mind I was concerned they were triple charging me as they had taken 3 payments out. They did finally return 2 of the charges and the box was shipped. I opened it excited and inspected the Outer box, No damage,Good stuff Yet WTH? One of the Pops was mangled ODD And then I saw the shirt was Large Not 2 XL like the last 6 Boxes. Sad but to mauch hassle to exchange. Going on a diet and hitting the Gym I guess. P.S. Loved the box despite that.",3,Subscription_Boxes,124,True,True,True
neutral,positive,0.5733085787271602,more of a decor magazine than an architecture magazine,3,Magazine_Subscriptions,9,False,False,False
neutral,negative,0.40233460959941103,Why do they think nobody watches TV during the day?,3,Magazine_Subscriptions,10,False,False,False
neutral,neutral,0.5280313375272173,"I liked the quality of the materials, but to create the pieces you have to go to the website and print them. No. I subscribed to relax and have fun. Not do download and printer battles. I am going to use the materials for different projects and cancelled my subscription.",3,Subscription_Boxes,50,True,True,False
neutral,negative,0.4293373580259392,"Been a subscriber to IBD for many years, and I have learned a lot from their educational content -- both written and videos. If you are a new investor it is a good return on investment to pay someone to teach you the basics and some advanced techniques of growth investing. The men and women investors at IBD are quite genuine in their approach and are balanced about investing reward and risk.<br /><br />Where IBD falls short, as many others have noted, is the non-stop advertising and upselling. Not sure why they do this since their products are already expensive. They don't seem able to distinguish between existing customers and prospects because they will constantly pitch you services which you already subscribe.  It is pretty annoying and makes them feel a bit untrustworthy.  Another thing I don't like is that they continue to pitch ideas like ""stocks near a buy zone"" even when they note the market is in a correction...a practice that is contradictory to CANSLIM...and quite different than what their investors say on IBD live or other videos.<br /><br />Bottom line, IBD is a good place to learn about growth investing, but they are diminishing their products and the brand with their non-stop and sketchy salesmanship.",3,Magazine_Subscriptions,208,False,True,True
neutral,neutral,0.6253384241063539,Good content. Hard to read with small print and glossy pages at bedtime.,3,Magazine_Subscriptions,13,True,False,False
neutral,neutral,0.6408333081676776,"While I liked the contents of the box and decided to keep it, it was packaged poorly and therefore slightly damaging one of the pop!s inside which was disappointing.",3,Subscription_Boxes,29,True,True,False
neutral,negative,0.3616352875714216,"I love Critical Role, and love the LoVM. Was really excited to see this subscription box. But while the art is great, Amazon insists on adding stupid captions to almost every shirt. The Scanlan one was the worst, Grog only a bit better. You don't need to explain the characters to your audience! We already love them, that's why we bought the shirt! Let the art speak for itself!",3,Subscription_Boxes,69,False,True,False
neutral,negative,0.8211253871637925,"Unoriginal, no variation in style and cheap projects that you can easily buy in kits at the local craft store for less. I stuck with it for 3 months hoping for improvement, but I honestly feel ripped off. I did contact the company with my concerns, which were not addressed.",3,Subscription_Boxes,50,False,True,False
neutral,neutral,0.7950074771463775,It was ok not great hope next shipment lives up to the hype,3,Subscription_Boxes,13,True,False,True
neutral,neutral,0.6460830619148225,Sometimes you get a goodie sometime you get a boring one wish you can say like hey no black or navy or something to that extent but i just give the colors i dont wear away to friends,3,Subscription_Boxes,38,True,True,False
neutral,neutral,0.47817434907135026,Kit has more decaf teas than I would have liked .. a little over priced for what you get,3,Subscription_Boxes,19,True,False,False
neutral,neutral,0.5531332371292218,This has been a little expensive so far. I really like this plant and the plants that come but I really don't know if it is worth over 25 dollars or whatever the price is. The plant is also questionably healthy when it comes in.,3,Subscription_Boxes,45,True,True,False
neutral,negative,0.7114143778745854,The cat nip did nothing … too old (?)<br />The trinkets inside were worth about $2 tops<br />Will cancel the subscription since I received the second box and same as first,3,Subscription_Boxes,31,False,False,False
neutral,negative,0.5709366123349002,To expensive paying for stuff animal only,3,Subscription_Boxes,7,False,False,False
neutral,neutral,0.6675751781993866,"but I'm not the best reader it could have.  too opinionated, I guess.  and as someone who ALREADY makes a living by writing, some of their advice is of no use at all to me.  but I like to read other writers' thoughts.",3,Magazine_Subscriptions,43,True,True,True
neutral,positive,0.6880606618952885,Kids enjoy getting these in the mail.,3,Magazine_Subscriptions,7,False,False,False
neutral,neutral,0.53183357357024,"About 70% of items I got over 3-4 months were beanbags in shapes/prints to fit the monthly theme, filled with catnip. My cat loves the Yeowww banana, so you would think that would be a hit. But the catnip must not be that great. The treats are hit and miss. Also, besides the treats, all the toys are made by Kitnip Box, even though they label them as separate brands. The labels say they’re all produced in the same place. If you’re looking for variety, this is not the box for you.",3,Subscription_Boxes,92,True,True,False
neutral,neutral,0.623162262542652,I do not like white t-shirts and this for a star trek shirt doesn't do much for me. Not thrilled with this one.,3,Subscription_Boxes,23,True,False,False
neutral,positive,0.6352645924723637,"I love this magazine with the recipes, but would like to see more recipes and less ads.",3,Magazine_Subscriptions,17,False,True,False
neutral,neutral,0.9085950658631808,"This one is ok, I mean I have much better quality T-Shirts for approximately the same price but considering the unique design and still not bad quality I think it worth the money.",3,Subscription_Boxes,33,True,True,False
neutral,negative,0.6218299264645981,Unfortunately the box had a book that I already had and there was no way to return just the individual so I didn’t enjoy the box completely,3,Subscription_Boxes,27,False,False,True
neutral,neutral,0.7242571398569028,I was hoping for more interesting items.,3,Subscription_Boxes,7,True,False,False
neutral,negative,0.625838301865965,"Hairy armpits are not cute or elegant or fashionable or anything that deserves to be on the cover of a magazine. I think hairy armpits are a choice as any other, and  just as I don't care who has them or not, I don't think they belong on the cover of a fashion magazine such as Vogue. What happened to your standards or is that the new standard is to have no standards at all and just cater to whatever is out there?",3,Magazine_Subscriptions,83,False,False,False
neutral,negative,0.7366779024368592,"I've been a member of this club since July 2021.  This month my order was skipped by Amazon.  I called to see what was up and was told that they didn't have anything in inventory to ship this month.  I call BS.  They just don't have anything in inventory that they want to sell for $24.99.<br /><br />To me, it seems they just started this club to get rid of their overstock.<br /><br />I've mostly gotten multiple items by the same artists.  And of these, the albums were the most obvious, predictable albums for those artists.<br /><br />Pink Floyd - 2 albums<br />Rolling Stones - 2 albums<br />CCR - 2 albums<br />The Who - 2 albums (cancelled one)<br />The Clash - 1 album<br /><br />and a couple one-offs that I just wasn't interested in and from reading the comments, most others found anti-climatic as well.<br /><br />Sinatra - cancelled<br />Aretha Gospel album - cancelled<br />Charles Mingus<br /><br />Now, they don't have anything to send to club members?  If you look at what they have been sending it only reiterates that they had a lot of albums by the same artists to get rid of.<br /><br />They apparently have a very small list of artists they consider to be in the Golden Era of Vinyl.  I would have expected some Van Morrison, Zeppelin, Simon & Garfunkel, Dylan, Clapton, Joplin, Grateful Dead......my list goes on.  There list, very short.<br /><br />Where is",3,Subscription_Boxes,240,False,False,False
neutral,negative,0.6086797641358044,"I started my subscription in June and received the box for June on time, my son enjoyed the activity and played with it for about two weeks before it broke completely. July came around and he was looking forward to a new kit but a box never came and never heard from the seller as to why. I just canceled the service.",3,Subscription_Boxes,62,False,True,True
neutral,neutral,0.6802662187889714,Not one of my favorite singers.,3,Subscription_Boxes,6,True,False,True
neutral,positive,0.7528993018481464,Still has a lot of great articles but it’s veering away from the original concept.,3,Magazine_Subscriptions,15,False,True,False
neutral,positive,0.6126092228020907,"I’ve been subscribed for only a few months and in these months I have noted great decline in the quality, like other users have said. There used to be a great variety of sweet to savory options, more than one bag of tea, etc. Now it is mostly sweet options, less items overall, and zero complexity in the choices. How many chocolate covered strawberries and pound cakes can we try?",3,Subscription_Boxes,70,False,False,False
neutral,neutral,0.39369934314129273,"Outside box was scratched up. Inside contents pin, decal, T-shirt and Groot on skateboard, Groot in a planter. They could have done something other than the planter again.  Groot on skateboard is cute though.",3,Subscription_Boxes,34,True,False,False
neutral,negative,0.7210717953139851,"Magazines…It’s unfortunately a dying luxury. They have little content nowadays. Too many ads.  So while this Mars one has some ideas, I wouldn’t purchase again.",3,Magazine_Subscriptions,25,False,True,False
neutral,negative,0.650356634346841,"It was hard to see which vinyl they were going to send out, so if you don't  like the band or singer you had to return it.  It it was easier to see which one they were going to send out.  Save you trouble in returning it, if you didn't like it.",3,Subscription_Boxes,52,False,False,False
neutral,neutral,0.5390721053695938,"Well  i had to go up two sizes. But first shirt was geat. When they shippedcsecindvshirt shipping notice they sent an image showing shirt was pink ink on black short, but when it arrived it was a white shirt. I was dissapointed. Design didnt work well on the white shirt",3,Subscription_Boxes,50,True,True,False
neutral,neutral,0.6022617528519116,"I got a subscription to see if the elders I work with would enjoy it. The print is too small for most of them, and there are a lot of ads.  Good jokes and games in the last couple pages of each issuer.",3,Magazine_Subscriptions,43,True,False,False
neutral,neutral,0.48412289648279544,"Not as good as it used to be. The recipes and articles are way off the mainstream beaten path, where you can't get ingredients and it's absurd.",3,Magazine_Subscriptions,27,True,False,True
neutral,positive,0.5163125775144785,"I purchased the subscription as a gift. The recipient has received the regular Reader’s Digest instead of the Large Print. It’s a great magazine, especially if it is not a strain for the reader to see the print.",3,Magazine_Subscriptions,38,False,False,True
neutral,neutral,0.7097394677085372,"I love plants, so this subscription is still something I will keep. Reality is though these plants are tiny and honestly overpriced. The succulents were not in great shape when they arrived. So far, three weeks later all seem to be okay.",3,Subscription_Boxes,42,True,True,True
neutral,positive,0.5947246524071329,"My daughter and I have been collector corps members since the eternal box. For the most part they’ve been pretty good. We look forward to getting these in the mail. I was excited to see what kind of grout pops would come. At first I thought they were identical but looking closer at them one was kind of cool. Grout on a piece of soap lol the other was grout in a planter box. Are you kidding me with that pos? It’s been done many times before. How about some originality, seeing how it’s a so called “exclusive”.",3,Subscription_Boxes,98,False,True,False
neutral,neutral,0.8520684409438175,"I like the idea and the price. But I would prefer to have toys in the box and treats. For some reason my dog on average would only like one of the treats in the box….out of the entire box… I canceled just not worth it for me. But, it may work for those who don’t wish to also get toys and those who’s dogs enjoy all the treats each month.",3,Subscription_Boxes,71,True,True,True
neutral,negative,0.6344047715299688,"These items might be for little little kids (6-10) who think any super hero is cool, but teenagers might not enjoy half the contents. I bought it for Christmas figuring I would get 2 boxes between now and then. The communication with the seller wasn't the best and I got a very generic answer. The box wasn't even in another box hiding what it was so had my son walked out the door his gift would have been ruined among other possibilities with strangers in my building who may have seen it sitting there before I did. I knew purchasing the box the shirt wouldn't fit my son so I'm not basing any of the review on that and can't say what material it was. The other items were a thin blanket or  beach towel depending what you want to use it for, a key chain, a light up button, a small pillow (a toddler could carry or put their little head on), a small tote bag, and a figure in a box. That was it. Not any character I'm familiar with and I am a fan so it was disappointing thinking I was going to have a gift with a bunch of items not found in store and honestly I don't think he will like or use any of these items at all.",3,Subscription_Boxes,224,False,True,True
neutral,negative,0.7093838877772559,"I’ve had this subscription for just over a year.  I love getting them and I don’t mind that the format is always the same (t-shirt, sticker, pin & 2 Pops).<br /><br />It’s the Pops! I am a bit disappointed in this month. Groot surfing on soap - adorable.<br />Groot in a flower pot - again.<br />There are so many different things from the show Funko could have done. Yet for an exclusive subscription box they went with the most basic thing they could.  A slight variation on the same design they’ve put out like 7 times. It’s cute, but boring.<br /><br />The pin & sticker are both adorable and both would have been better designs for the pop.<br /><br />I suppose my attitude is somewhat colored by the fact that this box should have arrived in March.<br /><br />That I still haven’t received my Doctor Strange; M.O.M. box, even though others have.<br /><br />And of course Thor L. & T. Is delayed.<br /><br />I get that there are supply chain issues. I don’t mind waiting. Give an update once in a while. 1 email saying ‘sorry it’s delayed’ is not good enough over a 5 month period.<br /><br />Especially when I can go on the site and see that people are selling things from the box I STILL HAVEN'T GOTTEN YET that should have arrived in May (Doctor Strange)<br /><br />Calling customer support is a waist because they have no clue what you’re talking about when you call (45 minutes that I can’t get back).  They suggested I call Funko and ask them…<br /><br />I know it doesn’t sound like it over all I am happy with the subscription.  I have no plans to cancel it. I continue to look forward to the next box, though at this point who knows what it will be or when it will arrive.<br /><br />People if the box is going to be late send the email. In a month if its going to continue to be late send an email. If it continues to be late send another email just so we are aware that you haven’t forgotten about us.<br />If the box is going to be late because of a product shortage- tell us.",3,Subscription_Boxes,372,False,True,True
neutral,negative,0.890547049060286,"Wasn't useful at all, money wasted",3,Magazine_Subscriptions,6,False,False,False
neutral,negative,0.890547049060286,"Wasn't useful at all, money wasted",3,Magazine_Subscriptions,6,False,False,False
neutral,neutral,0.6612468239786886,"The exclusive Funko pops are nice but they don’t closely watch the included shirt size; despite the box being marked L the shirt was size S.  I don’t want to return the whole box just for that, but it’s still annoying.",3,Subscription_Boxes,41,True,True,False
neutral,neutral,0.6612468239786886,"The exclusive Funko pops are nice but they don’t closely watch the included shirt size; despite the box being marked L the shirt was size S.  I don’t want to return the whole box just for that, but it’s still annoying.",3,Subscription_Boxes,41,True,True,False
neutral,neutral,0.4855097776855874,"The billing and internet aspects of this are very poorly done and confusing.  If your buy the print subscription, you do NOT get access to the digital archive.",3,Magazine_Subscriptions,28,True,False,False
neutral,negative,0.5469019687609097,"August subscription says pending as does the September - where is the August pick?  You make it impossible to find a phone number or discuss any questions with a human being. The chat with a computer just sends you back into the FAQs, which doesn't answer the question.  Frustrating.....",3,Subscription_Boxes,49,False,False,False
neutral,neutral,0.7423002881630135,I like this magazine/ pamphlet. It took forever for the 1st one to show up and now Im not sure how long i have to wait for the rest of the subscription. I like the info but really did expect something more substancial to put in the clinic waiting room.,3,Magazine_Subscriptions,50,True,True,False
neutral,negative,0.4984227184638806,I have been a member for awhile.  The first three or so boxes were amazing.  I am getting duplicate plants which obviously is going to happen.  I went on the website and they’re so many plants I haven’t received yet.  My opinion this seems like a short term subscription.  Could be so much more.,3,Subscription_Boxes,54,False,False,False
neutral,neutral,0.45134168033652944,Pops are great but I got the wrong size shirt.  They sent a Large instead of a 2XL,3,Subscription_Boxes,18,True,True,False
neutral,negative,0.4989941141878651,"As far as quality goes I always buy my plants from Costa Farms because their plans are always healthy and high quality. However the issue I have with this subscription box, is it very clearly states in the description that you will get one of the bigger plants and then bare minimum of three or four smaller ones. My box I only got three total. One snake plant and two succulents. Which in my opinion for the size of them was a ripoff for $32. They packed it so they knew that they did not even put the bare minimum of plants in there. Description clearly State you will get one of the snaker ferns or one of the bigger ones, and then at least three or four of the smaller succulents or cactuses. I only got two succulents which look the exact same, one is a little bigger than the other and then I got a snake plant. That is a rip-off for the $32 and I was very disappointed that that's all I got. Probably won't continue the subscription box since they don't actually give you what they claim to.",3,Subscription_Boxes,192,False,True,False
neutral,neutral,0.6095853142875842,I ate them and did not think they were all that good and absolutely not worth the price.  I would not buy them again and canceled my subscription.  The booklet describing each thing was a nice touch and was very interesting.  I enjoyed that much more than the snacks.  It was packaged nicely and would make a good gift for a person who requires something unique because they have everything.,3,Subscription_Boxes,70,True,False,True
neutral,positive,0.3643353948014458,"Nothing special with this box. The Pops were unimpressive. After seeing the animated shorts, it would have been nice to get the alien ""dance off"" Groot or the Leafy Groot versions",3,Subscription_Boxes,31,False,False,False
neutral,negative,0.4914656532890851,"I have been very excited to receive my first copy of High Times, however it is 4 days late and I have no news of where it is. I'm hoping that it comes soon because as I said I'm very excited to start reading it",3,Magazine_Subscriptions,45,False,True,False
neutral,positive,0.7555700243069376,Good magazine,3,Magazine_Subscriptions,2,False,False,False
neutral,negative,0.7886833461416642,"I used to get this magazine for the breath taking photos, paper quality is do poor I Will not be renewing",3,Magazine_Subscriptions,21,False,False,False
neutral,neutral,0.40164275553694284,"I’m honestly torn about what to write in this review. This magazine is for food stylists, not home chefs. It’s absolutely gorgeous and I’ve gotten inspiration from it many times, but it’s also rife with ads for $60 cocktail glasses and weird brands of food you can’t find in a real grocery store.<br /><br />I renew my subscription every couple years when I can pick it up for super cheap, but I don’t get enough serious inspiration from this publication to take it seriously.<br /><br />If you’re pursuing a career in the culinary arts, if you love fancy pictures of fancy food and posh people who passive aggressively make you feel inferior for sometimes using processed ingredients, or if you want to be an edgier Martha Stewart, you’ll love this. If you’re looking for a fun new twist to cook for yourself or a family, try this when it’s on sale and don’t judge yourself for having realistic standards or substituting the reasonably-priced alternative from your normal-person grocer.",3,Magazine_Subscriptions,168,True,True,True
neutral,negative,0.9150987617805758,"I would lov ethis, but its unreliable. Last month I got an email that they would not be sending me one due to demand than my August one just never came. Useless if they can't be consistent.",3,Subscription_Boxes,37,False,True,False
neutral,neutral,0.3919534117704338,The tool that came with our box was a spoon rest. Not what a kid wants.  Recipes look to be delicious and easy for her.,3,Subscription_Boxes,25,True,False,False
neutral,neutral,0.7461787292651637,Lots to do f ads but really good ideas. I’m subscribing.,3,Magazine_Subscriptions,11,True,True,False
neutral,neutral,0.6328075767862652,Small to read,3,Magazine_Subscriptions,3,True,False,False
neutral,negative,0.5884140210744784,"Just got the Thor box.  Turns out the “exclusive” FP’s are available on here!  Same model number and all.  I had purchased a mighty Thor FP the prior week as a gift, then the same one shows up in the collector corps box.  Deceptive.",3,Subscription_Boxes,44,False,False,False
neutral,negative,0.696174023762749,Purchased them for my wife for Valentines Day 2022. The first order was Fantastic. However each order became less and less fantastic. Each month we discuss canceling but hold out for improvement. If the next order does not improve we are canceling. First few orders were worth the money. Now it is no better than we can purchase at the Grocery store. One more month.,3,Subscription_Boxes,65,False,True,False
neutral,neutral,0.4668078872797699,"More ads than information, but still interesting",3,Magazine_Subscriptions,7,True,True,False
neutral,neutral,0.7370188043234449,"It seems like there is not that much there, for the money. I have gotten it before a few years past. Seemed fuller then. Will not renew.",3,Magazine_Subscriptions,27,True,False,False
neutral,negative,0.6889666254913697,Our dog liked some stuff but monthly subscription very expensive and difficult to cancel,3,Subscription_Boxes,14,False,True,False
neutral,positive,0.4920278104833807,"I feel, like many things, GQ has declined over the 2 decades I have been a reader. However, it is still a decent read and fairly well written.<br />I began reading GQ because of its monthly Q & A article titled 'The Style Guy'. I enjoyed that and many other regular articles. I also enjoyed the style it represented. It has deviated in recent years from classy to a more ostentatious and radical look. I still enjoy the magazine, but have possibly outgrown it, i.e. gotten old.",3,Magazine_Subscriptions,87,False,True,False
neutral,neutral,0.6044458549110946,"I used to subscribe to this magazine for around $6, and it came every month. Now it's $12 and only comes every other month. It was 12 issues for $6, now it's 6 issues for $12... And more ads than it used to have. Same with Popular Science. Print is slowly dying... Sad.",3,Magazine_Subscriptions,53,True,False,False
neutral,neutral,0.5046275330375927,I got several deliveries from this company. It came more frequently than I expected and I couldn’t seem to communicate with anyone.<br />Yarn was good and probably works well for most.,3,Subscription_Boxes,31,True,False,False
neutral,negative,0.7939143054562041,I was really amazed when I saw on my orders: Dark side of the moon.<br />Wow! This club is amazing but then cancelled…<br />I can’t understand there’s anything to send me in august….. one month skipped…<br />The agreement is that you will send me a record per month….I don’t care which one!<br />Commitment please!,3,Subscription_Boxes,54,False,True,False
neutral,neutral,0.4818639480428116,It's a hit or miss with the shirt styles.<br />Not very pleased with the style,3,Subscription_Boxes,15,True,False,False
neutral,negative,0.6281903537156741,"I wasn't that impressed with my first box, standard subscription box. I'm not sure if I want to waist my time with a second box. If I do I will write a review on the second box",3,Subscription_Boxes,37,False,False,False
neutral,neutral,0.4358086276999387,"The subscription comes with two tonies at the same price if you buy them individually. No discount with subscription. Given tonies has started releasing multiple tonies vs a few like when they started out, I personally  find it better to just buy individual of what I need vs waiting on the two surprise tonies in a subscription. If these were harder to come by the subscription it may be worth it. But if you follow tonies, you’ll know who and when is dropping and just be there day of release and buy what you need. Also, If the subscription had a discount and option to pick two for the subscription, then this would work for me and I’d get onboard. But as of now, not worth it.",3,Subscription_Boxes,127,True,True,False
neutral,neutral,0.6059098304697171,I  will not be renewing as they concentrate on EV’s.  Combustion cars are not dead!,3,Magazine_Subscriptions,15,True,False,False
neutral,neutral,0.40650808967625224,"My first box was amazing lots of treats/Chews, toys, and dog accessories. I’ve gotten 2 boxes after and they barely have anything in them a bone/chew and maybe a toy that’s pretty much it.",3,Subscription_Boxes,34,True,False,False
neutral,neutral,0.7056129088829747,"The marvel collectors corps as a whole has been struggling lately. With them being like two months behind and all kinds of shipping issues apparently for whatever reason. I know that the shipping delays are probably not their fault, but a lot of the designs and picks that they have chosen to put into these boxes lately have been severely phoned in. I mean, I’m not wearing a shirt that says “I’m saving myself for Thor” The real problem is the pop designs. It just feels like they haven’t put very much thought into it. These are all things that could be corrected with time, so hopefully things improve.",3,Subscription_Boxes,109,True,True,False
neutral,neutral,0.5278519652100669,There are a few cute ideas in here and for $5 for 12 issues it's a fun 15 minute distraction.,3,Magazine_Subscriptions,20,True,False,False
neutral,negative,0.6244231204014703,Bring Heather Storm back. One of the dumbest deceisions ever made was getting rid of her. FAIL!,3,Magazine_Subscriptions,17,False,False,False
neutral,neutral,0.47270738030449516,Our box arrived looking like it had been stomped by whoever brought it.  Things inside were neat but didn't add up to the overall cost.  I'll try another month and cancel if nothing improves.,3,Subscription_Boxes,34,True,True,False
neutral,negative,0.544114650489303,"I got my first shirt and it was a huge let down. The design is small and only on one side. The shirt is white and picks up stains easily. Hoping the October shirt will be cooler or I'm definitely cancelling. I'd rather get a shirt in pink every month with a better, larger design. I love Hello Kitty and was hoping for way cuter like in the email ad sanrio sent me  This is so cheap. Meh.",3,Subscription_Boxes,78,False,False,False
neutral,negative,0.5729637462247462,The first 3 records were awesome but I have not kept a record since April.  The choices have not been great at all and I don't know who curates the records for this subscription but they should be fired and if its a computer please unplug it now!!  All the great albums you have to choose from in that era and this is the crap you pick.  Another thing is that there is no preview of the upcoming record so we can decide early is we want to keep it or skip it.,3,Subscription_Boxes,93,False,True,True
neutral,negative,0.6906297364789905,"The quality of print is really hard to read. I am going to cancel my subscription, please.",3,Magazine_Subscriptions,17,False,False,False
neutral,neutral,0.6344218317730674,"I hate getting the yellow shirts, definitely not my color and way too bright. Also when I get notifications on the tshirt to be received it’s always a different color from what is pictured. The designs are mediocre. They’re not worth 17.99…more like $5.",3,Subscription_Boxes,44,True,False,False
neutral,positive,0.5533126566043804,"Large, glossy format which is a plus. Decent selection of fashion styles and skin care routines, although rather avant-garde and there are magazines I personally prefer Reading. However This popular, professional publication is great when the price is right (I got this for about five dollars per subscription on a special offer)",3,Magazine_Subscriptions,52,False,True,False
neutral,neutral,0.6581115382776914,Box had the potential to be great if it weren’t for the shirt. The design on the card vs what you actually get is totally different the colors bleed together and it’s hard to decifer what the shirt is susposed to actually be. Loved the pops and pin but very disappointed in the shirt,3,Subscription_Boxes,54,True,True,True
neutral,neutral,0.8446992859514034,"Some of the watches are okay, but so far all have been unheard of pices.",3,Subscription_Boxes,15,True,True,False
neutral,neutral,0.48604819734691374,"Sure, get your trial rate of $5....but look out when the full subscription price kicks in. The $30 rate just isn't equal to the mag's value....which appears to be one product, or destination plug after the next.  There's little content that isn't a PR placement in this publication.",3,Magazine_Subscriptions,48,True,False,False
neutral,neutral,0.6482924207032814,"First of all, this is just an average collector box...  The two POP! figures look like standard issue figurines.  The T-shirt is rather colorful with the main heroes on it.  The pin seems to be well made.  The sticker is just okay.<br /><br />I purchased three new boxes when this was at a discount.  One box came sealed with all the five items while two boxes were open (one with missing shirt and pin and the other with none of the original contents).<br /><br />Funko should do better when curating these collector boxes with more impressive POP! figures and unique T-shirts.  Perhaps they'll take note and come up with greater ideas in the future.",3,Subscription_Boxes,114,True,True,False
neutral,neutral,0.7724702151782049,It's about 10 pages.. 4 of them are paid ad's. It isn't the small little thick coffee table book I remembered. Won't be renewing.,3,Magazine_Subscriptions,24,True,False,False
neutral,positive,0.6683678247268844,I use to LOVE this magazine because it had very interesting topics. I was disappointed in this subscription.,3,Magazine_Subscriptions,18,False,False,True
neutral,positive,0.45512695547615895,My cats loved the box. They did not love the weird cat treat or cheap catnip filled sachets.<br />I thought Amazon could do better. Too bad I would love a Jackson galaxy collab,3,Subscription_Boxes,33,False,False,True
neutral,neutral,0.5505374128611458,"During the pandemic I sought good reading material. Based upon Popular Mechanics good articles appearing in the Internet news I subscribed to Popular Mechanics magazine in early May 2022. The first issue arrived four weeks later, and I received a second issue two months later. The magazine content disappointingly differs from the Internet news articles: the magazine primarily surveys commercial products of interest to builders and outdoorsmen. Then my subscription appeared to stop after receiving the second issue, and when I contacted Hearst's subscription department their answer was not responsive, another disappointment. In response I'm allowing my Popular Mechanics subscription to lapse.",3,Magazine_Subscriptions,102,True,False,True
neutral,neutral,0.8485383967297739,They’re okay. It’s hit or miss. Some of them have great ideas others not so much. Not worth the subscription.,3,Magazine_Subscriptions,20,True,False,True
neutral,neutral,0.43645749154144375,"This was fun, we kept the subscription for a little bit, but it generally comes with some recipe cards and one kid safe kitchen tool. Just not enough bang for your buck.",3,Subscription_Boxes,32,True,True,False
neutral,positive,0.4857620232016067,"My husband loves the box, but I feel it's important to note that you do not get the same advantages as you would get by ordering directly with GQ. From what I can tell, you do not have access to their discount store (even though you get a brochure and QR code included in your box, as if you were a regular subscriber). And you also do not get the two free gifts that you get when you first sign up on GQ. Overall, definitely a great box, but as a new subscriber, there are better benefits to ordering directly through GQ.",3,Subscription_Boxes,102,False,True,True
neutral,positive,0.40370202480330136,"As much as my dog loves the toys and treats, nothing has lasted past a few hours. Disappointed.",3,Subscription_Boxes,18,False,False,False
neutral,neutral,0.7287140394786604,"ok I  am givingthis club 1 moremshipment. I recieved the firstshipmentat a reduced rate of 30 dollarsas first time member, well went to their actual site and the set sent to me was for sale for just 6 dollars more. It is the airbrush kit. Interesting project that I will enjoy. however, not sure if worth the cost. so the jury is still out. if better kit will change my review. gave 3 stars for effort. would be great gift for a child.",3,Subscription_Boxes,83,True,False,True
neutral,neutral,0.7846282401214614,I liked the tshirt but they run small,3,Subscription_Boxes,8,True,True,False
neutral,neutral,0.7599838047022092,Fine,3,Magazine_Subscriptions,1,True,False,False
neutral,neutral,0.38908146493057755,"La pedí para mi mamá, que vive en EU y no habla inglés, porque decía en español. Las primeras 3 las enviaron en español pero ahora las envían en inglés. No lo recomiendo.",3,Magazine_Subscriptions,33,True,False,False
neutral,neutral,0.5149559419710993,"This is pretty cute for the younger kids. My 9 year old was excited at first, but he has done so many of the free coding things offered by a popular game that he, and many other kids, play that this just wasn’t up to snuff for him. He received box 3 or 4 today (the one with kings, queens, and unicorns) and he asked me if we can look into something more. It’s truly a cute box, and I think it’s great for kids around 5-7, but it seems a bit “young” for kids much older than that.",3,Subscription_Boxes,99,True,True,False
neutral,neutral,0.6774426158694168,The pops are very similar but the shirt was good,3,Subscription_Boxes,10,True,True,False
neutral,neutral,0.46862131863754797,"The first box we got was actually pretty fun (the pizza box). The second and third box seemed like the creators forgot this was a date night box, and was geared more towards a small group setting, and the games got a bit complicated which made the experience not as enjoyable. 3 stars because we enjoyed the first box.",3,Subscription_Boxes,59,True,False,True
neutral,neutral,0.5597544607025271,"It’s okay. I’ve received two boxes so far and I’m not blown away by the contents. I was hoping for unique or exotic items to make this an exciting experience, but it’s just normal chips/wafers/ waxy chocolate.  Better off buying similar items at the grocery store yourself.",3,Subscription_Boxes,47,True,True,False
neutral,negative,0.7309490523478308,Every box seems to get worse,3,Subscription_Boxes,6,False,False,False
neutral,negative,0.4791086896588277,"The listing did not state that books may alternate between paperback and hardback, or that books were remaindered. Ordered the mystery box and the first shipment was two hardback mysteries, second month one hardback mystery and one softback horror novel. This wouldn't be a problem if it was advertised that way; however, the pictures imply that books will be hardbacks",3,Subscription_Boxes,60,False,False,False
neutral,neutral,0.732518913346221,"The box arrived quickly and in good condition. The box says where it’s from so my husband knows I got more books. The surprise was a cheap sucker, which sums up what I feel. I’m a sucker for subscribing for this box. It claims you will receive 2 hardcover books, yet as you can see from my photo I got a paperback. That book mentions Netflix, which I do not have nor want. Sadly I’m not too enthusiastic about what arrived. I shall try another month with hope it gets better.",3,Subscription_Boxes,91,True,True,True
neutral,negative,0.8814967917070429,I have three orders for these magazines (two through Amazon) and am disappointed to see a big price drop with no way to adjust the costs although the deliveries aren’t until December.<br />The magazines themselves are excellent.,3,Magazine_Subscriptions,37,False,True,False
neutral,neutral,0.44921564867542113,"I like getting just the books vs the other stuff i never use, however my first experience has been bittersweet. As a fan of horror books/movies/creepypasta i love experiencing new authors and new plot lines. My favorite sub genre is the anthology and this box was 2 new anthology books, i was excited about them until i read the first story in one of the books  I know this company didn’t write the stories but as the content curators I feel like they missed a pretty big content issue in one of the books. I don’t want to get into specifics since anyone can read these reviews and the subject matter is definitely not appropriate for kids. I’ll continue with the next box to see if it was a fluke but there should at the very least be a content warning in the box for stories that need it.",3,Subscription_Boxes,149,True,True,True
neutral,neutral,0.5694521385613279,"There were a coloring book for the Philadelphia baseball team (we live in St. Louis), a book about a third grader (which my granddaughter laughed about), and two other books that seemed more appropriate for my 9 year old granddaughter, who reads above her level.  This is a step down from the old Amazon subscription.  We'll see what the next box brings, but I'm not hopeful.",3,Subscription_Boxes,66,True,True,False
neutral,neutral,0.5487860093772408,Too thin- not much content for the price,3,Magazine_Subscriptions,8,True,False,False
neutral,neutral,0.4948618645786039,"Initially when I subscribed to this level of monthly deliveries it came with an additional item to try like toner sheets or face creams. Also they used to have different brands combined together each month. Now it's just facetory brand masks which to be honest with you were kind of the lowest quality masks that were in those boxes. They felt like the filler masks because they were so basic and almost caustic due to their chemically artificial nature. Suddenly, the contents of the monthly boxes changed without notice. I had had the subscription since December 2021 and so apparently I had gotten most of the facetory masks because I kept getting the same masks over and over which is ultimately, why I ended my subscription because the quality and variety just went downhill. It went from a monthly treat to a source of clutter. They didn't really feel luxurious so much as every day and humdrum. I do not recommend getting this unless you just like using a lot of facemasks monthly it's definitely become more about quantity than quality which is a shame because I genuinely used to look forward to my monthly deliveries.",3,Subscription_Boxes,196,True,False,False
neutral,neutral,0.6915568956746491,"I gave it an overall 3-stars because while the products looked great, I never received a box for the last two months after initially subscribing. So, I can't review the products, because I don't know! Also, compared to other beauty boxes out there this one is a bit more expensive for less items. I canceled without ever  having received the product! I'll try another subscription service that's cheaper.",3,Subscription_Boxes,68,True,True,False
neutral,neutral,0.49021111723354416,Price was decent and worth the money.,3,Magazine_Subscriptions,7,True,False,False
neutral,negative,0.5384215987988654,The preschool box isn’t listed as an option for purchase.,3,Subscription_Boxes,10,False,False,False
neutral,neutral,0.711548025189052,"Been a subscription member for a few months, 2 mens sizes and 2 women. Most prints are good but this Undertaker shirt is very pixilated. Disappointing because... UNDERTAKER!! Would have loved this shirt to represent the image better. All the shirts are pretty good quality, classic fit for the mens shirts. A bit blocky, wish there was a modern fit option for men. The Women's shirts run small by a full size. Overall happy with the club and shirts so far.",3,Subscription_Boxes,81,True,True,True
neutral,negative,0.604143040529719,Very small. Order bigger size,3,Subscription_Boxes,5,False,False,False
neutral,positive,0.8306728365993495,"I used to love these boxes, but they've gotten very repetitive and unimaginative.",3,Subscription_Boxes,13,False,True,False
neutral,neutral,0.5491264153902183,"I have no complaints about the quality of the products, but they were not appealing to me.  The scent of the roll on perfume reminded me of vapor rub with sandlewood. Not something I would ever wear. The lotion was in bar form. Good no plastic but not a form in my comfort zone for application.",3,Subscription_Boxes,56,True,True,True
neutral,negative,0.3680299301710427,"This is a good quality and fun patterned pair of socks. They’re soft, comfy and warm. I can’t see spending $12 on one pair of socks though!",3,Subscription_Boxes,27,False,False,False
neutral,negative,0.5852328769766338,I love the designs but the t-shirts are EXTREMELY low quality. Worse than women’s clothing and more on par with Wish. I doubt they’ll survive more than a couple washes. If they don’t I’ll be cancelling my subscription. It’s awfully pricy for the shirt to end up in the garbage by the time the next one arrives.,3,Subscription_Boxes,57,False,True,False
neutral,neutral,0.5391455177854351,"If I hadn't gotten this box on sale, the regular price would be outrageous for what you get. Not worth $20 in my opinion",3,Subscription_Boxes,24,True,False,False
neutral,neutral,0.7142456173227989,"I've had the subscription a little more than a year now and while I really like some of these shirts there's a distressing lack of show variety. It's mostly TOS shirts. A couple TNG. One DS9 and it's Garak so it's fantastic. But no TAS, no VOY, no SNW, no LD, no Disco. More variety please!",3,Subscription_Boxes,56,True,True,False
neutral,positive,0.7124084394267581,I read your a copy of your mag and like it except I would like to see you include floor plans of houses when you are showing individual rooms etc. I am going to downsize.<br /><br />I have 2300 square feet house i own. I am 89 years old and wish to downsize. It would be beneficial to see floor plans so I could get ideas etc.<br /><br />I watch your love it or list it on tv frequently.<br /><br />I am trying to get a subscription  to your magazine presently.,3,Magazine_Subscriptions,91,False,False,False
neutral,negative,0.8065536403061291,The contents was cute but it arrived too late. This was suppose to be an Halloween box and it would have been nice to put in use. We receive it on November 9th!!<br />Cute but totally USELESS!,3,Subscription_Boxes,37,False,True,False
neutral,negative,0.44196576429193835,"I bought this subscription box because I’m not crafty. I HATE crafting but my kids love it so I bought a box where I thought the hard work would be done for me. The crafts are too difficult. It requires major adult help and also adult art skills. For instance, in the Halloween craft box it has us drawing this completely free hand! I can’t do this and it results in frustration and tears for everyone. I wish they had outlines already drawn and we could just fill them in.",3,Subscription_Boxes,90,False,True,True
neutral,negative,0.952441619931798,Says 6 issues for a 12 month subscription but only received 3 issues total when my subscription was over.,3,Magazine_Subscriptions,19,False,True,False
neutral,neutral,0.7086257737302771,It was on sale.  I wasn't sure what to expect.  I guess I have a different definition of handyman.,3,Magazine_Subscriptions,19,True,False,False
neutral,negative,0.5352357922325316,We were enjoying these boxes. Yes they are expensive but for my cat who loved them I splurged and was happy. Then the third box was listed as undeliverable even though the address is exactly the same. It’s a single dwelling house- nothing complicated or unusual. I waited for a refund and finally put in a direct request because it wasn’t happening on its own. So Amazon said it has been done and I’ll check my credit card tomorrow. But i unfortunately decided to cancel future shipments as I don’t feel like having to go through this again. Sad because the toys were cute.,3,Subscription_Boxes,104,False,True,True
neutral,negative,0.48311305345129535,Magazine was great but when the subscription ran out they tried twice to bill my credit card for another subscription,3,Magazine_Subscriptions,20,False,True,False
neutral,negative,0.618257922567284,It is an outstanding magazine on all the topics I love. The main text is a grey small fine font that is very hard to read. Many side bar articles use the exact same size small font but with bolder and darker letters that is much more readable. Given the two exact same sizes it can't be an issue of trying to save space as I actually measured the same word used in both style as identical.  Please fix this!,3,Magazine_Subscriptions,80,False,True,False
neutral,negative,0.6784302252433853,"I started with an auto-renewing subscription to Hello Magazine. Toward the end of the first year my Grandson turned two and was ready for more than what the younger magazine offered. I called to change our current subscription to High Five. We received two High Five Magazines, (September and October,)which I found to be too wordy for his age. Then the November issue never arrived.  I was planning to call when December's issue arrived. I called to tell them that I never received November.  She assured me that my (auto-renewed) subscription ran 12 issues into 2023, but could not explain why an issue was skipped with an auto-renewing subscription.  It was not uncommon to receive issues very early or very late. I have received monthly magazines out of order, such as July before June. Either they skipped a month in the auto-renewal or I'm still missing an issue.<br /><br />While the stories are still too wordy for him, we love the craft and snack in the back pages of High Five. My plan is to receive this year's subscription, cancel the renewal, and save them to repeat for him when he is ready. There definitely needs to be a magazine that bridges the gap between the two.  It's unreasonable to expect 2 year olds to comprehend and enjoy the same material as 6 year olds. My grandson is a smart boy, but this magazine is not developmentally appropriate for him.",3,Magazine_Subscriptions,240,False,True,True
neutral,negative,0.8303160570147436,This is the second time that I have received the exact same toys I am not going to keep paying for the exact same stuff this is ridiculous,3,Subscription_Boxes,28,False,False,False
neutral,neutral,0.8125373755993147,So the juices are okay-I didn't like how all the fruit/veg ones contain apple juice.<br />The almond milk ones tasted grainy. I expected better.,3,Subscription_Boxes,24,True,False,False
neutral,negative,0.6648846463001741,"I have bought many plants from Costa Farms on Amazon, and have always been pleased with them. Until this box arrived! I received three plants for my first box ever. Not impressed at all and one of the plants was broken. I’ll give it one more month to see if it gets any better if not, I will be canceling I want",3,Subscription_Boxes,62,False,False,False
neutral,negative,0.5625244120983421,The info was not nearly as good as mother earth magazine was very disappointed,3,Magazine_Subscriptions,14,False,False,True
neutral,negative,0.6071566906867267,"Beautiful magazine, but way too many ad pages.",3,Magazine_Subscriptions,8,False,True,False
neutral,negative,0.3796485547342103,Been a subscriber for 25 years and will always have it. But we live abroad most of the year and I often want a digital copy and can’t easily locate it. Please add a way to do this easily!,3,Magazine_Subscriptions,39,False,True,False
neutral,negative,0.8238033853757659,I received the October 2022 the first of October; then did not receive another one until the end of November when I got September and November's!  They are very thin - not like the Reader's Digest I used to subscribe to! I don't feel the articles were the quality they used to be.  I will not re-order.,3,Magazine_Subscriptions,57,False,False,False
neutral,neutral,0.40200616355285596,"Once again, another lackluster Marvel box. Just more variant Pops of main characters you can already purchase separately. It be nice if they would have some other characters",3,Subscription_Boxes,28,True,False,False
neutral,neutral,0.7963416410298536,"Three stars is generous. The pictures are good, not exceptional, and the print is very small. I will not order this again.",3,Magazine_Subscriptions,22,True,False,False
neutral,negative,0.5458699245496008,I have had it for two months. I feel like the brands I received this month aren’t even worth the money. I tried to google it and it’s a company from New Zealand. Product reviews are older so it’s not even a quality active company. I believe these are cheaply purchased items in bulk to create these subscription boxes. Last month I had a bunch of stuff I could have got at Family Dollar. I’ll find another box but this ain’t it.,3,Subscription_Boxes,82,False,True,False
neutral,positive,0.8005901469661181,"MOST WERE AMAZING, SOME WERE WAY TO SALTY ,  FUN LITTLE TRIAL",3,Subscription_Boxes,12,False,False,False
neutral,negative,0.5864619532447931,"The ones they are showing for Oct, Nov and Dec 2021 are not the ones i recieved. those are kinda cool. I got some goofy ones. Its about a 50/50 mix of shirts that are neat. If you are not a star wars super fan you wouldnt catch half of the metaphors on the merch. probably gonna cancel but i have gotten about 15 shirts, for $25 a month it isnt terrible.",3,Subscription_Boxes,72,False,True,False
neutral,negative,0.6757951895742041,It's beyond my scope of comprehension as to why a nursery wouldn't send something telling us exactly which plants came in the box. Hard to correctly care for something when you don't know what it is.,3,Subscription_Boxes,36,False,False,False
neutral,negative,0.5388617531504423,"Every box we get a huge femur bone and hooves . We don’t let our dog have those and would like more variety , like yak chews, bully sticks,",3,Subscription_Boxes,29,False,False,False
neutral,neutral,0.7378387956611101,"not mush tech stuff, a lot of adds and one on projects.",3,Magazine_Subscriptions,12,True,False,False
neutral,neutral,0.507080142276895,The Cinnamoroll shirt was cute and good material quality. But the recent Little Twin Stars one was a different material at much lower quality and not as soft. If you're going to use lower quality material the price should go down to match it. Don't recommend this.,3,Subscription_Boxes,47,True,True,True
neutral,positive,0.5957185493977715,Nice magazine,3,Magazine_Subscriptions,2,False,False,False
neutral,positive,0.49131783012335273,I agree with the gentleman that commented about full size products. I received 2 of the 4 full sized products as mentioned.<br /><br />I'll see what the next box brings. I love the idea of the box and the products. I already use a few powder protein shakes.,3,Subscription_Boxes,48,False,False,False
neutral,neutral,0.6192497685181757,"I like the photos, but the special issues (like the annual one on Best Hotels) are pretty useless to me. I can't afford these places and probably wouldn't stay in them if I could.  Too luxe.",3,Magazine_Subscriptions,36,True,True,False
neutral,negative,0.4606923606362034,Started out as handyman stuff but mostly now working around doing wood projects at home.  That's not why I buy this.  Stick with handyman stuff and not specific joins for woodworking and maybe I re-up.,3,Magazine_Subscriptions,35,False,True,False
neutral,negative,0.7697659814121771,I ordered this 6 months ago and then stopped due to finances. I started again and received some of the exact same items as I did 6 months ago? That makes me wonder how old the product is. It's fun to get the box it's not fun to get the same lipstick I didn't like over again.,3,Subscription_Boxes,57,False,False,False
neutral,negative,0.5875885407756107,"There's nothing particularly outstanding about the articles. They vary in quality from being mostly fluff to bring loaded with lived experiences / insights. The one thing I dislike about the print magazine is the sheer number of ads. There's a full page ad every 3 pages. Sometimes several in succession. It makes the reading very difficult and at times frustrating. In some cases, they even relocate the other half of a story just to make room for ads. I'm subscribed to other print magazines that run similar and content, but Smithsonian takes it to a new level. Definitely don't care enough about the articles to renew.",3,Magazine_Subscriptions,106,False,True,False
neutral,positive,0.45597401987807346,"I enjoyed this subscription for a year, but chose to non-renew. 2 years later, and I'm still getting it. Please make it stop!",3,Magazine_Subscriptions,23,False,True,False
neutral,negative,0.7322410650537551,I was excited for my dogs to get this box but not so excited when I opened it. There was barely anything in the box. Just 3 bags of treats that were extremely tiny. Nothing else in the box. It was a medium size box with a ton of wasted space. The treats barely took up a quarter of the box. I canceled immediately because this box is not worth the price in my opinion. I wanted to get the adorable cookies I saw advertised for this box and there was nothing cute at all. This box might be suitable for small dogs but don’t get this if you have big dogs.,3,Subscription_Boxes,112,False,True,False
neutral,negative,0.5200187359652145,I love subscription boxes and was so excited to see amazon had one for kids but this was a bit of a disappointment. The toys were all pretty cheap and small and just really not worth the 30 or so a month that the subscription charges.,3,Subscription_Boxes,46,False,True,True
neutral,neutral,0.7844424935733975,Too expensive.,3,Magazine_Subscriptions,2,True,False,False
neutral,neutral,0.5535125922334777,"Need more customization options! 6, 5, ubass as far as choices for strings, also option for fretless or fretted would help beginer or have all the basics too might be of use...",3,Subscription_Boxes,32,True,False,False
neutral,positive,0.4150166328226976,Worked out well giving this as a gift to a young cook friend. Just watch out for that auto renewal,3,Magazine_Subscriptions,20,False,False,False
neutral,negative,0.6829313253886294,Attempted to order as a gift thru amazon. There appears.to be an entire payment chain to get thru to receive the magazine. Having issues being passed around thru the chain to get the problem of payment resolved. Just order straight from the company.,3,Magazine_Subscriptions,43,False,False,False
neutral,neutral,0.7887782645764585,"A bit high on price but decent sample size, I didn't like the first box at all, it was very strong and it reminded me of my grandmother. 2nd box was better but still not something I would purchase normally.",3,Subscription_Boxes,40,True,True,False
neutral,negative,0.8532424747079859,I've not received all my copies and it seems there's no retribution for it. What a crock.,3,Magazine_Subscriptions,17,False,False,False
neutral,neutral,0.6668660167916823,"Too many one sided views and articles. I like variety and different opinions. This used to be a great magazine, but not anymore. I will not renew my subscription once it runs out. Also, there isn't much to it....it's very thin. Overall dissapointed.",3,Magazine_Subscriptions,43,True,True,True
neutral,positive,0.7717689929562359,"This is a great magazine & it has good information. However, I stopped receiving it after about 6 months.",3,Magazine_Subscriptions,19,False,False,False
neutral,neutral,0.535211820202314,As a super fan both my son and I both have subscriptions. We love the prints and the shirts tend to fit pretty true to size. I am a petite women with a large chest so I get the mens small and they fit great. My son is a 13 year old weed ever growing and we seem to change size every month. The only reason for the 3 star is after the last round in the wash 2 of our shirts the print seemed to be coming of in places and this months shirt mine has a red stain across the the front. I hope these are a couple of flukes and not what is to become the norm especially for a service I pay extra for monthly X2 in my case,3,Subscription_Boxes,133,True,False,True
neutral,neutral,0.5066459121966951,"I wanted to like this box since I haven't seen anything like it so far. The quality of the products seem discount store like.<br /><br />I love that a robe and fluffy socks were inside but it seems like the type of material to shed on everything if you wash it with other clothes.<br /><br />It also came with 2 lip glosses without safety seals. The bubble bath and bath salts were nice. Winter berry with a pleasant scent.<br /><br />I was surprised and excited it also came with perfume. The consistency was an spray oil which threw me off and smelled like overly sweet floral mistletoe.<br /><br />I also received 2 face masks and a super thin sleeping eye mask. Unfortunately, I don't think the quality is worth the price.",3,Subscription_Boxes,131,True,True,False
neutral,positive,0.5506963259886709,"I’ve received 2 boxes now and in my last box, one of the plants was beyond saving. The other ones that I received are alive and healthy.",3,Subscription_Boxes,27,False,False,False
neutral,negative,0.41308617807771686,"I thought the crystal would be much larger.  It's a nice piece of amethyst, but as small as my pinky finger.  I could get this type of crystal for $7 at a nearby rock shop.",3,Subscription_Boxes,35,False,True,False
neutral,positive,0.6191155093739861,"I've always looked forward to receiving my monthly shirt. The last two months, the design has been AWFUL! Please go back to the more classic looking designs. I really liked the ones that looked like lobby movie posters. The last two looked like second rate fan art drawn by a 5 year old.",3,Subscription_Boxes,53,False,False,False
neutral,neutral,0.522391320269775,"How come if these are official they don't come with official art? It would have been great to see some of the great MTG art made into tees that actually have the rights to put it into merch, but instead we get messy Photoshop-like images that are just a no. I liked the first and the Christmas designs, but the other 3 of them I got were pretty lame. I could have gotten something of both better quality and with nicer art for the same price somewhere else.",3,Subscription_Boxes,88,True,True,False
neutral,neutral,0.5663373786706448,"I was so excited about getting this (these).<br />Shirt feels like cardboard. Not at all like my other official ""Jeep"" t-shirts.",3,Subscription_Boxes,21,True,False,False
neutral,positive,0.35862105385053533,"I like this subscription box because it offers full sized skin care and make up products and they are premium beauty products. However, I do not like the fact that the box does not offer very many products it only offers like five or six and I feel like it’s over priced. I suggest the ipsy subscription that offers make up skin care and products for your body and they come in full and trial sizes and that has been a great subscription box for me.",3,Subscription_Boxes,86,False,False,True
neutral,negative,0.7014441235431704,No low sodium recipes. No nutritional information provided.,3,Magazine_Subscriptions,8,False,False,False
neutral,neutral,0.694463332460669,"I used to love getting my Food network magazine; trying the recipes,  comparing the make over dishes, and so forth.  Now it's a disappointment; ads, ho hum pictures instead of celebrity interviews, and recipes that haven't any appeal.  Guess I should be happy the latest issue was so thin- made it easier going through the shredder.",3,Magazine_Subscriptions,56,True,False,False
neutral,neutral,0.7524050665803136,The stuff isn't bad.,3,Subscription_Boxes,4,True,False,False
neutral,neutral,0.4833695975545153,I just received my March 2023 edition. There is some good content and some well written articles but sadly out of 144 pages only 40 were not advertising of some sort.,3,Magazine_Subscriptions,31,True,True,True
neutral,neutral,0.4553083323005496,Moisturizer was dried up,3,Subscription_Boxes,4,True,False,False
neutral,neutral,0.8104832658254192,This doesn't seem like the same magazine I got 20 years ago.  Some of the advice  and articles are relevant but there just doesn't seem to be the variety of information that I expected.  Just ok.  I won't renew.,3,Magazine_Subscriptions,39,True,True,False
neutral,neutral,0.8104832658254192,This doesn't seem like the same magazine I got 20 years ago.  Some of the advice  and articles are relevant but there just doesn't seem to be the variety of information that I expected.  Just ok.  I won't renew.,3,Magazine_Subscriptions,39,True,True,False
neutral,neutral,0.441042902627021,This magazine had been recommended to me by a friend.  I subscribed and after getting the first two issues decided that a lot of the information included wasn't so simple.  Really not anything I didn't know already.  I think this would be an excellent magazine for someone who is wanting to simplify their life.  I didn't find it to be for me and cancelled my subscription.,3,Magazine_Subscriptions,66,True,False,True
neutral,neutral,0.5631763515510247,Price high,3,Subscription_Boxes,2,True,False,False
neutral,negative,0.7713695080776699,Order came fast. I don't think these shirts are worth 20.00. Poor quality. Shirts are very thin. I canceled my subscription. Actually would like to return.,3,Subscription_Boxes,26,False,False,False
neutral,neutral,0.39652862531346816,I was excited to have some crafting activities to do with my 4 year old twins. The quality is very good. Unfortunately it ends up my twins watching ME draw and paint and craft!  The crafts are very cool. Just not for the attended age group.  Not very fun at all at this age. Maybe when they are 10!,3,Subscription_Boxes,59,True,False,False
neutral,negative,0.5821942535856899,Did two months got two plants delivered half dead and the other ones were just some pretty common house plants available for 5-10$ at local lowes,3,Subscription_Boxes,26,False,False,False
neutral,negative,0.5006334639395928,"I just received my first Allure Beauty Box  and I must say that I am not too impressed so far.  Most of the items are in what I would call a trial size and all present the retail price for a full size and where to get it.  I don’t mind trying something and taking the time to review it for the manufacturer but I don’t particularly like to pay for the privilege.  I will continue my subscription for the Allure Beauty Box for another month to see if I am more impressed the second time around. If not, I will cancel my subscription.  I will update my review at that time.",3,Subscription_Boxes,112,False,True,False
neutral,neutral,0.4797103858984127,"I'm an autumn and a lot of the colors for eyeshadows and lipsticks are much more spring, but I have friends that are springs, so it works out well enough.<br /><br />We are in spring currently, so that may be why there are more spring colors in the box.",3,Subscription_Boxes,49,True,True,False
neutral,neutral,0.5981653462659864,"I was excited to get the free lip gloss with my 1st box. Then in my box were 2 more lip glosses. I got a big make up brush too, but no make up to use it with. I just prefer a box with a better variety of things like ipsy has. Also 1 of the lip glosses had like hard chunks of something in it.  I had to double check if it was a lip scrub in a gloss tube, but it wasn't. I'm assuming it was a bad batch and thats why it was the free gift. The theme was rose quartz and I loved that aspect.  The wands of the 2 lippies were marbled with pink decoration, and so was the make up brush handle. The last thing in my box was a rose quartz face roller with the same color decoration that matched, and the lippies came in a little pink bag. It wasn't bad, and the theme was cute. They should do a matching theme every month. I would definitely order again if they did that, but with maybe 1 lip item and a mix of other make up items. Until then though,  I think I'll pass, and a far as I can tell I think everyone gets the same thing for their 1st order. I'll post a picture of mine, so yall can see. Have a great day,  and I hope my review helped.",3,Subscription_Boxes,240,True,True,True
neutral,neutral,0.5924456446634282,"I wish I can do 5 stars but I can't. Plants arrived healthy and carefully wrapped, the only issue is I don't know what I received and how to care for them. It would've been nice it it came with info card.",3,Subscription_Boxes,42,True,True,False
neutral,negative,0.8590468102282122,So I bought this for my cat cause it was cheaper then chewy. Well I’m regretting it… I was not impressed with the items in this box. It was a waste of my money.. my cats had the toys all ripped apart In two days. And the treats my cats wouldn’t touch :/,3,Subscription_Boxes,53,False,False,False
neutral,neutral,0.5912880133450067,"Expensive, chewy box or bark is much better compared to toys and treats",3,Subscription_Boxes,13,True,False,False
neutral,neutral,0.5389205960648015,"Great value for items received. Love POPS!, but I subscribed specifically for the shirts. The shirt could not have been more bland for the Quantumania theme. Very disappointing.",3,Subscription_Boxes,28,True,True,True
neutral,negative,0.5879013918724334,"Overall very happy with the contents, but when we had an issue come up with our subscription, it was next to impossible to get ahold of customer service.  They have no live humans available by phone or chat during business hours.  It's an email game of tag after that.  Good product, don't care for their customer service style.",3,Subscription_Boxes,58,False,True,True
neutral,positive,0.8828497252688219,I enjoy the crossword puzzles.,3,Magazine_Subscriptions,5,False,False,False
neutral,negative,0.5128871406962541,"In the past I got a box with socks in it before. I got another with a pint glass. I got one with a plastic toy. The last couple years its just been the same box with a shirt, pin, decal and 2 figures. Worse, the production woes since the pandemic have seriously lagged their timeliness. I just got Ant-Man Quadramania  box a couple weeks ago almost 2 months after the movie hit theaters. It was a snoozer of a movie and box so I returned it like I have been about half the boxes over the last year or more. It would be refreshing to have something besides a tee shirt in one of these.",3,Subscription_Boxes,116,False,False,False
neutral,neutral,0.771155955716538,I signed up for this for a few months just to see how it would be and it was okay but underwhelming. The designs on the shirts were never anything all that special and they tended to be smaller designs as well. In my opinion for a few dollars more just buy from the wwe shop or somewhere to get much better quality designs,3,Subscription_Boxes,64,True,True,False
neutral,positive,0.677443357537446,"Great socks for regular size feet!<br />I however have size 11 women and need that large size and had issues with getting the right size each month, which they took care of right away.<br />Love the bright color socks though!! Great socks anyway!!",3,Subscription_Boxes,43,False,True,False
neutral,positive,0.7370677604065371,I have been getting this box almost since it started and was still through Funko.  They use to mix it up and put different things in there besides the same items all the time.  Would love another coffee mug or socks or anything that Funko but different.,3,Subscription_Boxes,47,False,True,False
neutral,neutral,0.43998884094812535,Customer service helped replace a box that never made it. Glad they did as this box was enjoyable. The previous box however not as great. Overall I think it's worth a shot; like many subscription boxes it'll be hit or miss.,3,Subscription_Boxes,41,True,True,False
neutral,positive,0.656205168108214,"I disliked this box, so I was happy to give it away.",3,Subscription_Boxes,12,False,False,False
neutral,neutral,0.5706192377926405,the last magazine I received was not the quality of the magazines I have been receiving.  the pages feel thinner when turning and the the quality of the photos are not the same. sorry to say I we I'll be cancelling my prescription.  the last magazine just didnt feel like joanna was a part of the creation of the magazine at all.,3,Magazine_Subscriptions,62,True,False,False
neutral,neutral,0.5522145883108016,"Not their best design for the tee, with Ant-Man Quantumania.  Hard to see Kang on it.  I normally love these tees and the other items each month.",3,Subscription_Boxes,27,True,False,True
neutral,neutral,0.61376263078391,I have received the same plants over and over again. In this shipment the plants did not look very healthy.,3,Subscription_Boxes,20,True,False,False
neutral,negative,0.8640962717533287,"Just a reminder that Disney owns this magazine, so  over look each magazine that shows up in your house before handing it to your children. Disney will sneak in advertisement for their movies or shows. If they do, just rip off the page, if it gets worse just cancel it.",3,Magazine_Subscriptions,50,False,False,False
neutral,negative,0.8640962717533287,"Just a reminder that Disney owns this magazine, so  over look each magazine that shows up in your house before handing it to your children. Disney will sneak in advertisement for their movies or shows. If they do, just rip off the page, if it gets worse just cancel it.",3,Magazine_Subscriptions,50,False,False,False
neutral,positive,0.8006085897053561,"My granddaughters love the kit. Subscription is delayed to be received, why.",3,Subscription_Boxes,12,False,False,False
neutral,negative,0.4514125750285755,"Cant choose the colors you want, Like darker t-shirts got light gray, white we will see what comes next",3,Subscription_Boxes,19,False,False,False
neutral,negative,0.6252367115191813,"Our child enjoyed this subscription for a little while. I have to say - disappointed in the company for putting Taiwan on the map as part of China. Bad move from a company trying to teach, among other things, geography.",3,Subscription_Boxes,40,False,False,True
neutral,neutral,0.660205869885128,"My cat didn’t care much for most of these toys, he only liked a few.",3,Subscription_Boxes,15,True,False,False
neutral,neutral,0.6730304937448406,"I chose specific characters (Robin, Nightwing, Teen Titans, and Green Lantern.) The characters I chose have tons of different runs and issues that they could have sent. The first set was awesome. The second set had some good stuff, but half of the comics were irrelevant to me. I got three Batman related books and two Superman books. Neither are in my preference. The two GL books were odd. I didn’t get any Teen Titans. The reason I went with the subscription was the ability to control the content to a degree. Perhaps I overestimated the ability to do that.",3,Subscription_Boxes,100,True,True,False
neutral,neutral,0.7338468670874148,"Ok so I signed up for a few shirt clubs where every month you get a shirt for a certain price, I was a bit excited since I really like t shirts with graphics on them! I assumed that since it was only a shirt I was getting they would kind of get a little creative with how it would be sent or maybe give a little story about it or even fancy up the packaging just a little because again it’s only a shirt and the price you are paying could warrant them to make a little story or even make the packaging cute. I WAS WTONG… it just came in a Amazon bag I opened that was very plain and bam there’s your shirt, nothing along with it. Nothing fancy, no cute little thank you note…. Nothing. I mean if your going to have me pay 20.00 bucks can’t you give a little more to it? Either way I still like the shirt just not sure if I’m good with paying that every month for a shirt well there’s my personal opinion to each there own I suppose",3,Subscription_Boxes,190,True,False,True
