review_idx,category,aspect,sentence_compound,clause_compound,diff,affected
0,Magazine_Subscriptions,billing,0.0,0.0,0.0,False
2,Magazine_Subscriptions,content,0.8555,0.6249,-0.23060000000000003,True
5,Magazine_Subscriptions,content,0.5423,0.4404,-0.10189999999999999,True
9,Magazine_Subscriptions,advertising,-0.25,-0.25,0.0,False
9,Magazine_Subscriptions,content,0.6597,0.6597,0.0,False
9,Magazine_Subscriptions,price,0.7579,0.6124,-0.14549999999999996,True
10,Magazine_Subscriptions,content,0.0,0.0,0.0,False
11,Magazine_Subscriptions,billing,-0.2714,-0.2714,0.0,False
12,Magazine_Subscriptions,content,0.3612,0.3612,0.0,False
13,Magazine_Subscriptions,billing,0.3612,0.3612,0.0,False
13,Magazine_Subscriptions,quality,0.0,0.0,0.0,False
13,Magazine_Subscriptions,packaging,0.4754,0.4754,0.0,False
14,Magazine_Subscriptions,content,0.6486,0.6486,0.0,False
15,Magazine_Subscriptions,content,0.1909,0.1909,0.0,False
18,Magazine_Subscriptions,content,0.802,0.802,0.0,False
19,Magazine_Subscriptions,content,0.2382,0.0,-0.2382,True
20,Magazine_Subscriptions,content,0.0,0.0,0.0,False
21,Magazine_Subscriptions,price,0.0,0.0,0.0,False
22,Magazine_Subscriptions,content,-0.6072,-0.6072,0.0,False
25,Magazine_Subscriptions,content,-0.3875,-0.3875,0.0,False
27,Magazine_Subscriptions,billing,0.1406,0.0,-0.1406,True
29,Magazine_Subscriptions,content,0.35015,0.35015,0.0,False
30,Magazine_Subscriptions,content,0.3612,0.3612,0.0,False
31,Magazine_Subscriptions,advertising,-0.296,-0.296,0.0,False
31,Magazine_Subscriptions,content,0.0,0.0,0.0,False
31,Magazine_Subscriptions,quality,0.4754,0.4754,0.0,False
32,Magazine_Subscriptions,advertising,0.0,0.0,0.0,False
32,Magazine_Subscriptions,content,0.11729999999999999,0.029549999999999993,-0.08775,True
33,Magazine_Subscriptions,quality,0.09835,0.0,-0.09835,True
33,Magazine_Subscriptions,content,0.4243,0.3208,-0.10350000000000004,True
35,Magazine_Subscriptions,advertising,0.2263,0.2263,0.0,False
35,Magazine_Subscriptions,price,0.3252,0.3252,0.0,False
36,Magazine_Subscriptions,advertising,0.0,0.0,0.0,False
37,Magazine_Subscriptions,content,0.1779,0.1779,0.0,False
37,Magazine_Subscriptions,quality,0.1779,0.1779,0.0,False
37,Magazine_Subscriptions,price,0.1779,0.1779,0.0,False
38,Magazine_Subscriptions,quality,0.6369,0.6369,0.0,False
39,Magazine_Subscriptions,price,0.3291,0.0,-0.3291,True
40,Magazine_Subscriptions,quality,0.3612,0.3612,0.0,False
40,Magazine_Subscriptions,content,0.3612,0.3612,0.0,False
41,Magazine_Subscriptions,quality,-0.6369,-0.6369,0.0,False
41,Magazine_Subscriptions,content,0.3384,0.3384,0.0,False
42,Magazine_Subscriptions,content,0.0,0.0,0.0,False
44,Magazine_Subscriptions,content,0.07336666666666668,0.07336666666666668,0.0,False
45,Magazine_Subscriptions,price,0.707,0.707,0.0,False
48,Magazine_Subscriptions,advertising,0.0,0.0,0.0,False
49,Magazine_Subscriptions,billing,-0.25,-0.25,0.0,False
50,Magazine_Subscriptions,advertising,0.4574,0.4574,0.0,False
50,Magazine_Subscriptions,content,0.4574,0.4574,0.0,False
51,Magazine_Subscriptions,advertising,0.6369,0.6369,0.0,False
51,Magazine_Subscriptions,content,0.6369,0.6369,0.0,False
53,Magazine_Subscriptions,billing,0.0,0.0,0.0,False
57,Magazine_Subscriptions,content,0.8074,0.8074,0.0,False
58,Magazine_Subscriptions,quality,0.6369,0.6369,0.0,False
58,Magazine_Subscriptions,content,0.6369,0.6369,0.0,False
60,Magazine_Subscriptions,quality,0.802,0.802,0.0,False
60,Magazine_Subscriptions,content,0.2216,0.14003333333333332,-0.08156666666666668,True
61,Magazine_Subscriptions,content,0.0,0.0,0.0,False
62,Magazine_Subscriptions,advertising,0.2382,0.0,-0.2382,True
62,Magazine_Subscriptions,price,0.8074,0.8074,0.0,False
64,Magazine_Subscriptions,billing,0.0,0.0,0.0,False
64,Magazine_Subscriptions,content,0.4404,0.4404,0.0,False
64,Magazine_Subscriptions,delivery,-0.8126,0.0,0.8126,True
66,Magazine_Subscriptions,content,0.8555,0.8555,0.0,False
67,Magazine_Subscriptions,delivery,0.6124,0.6124,0.0,False
67,Magazine_Subscriptions,content,0.6124,0.6124,0.0,False
68,Magazine_Subscriptions,content,0.742,0.742,0.0,False
70,Magazine_Subscriptions,content,0.8225,0.8225,0.0,False
71,Magazine_Subscriptions,content,0.4404,0.4404,0.0,False
74,Magazine_Subscriptions,customer_service,0.0,0.0,0.0,False
74,Magazine_Subscriptions,delivery,0.0,0.0,0.0,False
74,Magazine_Subscriptions,price,0.0,0.0,0.0,False
74,Magazine_Subscriptions,quality,0.0,0.0,0.0,False
76,Magazine_Subscriptions,content,0.5343,0.4576,-0.07669999999999999,True
77,Magazine_Subscriptions,advertising,0.3291,0.0,-0.3291,True
77,Magazine_Subscriptions,content,0.58465,0.4201,-0.16455000000000003,True
78,Magazine_Subscriptions,price,0.8402,0.8402,0.0,False
79,Magazine_Subscriptions,advertising,0.0,0.0,0.0,False
79,Magazine_Subscriptions,price,-0.0446,-0.0446,0.0,False
80,Magazine_Subscriptions,advertising,-0.4199,-0.4199,0.0,False
83,Magazine_Subscriptions,content,0.7906,0.7906,0.0,False
84,Magazine_Subscriptions,content,0.8126,0.8126,0.0,False
86,Magazine_Subscriptions,content,-0.5423,-0.5423,0.0,False
89,Magazine_Subscriptions,content,0.0,0.0,0.0,False
91,Magazine_Subscriptions,content,0.5574,0.5574,0.0,False
92,Magazine_Subscriptions,advertising,0.06177500000000001,-0.04832499999999999,-0.1101,True
92,Magazine_Subscriptions,content,0.0834,0.0834,0.0,False
96,Magazine_Subscriptions,delivery,-0.5106,-0.5106,0.0,False
98,Magazine_Subscriptions,content,0.6369,0.6369,0.0,False
99,Magazine_Subscriptions,content,0.6093500000000001,0.6093500000000001,0.0,False
100,Magazine_Subscriptions,content,0.7351,0.7351,0.0,False
105,Magazine_Subscriptions,content,0.4019,0.4019,0.0,False
105,Magazine_Subscriptions,price,0.4019,0.4019,0.0,False
107,Magazine_Subscriptions,content,0.0,0.0,0.0,False
108,Magazine_Subscriptions,advertising,0.4767,0.4767,0.0,False
108,Magazine_Subscriptions,content,0.4767,0.4767,0.0,False
109,Magazine_Subscriptions,price,0.5719,0.5719,0.0,False
112,Magazine_Subscriptions,billing,0.6369,0.6369,0.0,False
112,Magazine_Subscriptions,content,0.31845,0.31845,0.0,False
113,Magazine_Subscriptions,content,-0.2573,-0.23213333333333333,0.025166666666666643,True
114,Magazine_Subscriptions,content,0.0,0.0,0.0,False
117,Magazine_Subscriptions,content,0.1892,0.1892,0.0,False
118,Magazine_Subscriptions,content,0.0,0.0,0.0,False
119,Magazine_Subscriptions,content,0.8777,0.8777,0.0,False
120,Magazine_Subscriptions,delivery,0.0,0.0,0.0,False
120,Magazine_Subscriptions,content,0.0,0.0,0.0,False
122,Magazine_Subscriptions,delivery,-0.3612,-0.25,0.11120000000000002,True
122,Magazine_Subscriptions,content,0.5411,0.5411,0.0,False
123,Magazine_Subscriptions,billing,-0.2755,-0.2755,0.0,False
126,Magazine_Subscriptions,delivery,0.0,0.0,0.0,False
127,Magazine_Subscriptions,content,0.0,0.0,0.0,False
128,Magazine_Subscriptions,billing,0.0,0.0,0.0,False
128,Magazine_Subscriptions,quality,0.0,0.0,0.0,False
128,Magazine_Subscriptions,price,0.0,0.0,0.0,False
128,Magazine_Subscriptions,content,0.1147,0.1147,0.0,False
129,Magazine_Subscriptions,content,-0.25,-0.25,0.0,False
130,Magazine_Subscriptions,content,0.0,0.0,0.0,False
134,Magazine_Subscriptions,content,0.5023,0.1806,-0.3217,True
135,Magazine_Subscriptions,billing,-0.19110000000000005,-0.19110000000000005,0.0,False
135,Magazine_Subscriptions,content,0.8568666666666668,0.8568666666666668,0.0,False
135,Magazine_Subscriptions,price,0.24925,0.24925,0.0,False
136,Magazine_Subscriptions,advertising,0.1027,0.1027,0.0,False
136,Magazine_Subscriptions,billing,0.0,0.0,0.0,False
141,Magazine_Subscriptions,billing,-0.4215,-0.4215,0.0,False
141,Magazine_Subscriptions,customer_service,-0.2997,-0.2997,0.0,False
141,Magazine_Subscriptions,quality,0.5023,0.3612,-0.14109999999999995,True
141,Magazine_Subscriptions,advertising,0.5023,0.3612,-0.14109999999999995,True
142,Magazine_Subscriptions,price,0.2023,0.2023,0.0,False
146,Magazine_Subscriptions,advertising,0.7783,0.7783,0.0,False
146,Magazine_Subscriptions,price,0.6361,0.5023,-0.13380000000000003,True
149,Magazine_Subscriptions,content,0.27175,0.28595,0.01419999999999999,True
150,Magazine_Subscriptions,price,0.9253,0.8519,-0.07340000000000002,True
150,Magazine_Subscriptions,content,0.46265,0.42595,-0.03670000000000001,True
151,Magazine_Subscriptions,advertising,0.8401,0.8401,0.0,False
151,Magazine_Subscriptions,billing,0.8401,0.8401,0.0,False
151,Magazine_Subscriptions,price,0.8401,0.8401,0.0,False
153,Magazine_Subscriptions,content,0.872,0.872,0.0,False
154,Magazine_Subscriptions,content,0.37126666666666663,0.37126666666666663,0.0,False
155,Magazine_Subscriptions,billing,0.6249,0.6249,0.0,False
156,Magazine_Subscriptions,advertising,0.1383,0.1383,0.0,False
156,Magazine_Subscriptions,content,0.1383,0.1383,0.0,False
156,Magazine_Subscriptions,quality,0.4247666666666667,0.33969999999999995,-0.08506666666666673,True
158,Magazine_Subscriptions,advertising,0.1366,0.1366,0.0,False
158,Magazine_Subscriptions,content,0.1366,0.1366,0.0,False
159,Magazine_Subscriptions,content,0.7783,0.7783,0.0,False
160,Magazine_Subscriptions,price,0.0772,0.0772,0.0,False
160,Magazine_Subscriptions,content,0.5719,0.5719,0.0,False
165,Magazine_Subscriptions,content,0.4804,0.3829714285714285,-0.09742857142857148,True
165,Magazine_Subscriptions,quality,0.8478,0.8478,0.0,False
165,Magazine_Subscriptions,delivery,0.7717,0.7717,0.0,False
167,Magazine_Subscriptions,content,0.3612,0.3612,0.0,False
168,Magazine_Subscriptions,billing,-0.25,-0.25,0.0,False
169,Magazine_Subscriptions,price,0.8622,0.8622,0.0,False
171,Magazine_Subscriptions,quality,0.7469,0.5994,-0.14749999999999996,True
171,Magazine_Subscriptions,price,0.7469,0.0,-0.7469,True
171,Magazine_Subscriptions,advertising,0.9109,-0.5423,-1.4532,True
171,Magazine_Subscriptions,content,0.7469,0.5994,-0.14749999999999996,True
172,Magazine_Subscriptions,content,-0.4404,-0.4404,0.0,False
174,Magazine_Subscriptions,content,0.0,0.0,0.0,False
176,Magazine_Subscriptions,billing,0.0,0.0,0.0,False
178,Magazine_Subscriptions,content,0.0,0.0,0.0,False
179,Magazine_Subscriptions,delivery,-0.2144,-0.4019,-0.18749999999999997,True
179,Magazine_Subscriptions,content,-0.1072,0.0,0.1072,True
180,Magazine_Subscriptions,advertising,0.0,0.0,0.0,False
181,Magazine_Subscriptions,content,0.7906,0.7906,0.0,False
185,Magazine_Subscriptions,content,0.7276,0.7276,0.0,False
186,Magazine_Subscriptions,content,0.0,0.0,0.0,False
187,Magazine_Subscriptions,content,0.3612,0.3612,0.0,False
190,Magazine_Subscriptions,advertising,0.04675555555555556,0.04675555555555556,0.0,False
190,Magazine_Subscriptions,content,0.0,0.0,0.0,False
190,Magazine_Subscriptions,price,0.4019,0.4019,0.0,False
191,Magazine_Subscriptions,content,0.8481,0.8481,0.0,False
192,Magazine_Subscriptions,delivery,0.0,0.0,0.0,False
192,Magazine_Subscriptions,content,0.0,0.0,0.0,False
193,Magazine_Subscriptions,delivery,0.4574,0.4574,0.0,False
193,Magazine_Subscriptions,content,0.508875,0.40385,-0.10502499999999998,True
194,Magazine_Subscriptions,content,-0.5112,0.6361,1.1473,True
195,Magazine_Subscriptions,advertising,0.1531,0.0,-0.1531,True
196,Magazine_Subscriptions,content,0.6305,0.3724,-0.25809999999999994,True
197,Magazine_Subscriptions,content,0.0,0.0,0.0,False
199,Magazine_Subscriptions,content,0.0,0.0,0.0,False
202,Magazine_Subscriptions,content,0.6249,0.6249,0.0,False
204,Magazine_Subscriptions,billing,-0.19065000000000001,-0.19065000000000001,0.0,False
205,Magazine_Subscriptions,delivery,0.5267,0.0,-0.5267,True
205,Magazine_Subscriptions,content,0.47909999999999997,0.47909999999999997,0.0,False
206,Magazine_Subscriptions,advertising,-0.438,0.0,0.438,True
206,Magazine_Subscriptions,billing,-0.438,-0.3089,0.1291,True
206,Magazine_Subscriptions,content,0.6808,0.3612,-0.31959999999999994,True
207,Magazine_Subscriptions,billing,0.0,0.0,0.0,False
210,Magazine_Subscriptions,price,0.4927,0.4927,0.0,False
213,Magazine_Subscriptions,content,0.6249,0.6249,0.0,False
214,Magazine_Subscriptions,content,0.8268,0.8268,0.0,False
215,Magazine_Subscriptions,billing,-0.25,-0.25,0.0,False
215,Magazine_Subscriptions,content,0.0,0.0,0.0,False
218,Magazine_Subscriptions,content,0.4823,0.278875,-0.20342500000000002,True
220,Magazine_Subscriptions,price,0.8481,0.8481,0.0,False
223,Magazine_Subscriptions,delivery,0.5574,0.5574,0.0,False
223,Magazine_Subscriptions,content,-0.5504,0.0,0.5504,True
224,Magazine_Subscriptions,content,0.0,0.0,0.0,False
229,Magazine_Subscriptions,advertising,0.11253333333333333,0.0973,-0.015233333333333335,True
229,Magazine_Subscriptions,billing,-0.25,-0.25,0.0,False
229,Magazine_Subscriptions,content,0.12973333333333334,0.12973333333333334,0.0,False
231,Magazine_Subscriptions,advertising,0.0,0.0,0.0,False
231,Magazine_Subscriptions,content,0.40465000000000007,0.40465000000000007,0.0,False
232,Magazine_Subscriptions,billing,0.4588,0.4588,0.0,False
234,Magazine_Subscriptions,advertising,0.0,0.0,0.0,False
234,Magazine_Subscriptions,content,0.0,0.0,0.0,False
235,Magazine_Subscriptions,advertising,0.0,0.0,0.0,False
235,Magazine_Subscriptions,content,0.0,0.0,0.0,False
238,Magazine_Subscriptions,price,0.24695,0.24695,0.0,False
241,Magazine_Subscriptions,content,0.8885,0.8885,0.0,False
242,Magazine_Subscriptions,price,-0.2732,-0.2732,0.0,False
243,Magazine_Subscriptions,advertising,-0.2202,-0.2202,0.0,False
243,Magazine_Subscriptions,content,0.8555,0.8555,0.0,False
243,Magazine_Subscriptions,quality,0.8555,0.8555,0.0,False
246,Magazine_Subscriptions,content,0.4939,0.4939,0.0,False
247,Magazine_Subscriptions,content,0.8899,0.8899,0.0,False
250,Magazine_Subscriptions,content,0.9098,0.9098,0.0,False
250,Magazine_Subscriptions,price,0.9098,0.9098,0.0,False
253,Magazine_Subscriptions,quality,0.7003,0.7003,0.0,False
254,Magazine_Subscriptions,price,-0.1695,-0.1695,0.0,False
255,Magazine_Subscriptions,price,0.7579,0.7579,0.0,False
255,Magazine_Subscriptions,content,0.7088,0.7088,0.0,False
258,Magazine_Subscriptions,content,0.37,0.27390000000000003,-0.09609999999999996,True
259,Magazine_Subscriptions,price,-0.6486,-0.5719,0.07669999999999999,True
265,Magazine_Subscriptions,content,0.4019,0.4019,0.0,False
267,Magazine_Subscriptions,billing,-0.0258,-0.0258,0.0,False
267,Magazine_Subscriptions,price,-0.0258,-0.0258,0.0,False
267,Magazine_Subscriptions,advertising,0.0,0.0,0.0,False
267,Magazine_Subscriptions,content,-0.11511666666666669,-0.11511666666666669,0.0,False
268,Magazine_Subscriptions,advertising,0.0,0.0,0.0,False
269,Magazine_Subscriptions,content,0.64195,0.64195,0.0,False
272,Magazine_Subscriptions,content,0.6249,0.6249,0.0,False
274,Magazine_Subscriptions,content,0.4019,0.4019,0.0,False
276,Magazine_Subscriptions,content,0.0,0.0,0.0,False
278,Magazine_Subscriptions,content,0.39683333333333337,0.39683333333333337,0.0,False
279,Magazine_Subscriptions,advertising,0.8083,0.8083,0.0,False
279,Magazine_Subscriptions,price,0.8083,0.8083,0.0,False
280,Magazine_Subscriptions,content,0.3982,0.3982,0.0,False
281,Magazine_Subscriptions,content,0.26275,0.26275,0.0,False
281,Magazine_Subscriptions,price,0.7506,0.7506,0.0,False
284,Magazine_Subscriptions,delivery,0.4854,0.2023,-0.2831,True
284,Magazine_Subscriptions,content,0.4854,0.2023,-0.2831,True
289,Magazine_Subscriptions,content,0.0,0.0,0.0,False
290,Magazine_Subscriptions,quality,0.6369,0.6369,0.0,False
291,Magazine_Subscriptions,price,0.2288,-0.08965,-0.31845,True
292,Magazine_Subscriptions,delivery,-0.5423,-0.5423,0.0,False
292,Magazine_Subscriptions,price,-0.1531,-0.296,-0.14289999999999997,True
292,Magazine_Subscriptions,advertising,-0.2144,-0.20095,0.013450000000000017,True
292,Magazine_Subscriptions,content,0.3853,0.2202,-0.16509999999999997,True
293,Magazine_Subscriptions,content,0.0,0.0,0.0,False
294,Magazine_Subscriptions,content,0.6369,0.6369,0.0,False
296,Magazine_Subscriptions,billing,0.5719,0.5719,0.0,False
300,Magazine_Subscriptions,content,-0.26415,-0.1591,0.10505,True
301,Magazine_Subscriptions,content,0.0,0.0,0.0,False
303,Magazine_Subscriptions,advertising,0.3612,0.3612,0.0,False
304,Magazine_Subscriptions,content,0.6908,0.6908,0.0,False
309,Magazine_Subscriptions,content,0.5859,0.5859,0.0,False
310,Magazine_Subscriptions,quality,0.5707,0.5707,0.0,False
310,Magazine_Subscriptions,content,0.0,0.0,0.0,False
315,Magazine_Subscriptions,price,0.6249,0.6249,0.0,False
317,Magazine_Subscriptions,content,-0.254,-0.254,0.0,False
320,Magazine_Subscriptions,content,0.0,0.0,0.0,False
321,Magazine_Subscriptions,billing,-0.25,-0.25,0.0,False
321,Magazine_Subscriptions,content,0.34,0.34,0.0,False
322,Magazine_Subscriptions,content,0.0,0.0,0.0,False
324,Magazine_Subscriptions,content,0.7964,0.7964,0.0,False
325,Magazine_Subscriptions,quality,0.5267,0.5267,0.0,False
326,Magazine_Subscriptions,content,-0.3159,-0.3804,-0.0645,True
327,Magazine_Subscriptions,price,0.7574,0.7574,0.0,False
329,Magazine_Subscriptions,content,0.6369,0.6369,0.0,False
331,Magazine_Subscriptions,advertising,0.7351,0.7351,0.0,False
331,Magazine_Subscriptions,content,0.6656333333333333,0.6656333333333333,0.0,False
332,Magazine_Subscriptions,quality,0.539,0.539,0.0,False
334,Magazine_Subscriptions,price,0.0,0.0,0.0,False
336,Magazine_Subscriptions,content,0.20095,0.20095,0.0,False
339,Magazine_Subscriptions,content,0.6486,0.4939,-0.15469999999999995,True
340,Magazine_Subscriptions,content,0.45505,0.45505,0.0,False
342,Magazine_Subscriptions,content,0.28595,0.28595,0.0,False
343,Magazine_Subscriptions,content,0.4215,0.4215,0.0,False
344,Magazine_Subscriptions,price,0.3382,0.3382,0.0,False
346,Magazine_Subscriptions,billing,0.0696,0.0696,0.0,False
349,Magazine_Subscriptions,billing,0.0,0.0,0.0,False
351,Magazine_Subscriptions,quality,-0.4767,-0.4767,0.0,False
351,Magazine_Subscriptions,content,-0.3595,-0.3595,0.0,False
352,Magazine_Subscriptions,content,0.5106,0.5106,0.0,False
352,Magazine_Subscriptions,quality,0.0,0.0,0.0,False
352,Magazine_Subscriptions,delivery,0.2263,0.2263,0.0,False
353,Magazine_Subscriptions,price,-0.2294,-0.2294,0.0,False
353,Magazine_Subscriptions,content,0.3612,0.3612,0.0,False
355,Magazine_Subscriptions,content,-0.1048,-0.1048,0.0,False
356,Magazine_Subscriptions,delivery,0.6124,0.6124,0.0,False
356,Magazine_Subscriptions,price,0.6369,0.6369,0.0,False
356,Magazine_Subscriptions,advertising,0.6705,0.6705,0.0,False
356,Magazine_Subscriptions,content,0.7451,0.7451,0.0,False
357,Magazine_Subscriptions,price,0.6249,0.6249,0.0,False
360,Magazine_Subscriptions,delivery,0.0,0.0,0.0,False
360,Magazine_Subscriptions,content,0.0,0.0,0.0,False
365,Magazine_Subscriptions,billing,0.60895,0.32985,-0.2791,True
365,Magazine_Subscriptions,customer_service,-0.04355000000000003,-0.2543,-0.21075,True
365,Magazine_Subscriptions,price,0.0,0.0,0.0,False
368,Magazine_Subscriptions,content,0.9134,0.9134,0.0,False
369,Magazine_Subscriptions,content,0.148,0.0,-0.148,True
373,Magazine_Subscriptions,price,-0.4215,-0.4215,0.0,False
373,Magazine_Subscriptions,content,0.0,0.0,0.0,False
374,Magazine_Subscriptions,billing,-0.4404,-0.4404,0.0,False
374,Magazine_Subscriptions,content,0.09225,-0.2202,-0.31245,True
376,Magazine_Subscriptions,delivery,0.4588,0.4588,0.0,False
378,Magazine_Subscriptions,billing,0.7316,0.7316,0.0,False
382,Magazine_Subscriptions,price,0.4019,0.4019,0.0,False
384,Magazine_Subscriptions,advertising,0.0,0.0,0.0,False
384,Magazine_Subscriptions,content,0.0,0.0,0.0,False
386,Magazine_Subscriptions,content,0.7906,0.7906,0.0,False
387,Magazine_Subscriptions,billing,0.1802666666666667,0.1802666666666667,0.0,False
388,Magazine_Subscriptions,billing,-0.4215,-0.4215,0.0,False
388,Magazine_Subscriptions,customer_service,-0.2997,-0.2997,0.0,False
388,Magazine_Subscriptions,quality,0.5023,0.3612,-0.14109999999999995,True
388,Magazine_Subscriptions,advertising,0.5023,0.3612,-0.14109999999999995,True
396,Magazine_Subscriptions,content,0.5267,0.5267,0.0,False
397,Magazine_Subscriptions,billing,0.24080000000000001,0.24080000000000001,0.0,False
397,Magazine_Subscriptions,price,0.3612,0.3612,0.0,False
401,Magazine_Subscriptions,advertising,0.0,0.0,0.0,False
401,Magazine_Subscriptions,content,0.0,0.0,0.0,False
403,Magazine_Subscriptions,billing,-0.1779,-0.6705,-0.4926,True
403,Magazine_Subscriptions,content,0.7003,0.7003,0.0,False
403,Magazine_Subscriptions,price,-0.4215,-0.4215,0.0,False
404,Magazine_Subscriptions,billing,0.1924714285714286,0.1924714285714286,0.0,False
404,Magazine_Subscriptions,content,0.0,0.0,0.0,False
404,Magazine_Subscriptions,customer_service,0.6908,0.6908,0.0,False
408,Magazine_Subscriptions,billing,-0.16666666666666666,-0.16666666666666666,0.0,False
408,Magazine_Subscriptions,content,-0.074,-0.074,0.0,False
409,Magazine_Subscriptions,content,0.7351,0.7351,0.0,False
411,Magazine_Subscriptions,content,-0.296,-0.296,0.0,False
412,Magazine_Subscriptions,billing,0.0,0.0,0.0,False
412,Magazine_Subscriptions,content,0.033100000000000004,0.2080142857142857,0.1749142857142857,True
412,Magazine_Subscriptions,price,0.0,0.0,0.0,False
414,Magazine_Subscriptions,content,0.8481,0.8481,0.0,False
415,Magazine_Subscriptions,advertising,-0.1803,-0.1803,0.0,False
415,Magazine_Subscriptions,content,0.5642499999999999,0.5642499999999999,0.0,False
416,Magazine_Subscriptions,advertising,-0.4215,-0.296,0.1255,True
416,Magazine_Subscriptions,content,0.6486,0.6486,0.0,False
417,Magazine_Subscriptions,price,0.6369,0.6369,0.0,False
419,Magazine_Subscriptions,content,0.0,0.0,0.0,False
419,Magazine_Subscriptions,price,0.21075,0.21075,0.0,False
422,Magazine_Subscriptions,billing,0.765,0.765,0.0,False
422,Magazine_Subscriptions,delivery,0.0,0.0,0.0,False
427,Magazine_Subscriptions,content,0.0,0.0,0.0,False
428,Magazine_Subscriptions,price,-0.4215,-0.4215,0.0,False
428,Magazine_Subscriptions,content,0.0,0.0,0.0,False
429,Magazine_Subscriptions,content,0.0,0.0,0.0,False
431,Magazine_Subscriptions,billing,0.0,0.0,0.0,False
432,Magazine_Subscriptions,content,0.0,0.0,0.0,False
433,Magazine_Subscriptions,content,0.2936,0.2936,0.0,False
433,Magazine_Subscriptions,packaging,0.4939,0.4939,0.0,False
441,Magazine_Subscriptions,billing,-0.5615,-0.5615,0.0,False
441,Magazine_Subscriptions,content,0.4295,0.6249,0.19540000000000002,True
444,Magazine_Subscriptions,price,0.8316,0.8316,0.0,False
446,Magazine_Subscriptions,advertising,0.37255000000000005,0.37255000000000005,0.0,False
446,Magazine_Subscriptions,content,0.37255000000000005,0.37255000000000005,0.0,False
446,Magazine_Subscriptions,price,0.37255000000000005,0.37255000000000005,0.0,False
449,Magazine_Subscriptions,advertising,0.0,0.0,0.0,False
449,Magazine_Subscriptions,content,0.5023,0.0,-0.5023,True
450,Magazine_Subscriptions,content,0.4647,0.42955,-0.035150000000000015,True
450,Magazine_Subscriptions,packaging,0.0,0.0,0.0,False
456,Magazine_Subscriptions,content,0.6249,0.6249,0.0,False
457,Magazine_Subscriptions,price,0.872,0.872,0.0,False
458,Magazine_Subscriptions,price,-0.2732,-0.08895000000000003,0.18424999999999997,True
460,Magazine_Subscriptions,billing,0.2023,0.2023,0.0,False
460,Magazine_Subscriptions,content,0.4004666666666667,0.4004666666666667,0.0,False
460,Magazine_Subscriptions,quality,0.0,0.0,0.0,False
461,Magazine_Subscriptions,content,0.0,0.0,0.0,False
463,Magazine_Subscriptions,billing,-0.28595,-0.28595,0.0,False
464,Magazine_Subscriptions,delivery,0.2481,0.2481,0.0,False
464,Magazine_Subscriptions,content,0.6124,0.6124,0.0,False
466,Magazine_Subscriptions,content,0.6696,0.6696,0.0,False
468,Magazine_Subscriptions,advertising,-0.048166666666666656,-0.048166666666666656,0.0,False
468,Magazine_Subscriptions,content,0.0,0.0,0.0,False
469,Magazine_Subscriptions,price,0.4569,0.3182,-0.1387,True
473,Magazine_Subscriptions,content,0.4404,0.4404,0.0,False
474,Magazine_Subscriptions,price,0.1759,0.1759,0.0,False
474,Magazine_Subscriptions,content,0.35129999999999995,0.08795,-0.26335,True
475,Magazine_Subscriptions,content,-0.34,-0.34,0.0,False
476,Magazine_Subscriptions,billing,-0.11080000000000001,-0.17635,-0.06555,True
476,Magazine_Subscriptions,price,-0.2732,-0.2732,0.0,False
477,Magazine_Subscriptions,quality,0.0772,0.0772,0.0,False
477,Magazine_Subscriptions,content,0.08360000000000001,0.12755,0.04394999999999999,True
478,Magazine_Subscriptions,advertising,0.0,0.0,0.0,False
478,Magazine_Subscriptions,content,0.5719,0.5719,0.0,False
479,Magazine_Subscriptions,price,0.7964,0.7964,0.0,False
481,Magazine_Subscriptions,content,0.7717,0.7717,0.0,False
487,Magazine_Subscriptions,content,0.6369,0.6369,0.0,False
489,Magazine_Subscriptions,billing,0.0,0.0,0.0,False
490,Magazine_Subscriptions,content,0.8481,0.8481,0.0,False
491,Magazine_Subscriptions,content,0.03165,0.0,-0.03165,True
491,Magazine_Subscriptions,delivery,0.0,0.0,0.0,False
491,Magazine_Subscriptions,price,0.03165,0.0,-0.03165,True
492,Magazine_Subscriptions,content,0.0,0.0,0.0,False
493,Magazine_Subscriptions,content,-0.1695,-0.1695,0.0,False
494,Magazine_Subscriptions,billing,0.3182,0.3182,0.0,False
495,Magazine_Subscriptions,billing,-0.2411,-0.2411,0.0,False
495,Magazine_Subscriptions,delivery,0.0,0.0,0.0,False
495,Magazine_Subscriptions,advertising,0.0,0.0,0.0,False
495,Magazine_Subscriptions,content,0.0,0.0,0.0,False
497,Magazine_Subscriptions,content,-0.2263,-0.2263,0.0,False
500,Magazine_Subscriptions,content,0.5848,0.5848,0.0,False
502,Magazine_Subscriptions,advertising,0.7573,0.7573,0.0,False
502,Magazine_Subscriptions,content,0.7573,0.7573,0.0,False
504,Magazine_Subscriptions,content,0.3182,0.3182,0.0,False
505,Magazine_Subscriptions,billing,0.0,0.0,0.0,False
507,Magazine_Subscriptions,quality,0.2382,-0.1027,-0.3409,True
507,Magazine_Subscriptions,content,0.2337,0.25046666666666667,0.01676666666666668,True
508,Magazine_Subscriptions,advertising,0.0,0.0,0.0,False
509,Magazine_Subscriptions,content,0.74,0.74,0.0,False
510,Magazine_Subscriptions,content,0.40922499999999995,0.40922499999999995,0.0,False
511,Magazine_Subscriptions,content,0.5843,0.5843,0.0,False
514,Magazine_Subscriptions,content,0.06089999999999998,0.06089999999999998,0.0,False
517,Magazine_Subscriptions,billing,0.0,0.0,0.0,False
517,Magazine_Subscriptions,content,-0.3157,-0.3157,0.0,False
518,Magazine_Subscriptions,content,0.0,0.0,0.0,False
520,Magazine_Subscriptions,content,0.44210000000000005,0.44210000000000005,0.0,False
523,Magazine_Subscriptions,advertising,0.0,0.0,0.0,False
523,Magazine_Subscriptions,content,0.0,0.0,0.0,False
524,Magazine_Subscriptions,quality,0.8176,0.8176,0.0,False
525,Magazine_Subscriptions,billing,0.0,0.0,0.0,False
525,Magazine_Subscriptions,price,0.4404,0.4404,0.0,False
530,Magazine_Subscriptions,price,0.7964,0.7964,0.0,False
533,Magazine_Subscriptions,content,0.12889999999999996,0.05714999999999998,-0.07174999999999998,True
535,Magazine_Subscriptions,quality,0.8607,0.6249,-0.2358,True
535,Magazine_Subscriptions,content,0.8607,0.6997,-0.16100000000000003,True
536,Magazine_Subscriptions,advertising,0.6908,0.4939,-0.19689999999999996,True
536,Magazine_Subscriptions,content,0.6908,0.4939,-0.19689999999999996,True
537,Magazine_Subscriptions,content,0.0,0.0,0.0,False
541,Magazine_Subscriptions,delivery,0.4201,0.4201,0.0,False
541,Magazine_Subscriptions,content,0.6249,0.6249,0.0,False
543,Magazine_Subscriptions,content,0.09635,0.16016666666666665,0.06381666666666665,True
545,Magazine_Subscriptions,advertising,-0.5183,-0.5183,0.0,False
545,Magazine_Subscriptions,content,-0.5183,-0.5183,0.0,False
546,Magazine_Subscriptions,delivery,0.7482,0.7482,0.0,False
547,Magazine_Subscriptions,content,0.2202,0.2202,0.0,False
548,Magazine_Subscriptions,content,0.25,0.25,0.0,False
551,Magazine_Subscriptions,content,0.7088,0.7088,0.0,False
553,Magazine_Subscriptions,price,0.3612,0.3612,0.0,False
553,Magazine_Subscriptions,content,0.0,0.0,0.0,False
554,Magazine_Subscriptions,content,0.6369,0.6369,0.0,False
555,Magazine_Subscriptions,billing,-0.27730000000000005,-0.27730000000000005,0.0,False
557,Magazine_Subscriptions,advertising,0.0,0.0,0.0,False
557,Magazine_Subscriptions,content,0.0,0.0,0.0,False
560,Magazine_Subscriptions,billing,-0.1346,-0.1027,0.0319,True
560,Magazine_Subscriptions,content,0.6054,0.4522,-0.15320000000000006,True
561,Magazine_Subscriptions,content,0.34,0.34,0.0,False
563,Magazine_Subscriptions,content,0.5242,0.5242,0.0,False
564,Magazine_Subscriptions,price,0.4404,0.4404,0.0,False
569,Magazine_Subscriptions,advertising,0.34,0.34,0.0,False
569,Magazine_Subscriptions,content,0.025700000000000008,-0.023759999999999993,-0.049460000000000004,True
569,Magazine_Subscriptions,quality,0.12365,0.12040000000000001,-0.003249999999999989,True
570,Magazine_Subscriptions,content,0.4404,0.4404,0.0,False
571,Magazine_Subscriptions,quality,-0.3384,-0.3384,0.0,False
571,Magazine_Subscriptions,content,0.0,0.0,0.0,False
573,Magazine_Subscriptions,content,0.5606,0.5606,0.0,False
579,Magazine_Subscriptions,customer_service,-0.1426,-0.1426,0.0,False
581,Magazine_Subscriptions,content,0.37996666666666673,0.19666666666666668,-0.18330000000000005,True
584,Magazine_Subscriptions,content,-0.2023,-0.2023,0.0,False
588,Magazine_Subscriptions,billing,0.0,0.0,0.0,False
590,Magazine_Subscriptions,billing,0.1779,0.1779,0.0,False
591,Magazine_Subscriptions,advertising,0.0,0.0,0.0,False
591,Magazine_Subscriptions,content,0.0,0.0,0.0,False
592,Magazine_Subscriptions,delivery,0.6989,0.6989,0.0,False
594,Magazine_Subscriptions,content,0.6369,0.6369,0.0,False
595,Magazine_Subscriptions,content,0.0,0.0,0.0,False
595,Magazine_Subscriptions,customer_service,0.0,0.0,0.0,False
598,Magazine_Subscriptions,content,0.0,0.0,0.0,False
599,Magazine_Subscriptions,advertising,-0.3895,-0.3895,0.0,False
599,Magazine_Subscriptions,content,0.1842,0.1842,0.0,False
600,Magazine_Subscriptions,content,0.6124,0.6124,0.0,False
602,Magazine_Subscriptions,billing,0.1531,0.07655,-0.07655,True
602,Magazine_Subscriptions,delivery,0.0,0.0,0.0,False
602,Magazine_Subscriptions,price,0.2944,0.2944,0.0,False
602,Magazine_Subscriptions,content,0.0,0.0,0.0,False
604,Magazine_Subscriptions,billing,-0.4588,-0.4588,0.0,False
604,Magazine_Subscriptions,content,0.7424,0.7424,0.0,False
604,Magazine_Subscriptions,price,0.7424,0.7424,0.0,False
607,Magazine_Subscriptions,content,0.0,0.0,0.0,False
609,Magazine_Subscriptions,quality,-0.296,-0.296,0.0,False
610,Magazine_Subscriptions,price,0.3947,0.3947,0.0,False
610,Magazine_Subscriptions,content,0.4019,0.4019,0.0,False
616,Magazine_Subscriptions,billing,-0.25,-0.25,0.0,False
616,Magazine_Subscriptions,content,0.1741,0.1741,0.0,False
616,Magazine_Subscriptions,quality,0.0,0.0,0.0,False
617,Magazine_Subscriptions,content,0.0,0.0,0.0,False
619,Magazine_Subscriptions,price,0.6808,0.6808,0.0,False
620,Magazine_Subscriptions,price,0.6249,0.6249,0.0,False
620,Magazine_Subscriptions,content,0.7845,0.7845,0.0,False
622,Magazine_Subscriptions,content,-0.09866666666666667,-0.09866666666666667,0.0,False
622,Magazine_Subscriptions,price,0.3291,0.0,-0.3291,True
624,Magazine_Subscriptions,content,0.0,0.0,0.0,False
627,Magazine_Subscriptions,content,0.42755,0.42755,0.0,False
628,Magazine_Subscriptions,price,0.0,0.0,0.0,False
629,Magazine_Subscriptions,content,0.09761666666666668,0.13131666666666666,0.03369999999999998,True
630,Magazine_Subscriptions,content,0.0,0.0,0.0,False
634,Magazine_Subscriptions,price,0.4404,0.4404,0.0,False
634,Magazine_Subscriptions,content,0.5574,0.5574,0.0,False
635,Magazine_Subscriptions,advertising,0.7096,0.7096,0.0,False
635,Magazine_Subscriptions,price,0.7096,0.7096,0.0,False
636,Magazine_Subscriptions,quality,0.4404,0.4404,0.0,False
636,Magazine_Subscriptions,price,0.4404,0.4404,0.0,False
639,Magazine_Subscriptions,price,0.8126,0.8126,0.0,False
641,Magazine_Subscriptions,content,0.5106,0.5106,0.0,False
644,Magazine_Subscriptions,price,0.0,0.0,0.0,False
644,Magazine_Subscriptions,content,0.8519,0.8519,0.0,False
645,Magazine_Subscriptions,content,0.4404,0.4404,0.0,False
647,Magazine_Subscriptions,content,0.4019,0.4019,0.0,False
649,Magazine_Subscriptions,advertising,0.6096,0.6096,0.0,False
649,Magazine_Subscriptions,content,0.6096,0.6096,0.0,False
650,Magazine_Subscriptions,delivery,0.0,0.0,0.0,False
650,Magazine_Subscriptions,content,0.0,0.0,0.0,False
651,Magazine_Subscriptions,price,0.00014999999999998348,0.00014999999999998348,0.0,False
652,Magazine_Subscriptions,billing,-0.128,-0.25,-0.122,True
652,Magazine_Subscriptions,content,-0.128,0.0,0.128,True
653,Magazine_Subscriptions,content,0.7543,0.5859,-0.1684,True
654,Magazine_Subscriptions,price,0.4927,0.4927,0.0,False
656,Magazine_Subscriptions,content,0.8658,0.8658,0.0,False
657,Magazine_Subscriptions,advertising,0.0,0.0,0.0,False
657,Magazine_Subscriptions,content,0.4005,0.4005,0.0,False
661,Magazine_Subscriptions,advertising,-0.3875,-0.3875,0.0,False
661,Magazine_Subscriptions,content,0.14405,0.14405,0.0,False
663,Magazine_Subscriptions,content,0.02885,0.0,-0.02885,True
667,Magazine_Subscriptions,content,0.6053999999999999,0.6053999999999999,0.0,False
669,Magazine_Subscriptions,content,0.0,0.0,0.0,False
671,Magazine_Subscriptions,quality,-0.3875,-0.3875,0.0,False
671,Magazine_Subscriptions,content,-0.3875,-0.3875,0.0,False
673,Magazine_Subscriptions,billing,-0.25,-0.25,0.0,False
673,Magazine_Subscriptions,content,-0.5106,-0.5106,0.0,False
673,Magazine_Subscriptions,delivery,-0.5106,-0.5106,0.0,False
675,Magazine_Subscriptions,content,0.4404,0.4404,0.0,False
676,Magazine_Subscriptions,content,0.8437,0.8437,0.0,False
677,Magazine_Subscriptions,price,0.0,0.0,0.0,False
677,Magazine_Subscriptions,content,0.6369,0.6369,0.0,False
678,Magazine_Subscriptions,content,0.2083,0.2083,0.0,False
679,Magazine_Subscriptions,quality,0.4404,0.4404,0.0,False
679,Magazine_Subscriptions,delivery,0.0,0.0,0.0,False
680,Magazine_Subscriptions,content,0.9558,0.9558,0.0,False
681,Magazine_Subscriptions,advertising,0.0,0.0,0.0,False
681,Magazine_Subscriptions,content,0.0,0.0,0.0,False
683,Magazine_Subscriptions,content,0.5029,-0.5256,-1.0285,True
684,Magazine_Subscriptions,delivery,0.0,0.0,0.0,False
686,Magazine_Subscriptions,content,0.8622,0.8622,0.0,False
687,Magazine_Subscriptions,content,0.6305499999999999,0.24635,-0.38419999999999993,True
689,Magazine_Subscriptions,advertising,0.3612,0.3612,0.0,False
689,Magazine_Subscriptions,content,0.6567333333333334,0.5572,-0.09953333333333336,True
690,Magazine_Subscriptions,content,0.2023,0.2023,0.0,False
692,Magazine_Subscriptions,advertising,0.25,0.25,0.0,False
692,Magazine_Subscriptions,content,-0.06589999999999999,-0.06589999999999999,0.0,False
693,Magazine_Subscriptions,advertising,0.037,0.037,0.0,False
693,Magazine_Subscriptions,content,0.037,0.037,0.0,False
694,Magazine_Subscriptions,quality,0.1102,0.1102,0.0,False
694,Magazine_Subscriptions,content,0.6908,0.6908,0.0,False
695,Magazine_Subscriptions,advertising,0.2732,0.0,-0.2732,True
696,Magazine_Subscriptions,content,0.4215,0.4215,0.0,False
697,Magazine_Subscriptions,billing,-0.5106,-0.5106,0.0,False
700,Magazine_Subscriptions,content,0.4939,0.4939,0.0,False
701,Magazine_Subscriptions,price,0.5594,0.5594,0.0,False
701,Magazine_Subscriptions,content,0.59165,0.59165,0.0,False
705,Magazine_Subscriptions,content,0.4404,0.4404,0.0,False
706,Magazine_Subscriptions,content,0.7906,0.7906,0.0,False
707,Magazine_Subscriptions,delivery,0.0,0.0,0.0,False
708,Magazine_Subscriptions,quality,0.5849,0.5849,0.0,False
708,Magazine_Subscriptions,content,0.29245,0.29245,0.0,False
711,Magazine_Subscriptions,billing,0.1779,0.1779,0.0,False
711,Magazine_Subscriptions,content,0.1779,0.1779,0.0,False
711,Magazine_Subscriptions,price,0.1779,0.1779,0.0,False
713,Magazine_Subscriptions,price,0.0,0.0,0.0,False
713,Magazine_Subscriptions,content,-0.4767,-0.4767,0.0,False
714,Magazine_Subscriptions,delivery,0.3818,0.0,-0.3818,True
717,Magazine_Subscriptions,billing,-0.3182,-0.3182,0.0,False
717,Magazine_Subscriptions,delivery,-0.3182,-0.3182,0.0,False
717,Magazine_Subscriptions,advertising,0.0,0.0,0.0,False
717,Magazine_Subscriptions,content,0.1488285714285714,0.1488285714285714,0.0,False
719,Magazine_Subscriptions,content,0.7182999999999999,0.42195,-0.29634999999999995,True
720,Magazine_Subscriptions,content,0.7873,0.6597,-0.12760000000000005,True
724,Magazine_Subscriptions,billing,0.0,0.0,0.0,False
724,Magazine_Subscriptions,price,-0.296,-0.296,0.0,False
725,Magazine_Subscriptions,price,0.4404,0.4404,0.0,False
726,Magazine_Subscriptions,delivery,0.4118,0.6705,0.2587,True
727,Magazine_Subscriptions,delivery,0.0,0.0,0.0,False
727,Magazine_Subscriptions,content,0.6697,0.6697,0.0,False
728,Magazine_Subscriptions,content,0.2263,0.2263,0.0,False
728,Magazine_Subscriptions,price,0.2186,0.07543333333333334,-0.14316666666666666,True
730,Magazine_Subscriptions,price,-0.2732,-0.2732,0.0,False
732,Magazine_Subscriptions,price,0.3182,0.3182,0.0,False
736,Magazine_Subscriptions,billing,0.4421,0.4421,0.0,False
736,Magazine_Subscriptions,customer_service,-0.6369,-0.6369,0.0,False
736,Magazine_Subscriptions,price,0.4421,0.4421,0.0,False
737,Magazine_Subscriptions,price,0.4404,0.4404,0.0,False
738,Magazine_Subscriptions,content,0.6239,0.6239,0.0,False
739,Magazine_Subscriptions,billing,0.5423,0.5423,0.0,False
739,Magazine_Subscriptions,content,0.6369,0.6369,0.0,False
741,Magazine_Subscriptions,content,0.0,0.0,0.0,False
742,Magazine_Subscriptions,content,0.5719,0.5719,0.0,False
743,Magazine_Subscriptions,quality,0.3612,0.3612,0.0,False
743,Magazine_Subscriptions,price,0.3612,0.3612,0.0,False
745,Magazine_Subscriptions,content,0.3652333333333333,0.3652333333333333,0.0,False
747,Magazine_Subscriptions,content,0.9136,0.9136,0.0,False
749,Magazine_Subscriptions,advertising,0.3818,0.0,-0.3818,True
749,Magazine_Subscriptions,content,0.3818,0.6369,0.25510000000000005,True
750,Magazine_Subscriptions,quality,0.4404,0.4404,0.0,False
750,Magazine_Subscriptions,content,0.41025000000000006,0.1951,-0.21515000000000006,True
751,Magazine_Subscriptions,content,0.2263,0.2263,0.0,False
754,Magazine_Subscriptions,quality,0.7003,0.7003,0.0,False
756,Magazine_Subscriptions,content,0.24635,0.24635,0.0,False
757,Magazine_Subscriptions,advertising,0.397,0.397,0.0,False
757,Magazine_Subscriptions,content,0.26534,0.26534,0.0,False
757,Magazine_Subscriptions,delivery,0.380225,0.380225,0.0,False
760,Magazine_Subscriptions,price,0.4588,0.4588,0.0,False
761,Magazine_Subscriptions,price,0.7003,0.7003,0.0,False
767,Magazine_Subscriptions,advertising,0.4939,0.4939,0.0,False
767,Magazine_Subscriptions,content,0.6369,0.6369,0.0,False
770,Magazine_Subscriptions,delivery,0.7227,0.0,-0.7227,True
773,Magazine_Subscriptions,content,0.1191,0.0,-0.1191,True
774,Magazine_Subscriptions,advertising,0.0,0.0,0.0,False
776,Magazine_Subscriptions,content,0.16874999999999998,0.13110000000000002,-0.03764999999999996,True
778,Magazine_Subscriptions,content,0.0,0.0,0.0,False
779,Magazine_Subscriptions,content,0.7089,0.7089,0.0,False
780,Magazine_Subscriptions,delivery,0.0,0.0,0.0,False
780,Magazine_Subscriptions,content,0.452525,0.452525,0.0,False
781,Magazine_Subscriptions,content,0.0,0.0,0.0,False
782,Magazine_Subscriptions,advertising,0.0,0.0,0.0,False
782,Magazine_Subscriptions,content,0.4404,0.4404,0.0,False
785,Magazine_Subscriptions,content,0.9022,0.9022,0.0,False
786,Magazine_Subscriptions,content,0.7906,0.7906,0.0,False
788,Magazine_Subscriptions,content,0.6369,0.6369,0.0,False
789,Magazine_Subscriptions,content,0.7316,0.7316,0.0,False
789,Magazine_Subscriptions,price,0.6597,0.6597,0.0,False
790,Magazine_Subscriptions,price,0.34,0.34,0.0,False
792,Magazine_Subscriptions,content,0.0,0.0,0.0,False
794,Magazine_Subscriptions,content,-0.1531,-0.1531,0.0,False
796,Magazine_Subscriptions,billing,0.0,0.0,0.0,False
798,Magazine_Subscriptions,advertising,0.8442,0.0,-0.8442,True
799,Magazine_Subscriptions,billing,0.0,0.0,0.0,False
799,Magazine_Subscriptions,content,-0.0129,0.19435,0.20725,True
799,Magazine_Subscriptions,delivery,0.0,0.0,0.0,False
803,Magazine_Subscriptions,price,0.8074,0.8074,0.0,False
804,Magazine_Subscriptions,content,0.05945,0.05945,0.0,False
806,Magazine_Subscriptions,content,0.4404,0.4404,0.0,False
810,Magazine_Subscriptions,price,0.7269,0.4404,-0.2865,True
812,Magazine_Subscriptions,content,-0.128,-0.128,0.0,False
813,Magazine_Subscriptions,content,-0.15355,-0.18076666666666666,-0.027216666666666667,True
817,Magazine_Subscriptions,content,0.95025,0.7670666666666666,-0.18318333333333348,True
818,Magazine_Subscriptions,billing,-0.25,-0.25,0.0,False
820,Magazine_Subscriptions,price,-0.1695,-0.1695,0.0,False
820,Magazine_Subscriptions,content,0.27115,0.27115,0.0,False
822,Magazine_Subscriptions,content,0.2382,0.0,-0.2382,True
826,Magazine_Subscriptions,content,0.508,0.508,0.0,False
827,Magazine_Subscriptions,billing,0.3182,-0.0516,-0.36979999999999996,True
828,Magazine_Subscriptions,content,0.3612,0.3612,0.0,False
829,Magazine_Subscriptions,content,0.8268,0.8268,0.0,False
831,Magazine_Subscriptions,billing,-0.10115,-0.1909,-0.08974999999999998,True
831,Magazine_Subscriptions,price,-0.2023,-0.3818,-0.17949999999999997,True
832,Magazine_Subscriptions,price,0.5106,0.5106,0.0,False
832,Magazine_Subscriptions,content,0.31930000000000003,0.20366666666666666,-0.11563333333333337,True
833,Magazine_Subscriptions,advertising,0.12040000000000001,0.12040000000000001,0.0,False
833,Magazine_Subscriptions,content,0.1806,0.1806,0.0,False
833,Magazine_Subscriptions,price,0.4939,0.4939,0.0,False
834,Magazine_Subscriptions,content,0.148,0.26335,0.11534999999999998,True
836,Magazine_Subscriptions,content,0.784,0.784,0.0,False
837,Magazine_Subscriptions,advertising,0.0,0.0,0.0,False
837,Magazine_Subscriptions,content,0.0,0.0,0.0,False
839,Magazine_Subscriptions,billing,0.0,0.0,0.0,False
842,Magazine_Subscriptions,billing,0.0,0.0,0.0,False
843,Magazine_Subscriptions,content,-0.2263,-0.2263,0.0,False
846,Magazine_Subscriptions,content,-0.3429,-0.33525,0.00764999999999999,True
848,Magazine_Subscriptions,content,0.129475,0.129475,0.0,False
850,Magazine_Subscriptions,advertising,0.0,0.0,0.0,False
853,Magazine_Subscriptions,quality,0.0,0.0,0.0,False
855,Magazine_Subscriptions,price,0.4588,0.4588,0.0,False
855,Magazine_Subscriptions,content,0.0,0.0,0.0,False
858,Magazine_Subscriptions,billing,-0.1779,-0.1779,0.0,False
858,Magazine_Subscriptions,content,0.22313333333333332,0.22313333333333332,0.0,False
858,Magazine_Subscriptions,price,0.2023,0.2023,0.0,False
859,Magazine_Subscriptions,content,0.2732,0.2732,0.0,False
860,Magazine_Subscriptions,content,0.0,0.0,0.0,False
862,Magazine_Subscriptions,content,0.3772333333333333,0.2785666666666667,-0.09866666666666662,True
863,Magazine_Subscriptions,price,0.4854,0.743,0.2576,True
865,Magazine_Subscriptions,price,0.6756,0.6756,0.0,False
866,Magazine_Subscriptions,billing,0.0,0.0,0.0,False
866,Magazine_Subscriptions,content,0.1909,0.1909,0.0,False
867,Magazine_Subscriptions,content,0.6249,0.6249,0.0,False
868,Magazine_Subscriptions,content,0.27115,0.27115,0.0,False
872,Magazine_Subscriptions,billing,-0.43745,-0.43745,0.0,False
873,Magazine_Subscriptions,price,0.4404,0.4404,0.0,False
874,Magazine_Subscriptions,delivery,-0.1695,-0.1695,0.0,False
874,Magazine_Subscriptions,content,0.2411,0.2411,0.0,False
875,Magazine_Subscriptions,content,0.3612,0.3612,0.0,False
876,Magazine_Subscriptions,content,0.7211000000000001,0.6471,-0.07400000000000007,True
877,Magazine_Subscriptions,advertising,0.0,0.0,0.0,False
877,Magazine_Subscriptions,content,0.0,0.0,0.0,False
879,Magazine_Subscriptions,content,0.38903333333333334,0.2299,-0.15913333333333335,True
879,Magazine_Subscriptions,price,0.8793,0.5685,-0.31079999999999997,True
881,Magazine_Subscriptions,content,0.6249,0.6249,0.0,False
882,Magazine_Subscriptions,billing,0.5106,0.5106,0.0,False
883,Magazine_Subscriptions,billing,-0.25,-0.25,0.0,False
883,Magazine_Subscriptions,content,-0.15360000000000001,-0.15360000000000001,0.0,False
884,Magazine_Subscriptions,content,0.8316,0.8316,0.0,False
885,Magazine_Subscriptions,advertising,0.2732,-0.1027,-0.3759,True
885,Magazine_Subscriptions,price,0.8074,0.8074,0.0,False
886,Magazine_Subscriptions,content,0.6696,0.6696,0.0,False
888,Magazine_Subscriptions,advertising,0.0,0.0,0.0,False
888,Magazine_Subscriptions,content,-0.3089,-0.3089,0.0,False
890,Magazine_Subscriptions,delivery,0.3382,0.3382,0.0,False
892,Magazine_Subscriptions,price,0.1265,0.1265,0.0,False
892,Magazine_Subscriptions,content,0.33696666666666664,0.33696666666666664,0.0,False
894,Magazine_Subscriptions,quality,0.0,0.0,0.0,False
896,Magazine_Subscriptions,billing,-0.3182,-0.3182,0.0,False
896,Magazine_Subscriptions,content,-0.4767,-0.4767,0.0,False
898,Magazine_Subscriptions,packaging,0.34,0.34,0.0,False
899,Magazine_Subscriptions,content,0.4721,0.4721,0.0,False
900,Magazine_Subscriptions,advertising,0.0772,0.0772,0.0,False
900,Magazine_Subscriptions,content,-0.22075,0.0,0.22075,True
900,Magazine_Subscriptions,price,-0.13903333333333331,0.014160000000000002,0.15319333333333332,True
901,Magazine_Subscriptions,billing,0.0,0.0,0.0,False
903,Magazine_Subscriptions,advertising,0.6249,0.6249,0.0,False
903,Magazine_Subscriptions,billing,0.0772,0.0772,0.0,False
904,Magazine_Subscriptions,content,0.21313333333333337,0.21313333333333337,0.0,False
906,Magazine_Subscriptions,billing,0.0,0.0,0.0,False
906,Magazine_Subscriptions,price,-0.34,-0.34,0.0,False
906,Magazine_Subscriptions,advertising,0.0772,0.0772,0.0,False
906,Magazine_Subscriptions,content,0.4215,0.4215,0.0,False
908,Magazine_Subscriptions,content,0.6369,0.6369,0.0,False
911,Magazine_Subscriptions,billing,0.1877,0.1877,0.0,False
911,Magazine_Subscriptions,content,0.1877,0.1877,0.0,False
911,Magazine_Subscriptions,delivery,0.1877,0.1877,0.0,False
912,Magazine_Subscriptions,content,-0.05135,-0.03423333333333333,0.01711666666666667,True
914,Magazine_Subscriptions,content,0.6369,0.6369,0.0,False
919,Magazine_Subscriptions,billing,0.2851666666666667,0.2851666666666667,0.0,False
919,Magazine_Subscriptions,price,0.0,0.0,0.0,False
921,Magazine_Subscriptions,price,0.7351,0.7351,0.0,False
925,Magazine_Subscriptions,content,0.7964,0.7964,0.0,False
926,Magazine_Subscriptions,content,0.25,0.25,0.0,False
927,Magazine_Subscriptions,quality,0.0,0.0,0.0,False
927,Magazine_Subscriptions,content,0.0,0.0,0.0,False
928,Magazine_Subscriptions,content,0.8402,0.8402,0.0,False
930,Magazine_Subscriptions,billing,-0.4973,-0.4973,0.0,False
930,Magazine_Subscriptions,content,0.0,0.0,0.0,False
931,Magazine_Subscriptions,content,0.39135,0.39135,0.0,False
932,Magazine_Subscriptions,advertising,0.7003,0.7003,0.0,False
934,Magazine_Subscriptions,billing,0.4667,0.4667,0.0,False
934,Magazine_Subscriptions,content,0.4667,0.4667,0.0,False
934,Magazine_Subscriptions,price,0.8334,0.8334,0.0,False
942,Magazine_Subscriptions,content,0.43725,0.43725,0.0,False
944,Magazine_Subscriptions,billing,-0.8591,-0.8591,0.0,False
944,Magazine_Subscriptions,content,-0.28636666666666666,-0.28636666666666666,0.0,False
944,Magazine_Subscriptions,price,0.0,0.0,0.0,False
945,Magazine_Subscriptions,content,0.8996,0.8996,0.0,False
948,Magazine_Subscriptions,advertising,0.5853,0.5853,0.0,False
948,Magazine_Subscriptions,content,0.0,0.0,0.0,False
948,Magazine_Subscriptions,quality,0.6369,0.6369,0.0,False
952,Magazine_Subscriptions,content,0.0,0.0,0.0,False
954,Magazine_Subscriptions,advertising,0.1087,0.1087,0.0,False
954,Magazine_Subscriptions,content,0.4199,0.4199,0.0,False
956,Magazine_Subscriptions,content,0.0,0.0,0.0,False
958,Magazine_Subscriptions,advertising,0.0,0.0,0.0,False
958,Magazine_Subscriptions,content,0.015094736842105267,0.05617000000000001,0.04107526315789475,True
958,Magazine_Subscriptions,packaging,0.3818,0.3818,0.0,False
959,Magazine_Subscriptions,price,0.6249,0.6249,0.0,False
962,Magazine_Subscriptions,content,0.049250000000000016,0.049250000000000016,0.0,False
962,Magazine_Subscriptions,packaging,-0.0258,-0.0258,0.0,False
962,Magazine_Subscriptions,price,-0.5009,-0.5009,0.0,False
968,Magazine_Subscriptions,content,0.0,0.0,0.0,False
970,Magazine_Subscriptions,content,-0.743,-0.743,0.0,False
970,Magazine_Subscriptions,customer_service,-0.743,-0.743,0.0,False
971,Magazine_Subscriptions,advertising,0.4404,0.4404,0.0,False
971,Magazine_Subscriptions,content,0.4404,0.4404,0.0,False
972,Magazine_Subscriptions,content,0.4404,0.4404,0.0,False
977,Magazine_Subscriptions,quality,0.6114,0.6114,0.0,False
980,Magazine_Subscriptions,quality,0.0,0.0,0.0,False
980,Magazine_Subscriptions,content,0.0,0.0,0.0,False
981,Magazine_Subscriptions,content,0.4019,0.4019,0.0,False
982,Magazine_Subscriptions,advertising,0.1072,0.0,-0.1072,True
982,Magazine_Subscriptions,content,0.2144,0.20095,-0.013450000000000017,True
984,Magazine_Subscriptions,advertising,-0.0002833333333333299,0.030980952380952383,0.03126428571428572,True
984,Magazine_Subscriptions,content,0.050777777777777776,0.04833928571428571,-0.002438492063492066,True
984,Magazine_Subscriptions,price,0.11583333333333334,0.11583333333333334,0.0,False
985,Magazine_Subscriptions,billing,-0.4926,-0.5562,-0.06360000000000005,True
985,Magazine_Subscriptions,price,-0.4926,-0.5562,-0.06360000000000005,True
987,Magazine_Subscriptions,content,0.6588,0.6588,0.0,False
989,Magazine_Subscriptions,billing,0.2846,0.0,-0.2846,True
989,Magazine_Subscriptions,content,0.32825,0.21455,-0.1137,True
989,Magazine_Subscriptions,price,0.9046,0.8166,-0.08799999999999997,True
991,Magazine_Subscriptions,price,0.0,0.0,0.0,False
993,Magazine_Subscriptions,content,0.6249,0.6249,0.0,False
994,Magazine_Subscriptions,billing,0.4215,0.4215,0.0,False
996,Magazine_Subscriptions,content,0.7777,0.6476,-0.1301,True
997,Magazine_Subscriptions,content,0.3903,0.5719,0.18159999999999998,True
999,Magazine_Subscriptions,content,0.3528,0.3528,0.0,False
1000,Magazine_Subscriptions,content,0.0,0.0,0.0,False
1001,Magazine_Subscriptions,content,0.6892,0.6892,0.0,False
1002,Magazine_Subscriptions,billing,0.8728,0.8728,0.0,False
1002,Magazine_Subscriptions,price,0.8728,0.8728,0.0,False
1003,Magazine_Subscriptions,content,0.7096,0.7096,0.0,False
1007,Magazine_Subscriptions,content,0.0,0.0,0.0,False
1011,Magazine_Subscriptions,advertising,-0.25,-0.4588,-0.20879999999999999,True
1011,Magazine_Subscriptions,content,-0.25,-0.4588,-0.20879999999999999,True
1011,Magazine_Subscriptions,quality,0.5106,0.5106,0.0,False
1013,Magazine_Subscriptions,delivery,0.2903,0.2903,0.0,False
1013,Magazine_Subscriptions,content,0.2903,0.2903,0.0,False
1014,Magazine_Subscriptions,content,0.39410000000000006,0.20396666666666666,-0.1901333333333334,True
1019,Magazine_Subscriptions,delivery,0.7845,0.7845,0.0,False
1020,Magazine_Subscriptions,delivery,0.7269,0.7269,0.0,False
1023,Magazine_Subscriptions,content,0.7351,0.7351,0.0,False
1025,Magazine_Subscriptions,billing,0.0,0.0,0.0,False
1026,Magazine_Subscriptions,content,0.0,0.0,0.0,False
1027,Magazine_Subscriptions,content,0.6249,0.6249,0.0,False
1028,Magazine_Subscriptions,billing,-0.2411,-0.2411,0.0,False
1030,Magazine_Subscriptions,content,0.3612,0.3612,0.0,False
1036,Magazine_Subscriptions,content,0.6908,0.6908,0.0,False
1037,Magazine_Subscriptions,content,0.0,0.0,0.0,False
1039,Magazine_Subscriptions,content,0.6696,0.6696,0.0,False
1045,Magazine_Subscriptions,price,-0.3384,-0.3384,0.0,False
1046,Magazine_Subscriptions,content,0.8316,0.8316,0.0,False
1047,Magazine_Subscriptions,content,0.0,0.0,0.0,False
1049,Magazine_Subscriptions,billing,-0.25,-0.25,0.0,False
1052,Magazine_Subscriptions,advertising,0.25115,0.1806,-0.07054999999999997,True
1052,Magazine_Subscriptions,billing,0.0,0.0,0.0,False
1052,Magazine_Subscriptions,content,-0.09866666666666667,-0.09866666666666667,0.0,False
1054,Magazine_Subscriptions,advertising,-0.13775,-0.13775,0.0,False
1054,Magazine_Subscriptions,content,0.1806,0.1806,0.0,False
1055,Magazine_Subscriptions,content,0.0,0.0,0.0,False
1058,Magazine_Subscriptions,content,0.6249,0.6249,0.0,False
1060,Magazine_Subscriptions,billing,0.2741,0.2741,0.0,False
1060,Magazine_Subscriptions,content,0.21452500000000002,0.19655,-0.01797500000000002,True
1060,Magazine_Subscriptions,price,0.0,0.0,0.0,False
1061,Magazine_Subscriptions,content,0.53035,0.53035,0.0,False
1063,Magazine_Subscriptions,quality,0.7543,0.6249,-0.12939999999999996,True
1064,Magazine_Subscriptions,billing,0.3182,0.3182,0.0,False
1064,Magazine_Subscriptions,content,0.5681,0.31845,-0.24965000000000004,True
1064,Magazine_Subscriptions,price,0.3182,0.3182,0.0,False
1065,Magazine_Subscriptions,content,-0.3225,-0.3225,0.0,False
1067,Magazine_Subscriptions,delivery,0.0,0.0,0.0,False
1067,Magazine_Subscriptions,content,0.0,0.0,0.0,False
1069,Magazine_Subscriptions,billing,0.4404,0.4404,0.0,False
1070,Magazine_Subscriptions,content,0.6696,0.6696,0.0,False
1071,Magazine_Subscriptions,billing,-0.25,-0.25,0.0,False
1074,Magazine_Subscriptions,delivery,0.3612,0.3612,0.0,False
1075,Magazine_Subscriptions,content,0.3818,0.0,-0.3818,True
1076,Magazine_Subscriptions,content,-0.1154,-0.4767,-0.3613,True
1076,Magazine_Subscriptions,price,-0.1154,0.1027,0.21810000000000002,True
1077,Magazine_Subscriptions,content,0.63395,0.3712,-0.26275000000000004,True
1078,Magazine_Subscriptions,advertising,0.0,0.0,0.0,False
1078,Magazine_Subscriptions,billing,0.0,0.0,0.0,False
1081,Magazine_Subscriptions,advertising,0.0,0.0,0.0,False
1081,Magazine_Subscriptions,content,0.2202,0.2202,0.0,False
1081,Magazine_Subscriptions,price,0.0,0.0,0.0,False
1082,Magazine_Subscriptions,price,0.3804,0.3804,0.0,False
1083,Magazine_Subscriptions,price,0.4019,0.4019,0.0,False
1084,Magazine_Subscriptions,billing,0.0,0.0,0.0,False
1089,Magazine_Subscriptions,content,0.5719,0.5719,0.0,False
1091,Magazine_Subscriptions,billing,0.0,0.0,0.0,False
1092,Magazine_Subscriptions,billing,0.5574,0.5574,0.0,False
1092,Magazine_Subscriptions,content,0.19744,0.19744,0.0,False
1095,Magazine_Subscriptions,content,0.8316,0.8316,0.0,False
1097,Magazine_Subscriptions,price,0.0,0.0,0.0,False
1099,Magazine_Subscriptions,advertising,0.5859,0.5859,0.0,False
1100,Magazine_Subscriptions,content,0.6663,0.38170000000000004,-0.28459999999999996,True
1102,Magazine_Subscriptions,content,0.9565,0.9565,0.0,False
1103,Magazine_Subscriptions,billing,0.0386,0.0386,0.0,False
1103,Magazine_Subscriptions,content,-0.13884999999999997,0.42115,0.56,True
1104,Magazine_Subscriptions,content,0.6369,0.6369,0.0,False
1106,Magazine_Subscriptions,content,0.31536666666666663,0.3496333333333333,0.03426666666666667,True
1108,Magazine_Subscriptions,content,0.6249,0.6249,0.0,False
1109,Magazine_Subscriptions,quality,0.0,0.0,0.0,False
1109,Magazine_Subscriptions,content,0.5671999999999999,0.5671999999999999,0.0,False
1113,Magazine_Subscriptions,billing,0.7089,0.7089,0.0,False
1113,Magazine_Subscriptions,quality,0.8147,0.8147,0.0,False
1113,Magazine_Subscriptions,price,0.8147,0.8147,0.0,False
1113,Magazine_Subscriptions,advertising,0.0,0.0,0.0,False
1113,Magazine_Subscriptions,content,0.7618,0.7618,0.0,False
1115,Magazine_Subscriptions,content,0.0,0.0,0.0,False
1117,Magazine_Subscriptions,quality,0.0,0.0,0.0,False
1117,Magazine_Subscriptions,content,0.37116666666666664,0.37116666666666664,0.0,False
1119,Magazine_Subscriptions,billing,0.0,0.0,0.0,False
1120,Magazine_Subscriptions,content,0.5625,0.5625,0.0,False
1121,Magazine_Subscriptions,price,0.5334,0.5093,-0.02410000000000001,True
1121,Magazine_Subscriptions,content,0.0,0.0,0.0,False
1123,Magazine_Subscriptions,billing,-0.1779,-0.1779,0.0,False
1124,Magazine_Subscriptions,content,0.0,0.0,0.0,False
1125,Magazine_Subscriptions,content,0.3716,0.31245,-0.05914999999999998,True
1126,Magazine_Subscriptions,advertising,0.0,0.0,0.0,False
1126,Magazine_Subscriptions,billing,0.0,0.0,0.0,False
1126,Magazine_Subscriptions,price,0.3592,0.3592,0.0,False
1127,Magazine_Subscriptions,advertising,0.0,0.0,0.0,False
1129,Magazine_Subscriptions,billing,0.0,0.0,0.0,False
1129,Magazine_Subscriptions,content,0.0,0.0,0.0,False
1130,Magazine_Subscriptions,content,0.4914,0.4914,0.0,False
1130,Magazine_Subscriptions,price,0.6696,0.6696,0.0,False
1132,Magazine_Subscriptions,quality,0.3716,0.0,-0.3716,True
1132,Magazine_Subscriptions,content,0.3716,0.31245,-0.05914999999999998,True
1136,Magazine_Subscriptions,advertising,0.6908,0.6908,0.0,False
1136,Magazine_Subscriptions,content,0.6908,0.6908,0.0,False
1137,Magazine_Subscriptions,price,0.6249,0.6249,0.0,False
1141,Magazine_Subscriptions,content,0.4779,0.4779,0.0,False
1142,Magazine_Subscriptions,advertising,0.0,0.0,0.0,False
1142,Magazine_Subscriptions,price,0.0,0.0,0.0,False
1143,Magazine_Subscriptions,billing,-0.2481,-0.2481,0.0,False
1144,Magazine_Subscriptions,billing,-0.10222500000000001,-0.07442499999999999,0.02780000000000002,True
1144,Magazine_Subscriptions,content,0.0,0.0,0.0,False
1148,Magazine_Subscriptions,content,0.2263,0.2263,0.0,False
1149,Magazine_Subscriptions,content,0.1167,0.1167,0.0,False
1152,Magazine_Subscriptions,content,0.8481,0.8481,0.0,False
1154,Magazine_Subscriptions,content,0.6028,0.6028,0.0,False
1155,Magazine_Subscriptions,billing,-0.128,-0.25,-0.122,True
1158,Magazine_Subscriptions,advertising,0.4588,0.4588,0.0,False
1158,Magazine_Subscriptions,content,0.0,0.0,0.0,False
1158,Magazine_Subscriptions,packaging,0.4019,0.4019,0.0,False
1160,Magazine_Subscriptions,content,0.6249,0.6249,0.0,False
1161,Magazine_Subscriptions,content,0.5983,0.5983,0.0,False
1164,Magazine_Subscriptions,billing,0.0,0.0,0.0,False
1165,Magazine_Subscriptions,content,0.575,0.575,0.0,False
1165,Magazine_Subscriptions,delivery,0.4404,0.4404,0.0,False
1165,Magazine_Subscriptions,price,-0.4939,-0.4939,0.0,False
1166,Magazine_Subscriptions,content,0.743,0.743,0.0,False
1171,Magazine_Subscriptions,content,0.47425,0.47425,0.0,False
1172,Magazine_Subscriptions,content,0.8805,0.8805,0.0,False
1173,Magazine_Subscriptions,delivery,-0.0258,-0.0258,0.0,False
1173,Magazine_Subscriptions,content,-0.0258,-0.0258,0.0,False
1174,Magazine_Subscriptions,content,0.7845,0.7845,0.0,False
1175,Magazine_Subscriptions,billing,0.0,0.0,0.0,False
1175,Magazine_Subscriptions,content,0.3506,0.0,-0.3506,True
1180,Magazine_Subscriptions,content,0.5218,0.1376,-0.38420000000000004,True
1182,Magazine_Subscriptions,quality,0.8479,0.8479,0.0,False
1182,Magazine_Subscriptions,content,0.3737,0.3737,0.0,False
1183,Magazine_Subscriptions,delivery,0.0,0.0,0.0,False
1184,Magazine_Subscriptions,billing,0.0,0.0,0.0,False
1185,Magazine_Subscriptions,advertising,0.6249,0.6249,0.0,False
1185,Magazine_Subscriptions,content,0.6249,0.6249,0.0,False
1186,Magazine_Subscriptions,billing,0.4939,0.4939,0.0,False
1186,Magazine_Subscriptions,content,0.3294,0.3294,0.0,False
1187,Magazine_Subscriptions,quality,0.0,0.0,0.0,False
1189,Magazine_Subscriptions,billing,-0.25,-0.25,0.0,False
1190,Magazine_Subscriptions,content,0.8834,0.8834,0.0,False
1191,Magazine_Subscriptions,content,0.4019,0.4019,0.0,False
1197,Magazine_Subscriptions,delivery,0.0,0.0,0.0,False
1200,Magazine_Subscriptions,price,0.6996,0.0,-0.6996,True
1201,Magazine_Subscriptions,content,0.8266,0.7125,-0.11409999999999998,True
1202,Magazine_Subscriptions,content,0.6249,0.6249,0.0,False
1204,Magazine_Subscriptions,billing,-0.2732,-0.2732,0.0,False
1204,Magazine_Subscriptions,content,0.0,0.0,0.0,False
1205,Magazine_Subscriptions,content,0.6369,0.6369,0.0,False
1207,Magazine_Subscriptions,content,-0.128,-0.128,0.0,False
1207,Magazine_Subscriptions,price,0.6774,0.6774,0.0,False
1212,Magazine_Subscriptions,delivery,0.0,0.0,0.0,False
1216,Magazine_Subscriptions,billing,0.5106,0.5106,0.0,False
1217,Magazine_Subscriptions,billing,0.0,0.0,0.0,False
1217,Magazine_Subscriptions,price,0.0,0.0,0.0,False
1218,Magazine_Subscriptions,content,0.33755,0.33755,0.0,False
1220,Magazine_Subscriptions,content,0.6689666666666666,0.6689666666666666,0.0,False
1220,Magazine_Subscriptions,delivery,0.5267,0.5267,0.0,False
1220,Magazine_Subscriptions,packaging,0.8316,0.8316,0.0,False
1221,Magazine_Subscriptions,content,0.3612,0.3612,0.0,False
1225,Magazine_Subscriptions,advertising,0.0,0.0,0.0,False
1226,Magazine_Subscriptions,content,0.0,0.0,0.0,False
1227,Magazine_Subscriptions,content,0.6249,0.6249,0.0,False
1229,Magazine_Subscriptions,billing,0.0,0.0,0.0,False
1229,Magazine_Subscriptions,content,0.4404,0.4404,0.0,False
1235,Magazine_Subscriptions,delivery,0.0,0.0,0.0,False
1235,Magazine_Subscriptions,content,0.4777666666666667,0.4777666666666667,0.0,False
1237,Magazine_Subscriptions,content,0.27930000000000005,0.27930000000000005,0.0,False
1238,Magazine_Subscriptions,advertising,0.886,0.886,0.0,False
1238,Magazine_Subscriptions,content,0.5859,0.5859,0.0,False
1239,Magazine_Subscriptions,billing,0.0,0.0,0.0,False
1239,Magazine_Subscriptions,content,0.2984,0.26143333333333335,-0.03696666666666665,True
1239,Magazine_Subscriptions,packaging,0.0,0.0,0.0,False
1240,Magazine_Subscriptions,content,0.743,0.743,0.0,False
1242,Magazine_Subscriptions,advertising,-0.2732,-0.2732,0.0,False
1244,Magazine_Subscriptions,content,0.8381,0.5669500000000001,-0.2711499999999999,True
1248,Magazine_Subscriptions,price,0.38325,0.38325,0.0,False
1251,Magazine_Subscriptions,customer_service,0.7003,0.7003,0.0,False
1257,Magazine_Subscriptions,content,0.4576,0.4576,0.0,False
1257,Magazine_Subscriptions,delivery,0.0,0.0,0.0,False
1257,Magazine_Subscriptions,price,0.1779,0.1779,0.0,False
1258,Magazine_Subscriptions,billing,0.5598,0.5598,0.0,False
1258,Magazine_Subscriptions,content,0.1139,0.1139,0.0,False
1259,Magazine_Subscriptions,billing,0.4522,0.4522,0.0,False
1261,Magazine_Subscriptions,billing,0.1877,0.1877,0.0,False
1261,Magazine_Subscriptions,delivery,0.18116666666666667,0.18116666666666667,0.0,False
1261,Magazine_Subscriptions,price,-0.4588,-0.4588,0.0,False
1261,Magazine_Subscriptions,content,0.07116,0.07116,0.0,False
1264,Magazine_Subscriptions,content,0.0,0.0,0.0,False
1265,Magazine_Subscriptions,content,0.48875,0.48875,0.0,False
1266,Magazine_Subscriptions,advertising,0.0,0.0,0.0,False
1266,Magazine_Subscriptions,content,0.0,0.0,0.0,False
1268,Magazine_Subscriptions,price,0.6249,0.6249,0.0,False
1269,Magazine_Subscriptions,billing,0.0,0.0,0.0,False
1269,Magazine_Subscriptions,content,0.6914,0.6914,0.0,False
1269,Magazine_Subscriptions,price,0.5352,0.5352,0.0,False
1272,Magazine_Subscriptions,content,0.5719,0.5719,0.0,False
1274,Magazine_Subscriptions,delivery,0.2878,0.2878,0.0,False
1275,Magazine_Subscriptions,advertising,0.0,0.0,0.0,False
1277,Magazine_Subscriptions,billing,0.0,0.0,0.0,False
1278,Magazine_Subscriptions,advertising,0.0,0.0,0.0,False
1280,Magazine_Subscriptions,content,0.0,0.0,0.0,False
1282,Magazine_Subscriptions,advertising,0.358,0.358,0.0,False
1282,Magazine_Subscriptions,price,0.358,0.358,0.0,False
1284,Magazine_Subscriptions,content,0.8687,0.8687,0.0,False
1285,Magazine_Subscriptions,billing,-0.13775,-0.13775,0.0,False
1285,Magazine_Subscriptions,content,0.0,0.0,0.0,False
1288,Magazine_Subscriptions,billing,0.3291,0.3182,-0.01090000000000002,True
1288,Magazine_Subscriptions,content,-0.012983333333333338,-0.13597142857142858,-0.12298809523809524,True
1288,Magazine_Subscriptions,delivery,-0.1531,0.0,0.1531,True
1289,Magazine_Subscriptions,billing,-0.31275,-0.31275,0.0,False
1289,Magazine_Subscriptions,content,0.0,0.0,0.0,False
1292,Magazine_Subscriptions,content,0.6249,0.6249,0.0,False
1294,Magazine_Subscriptions,billing,-0.25,-0.25,0.0,False
1297,Magazine_Subscriptions,content,0.872,0.872,0.0,False
1298,Magazine_Subscriptions,billing,0.0,0.0,0.0,False
1298,Magazine_Subscriptions,price,0.4588,0.2294,-0.2294,True
1298,Magazine_Subscriptions,advertising,0.4215,0.4215,0.0,False
1298,Magazine_Subscriptions,content,0.7783,0.7783,0.0,False
1299,Magazine_Subscriptions,quality,0.4404,0.4404,0.0,False
1300,Magazine_Subscriptions,content,0.0557,0.0557,0.0,False
1301,Magazine_Subscriptions,advertising,0.4404,0.4404,0.0,False
1303,Magazine_Subscriptions,billing,0.0,0.0,0.0,False
1303,Magazine_Subscriptions,content,0.0,0.0,0.0,False
1303,Magazine_Subscriptions,price,-0.8207,-0.8207,0.0,False
1304,Magazine_Subscriptions,quality,0.7269,0.7269,0.0,False
1304,Magazine_Subscriptions,content,0.27449999999999997,0.18284999999999998,-0.09164999999999998,True
1305,Magazine_Subscriptions,delivery,0.0,0.0,0.0,False
1306,Magazine_Subscriptions,billing,-0.0516,-0.0516,0.0,False
1308,Magazine_Subscriptions,content,-0.1695,-0.1695,0.0,False
1308,Magazine_Subscriptions,customer_service,-0.5423,-0.5423,0.0,False
1308,Magazine_Subscriptions,price,-0.1695,-0.1695,0.0,False
1309,Magazine_Subscriptions,billing,0.0,0.0,0.0,False
1309,Magazine_Subscriptions,price,0.24255,0.24255,0.0,False
1309,Magazine_Subscriptions,advertising,0.15369999999999998,0.015333333333333329,-0.13836666666666664,True
1309,Magazine_Subscriptions,content,0.1958,0.1958,0.0,False
1311,Magazine_Subscriptions,content,0.343825,0.343825,0.0,False
1311,Magazine_Subscriptions,delivery,0.0,0.0,0.0,False
1311,Magazine_Subscriptions,price,0.9349,0.9349,0.0,False
1312,Magazine_Subscriptions,quality,-0.26335,-0.26335,0.0,False
1312,Magazine_Subscriptions,price,-0.128,-0.128,0.0,False
1312,Magazine_Subscriptions,advertising,0.0,0.0,0.0,False
1312,Magazine_Subscriptions,content,0.3612,0.6124,0.25120000000000003,True
1319,Magazine_Subscriptions,delivery,0.0,0.0,0.0,False
1319,Magazine_Subscriptions,quality,0.8828,0.8828,0.0,False
1319,Magazine_Subscriptions,advertising,0.06955,0.06955,0.0,False
1319,Magazine_Subscriptions,content,0.5075142857142857,0.4989571428571429,-0.008557142857142819,True
1321,Magazine_Subscriptions,content,0.7902,0.7902,0.0,False
1322,Magazine_Subscriptions,content,0.3472,0.0,-0.3472,True
1325,Magazine_Subscriptions,content,0.6249,0.6249,0.0,False
1326,Magazine_Subscriptions,content,0.0,0.0,0.0,False
1328,Magazine_Subscriptions,quality,0.0,0.0,0.0,False
1328,Magazine_Subscriptions,content,0.23835,0.23835,0.0,False
1329,Magazine_Subscriptions,content,0.4144,0.4144,0.0,False
1331,Magazine_Subscriptions,price,0.1027,0.1027,0.0,False
1332,Magazine_Subscriptions,advertising,0.0,0.0,0.0,False
1333,Magazine_Subscriptions,content,0.3612,0.3612,0.0,False
1335,Magazine_Subscriptions,billing,0.1929,0.13593333333333332,-0.056966666666666665,True
1336,Magazine_Subscriptions,billing,-0.148,-0.148,0.0,False
1341,Magazine_Subscriptions,advertising,0.6249,0.6249,0.0,False
1341,Magazine_Subscriptions,content,0.6249,0.6249,0.0,False
1342,Magazine_Subscriptions,advertising,0.0,0.0,0.0,False
1342,Magazine_Subscriptions,content,0.27495,0.20095,-0.07400000000000004,True
1345,Magazine_Subscriptions,content,0.0,0.0,0.0,False
1346,Magazine_Subscriptions,billing,0.7184,0.7184,0.0,False
1346,Magazine_Subscriptions,content,0.4404,0.4404,0.0,False
1346,Magazine_Subscriptions,price,0.7184,0.7184,0.0,False
1348,Magazine_Subscriptions,advertising,0.9638,0.9638,0.0,False
1348,Magazine_Subscriptions,content,0.9638,0.9638,0.0,False
1348,Magazine_Subscriptions,price,0.9638,0.9638,0.0,False
1349,Magazine_Subscriptions,advertising,0.0772,0.0772,0.0,False
1354,Magazine_Subscriptions,price,0.2605,0.0,-0.2605,True
1360,Magazine_Subscriptions,content,0.9274,0.8555,-0.07189999999999996,True
1361,Magazine_Subscriptions,advertising,0.0,0.0,0.0,False
1361,Magazine_Subscriptions,content,0.2549333333333333,0.2549333333333333,0.0,False
1362,Magazine_Subscriptions,content,0.135475,0.135475,0.0,False
1363,Magazine_Subscriptions,advertising,0.0,0.0,0.0,False
1363,Magazine_Subscriptions,content,0.0,0.0,0.0,False
1364,Magazine_Subscriptions,content,0.6701666666666667,0.6701666666666667,0.0,False
1365,Magazine_Subscriptions,quality,0.0,0.0,0.0,False
1365,Magazine_Subscriptions,content,0.0,0.0,0.0,False
1366,Magazine_Subscriptions,content,0.6249,0.6249,0.0,False
1367,Magazine_Subscriptions,content,0.56465,0.56465,0.0,False
1369,Magazine_Subscriptions,content,0.0,0.0,0.0,False
1371,Magazine_Subscriptions,content,0.7184,0.7184,0.0,False
1372,Magazine_Subscriptions,content,0.31845,0.31845,0.0,False
1373,Magazine_Subscriptions,content,0.7034,0.7034,0.0,False
1375,Magazine_Subscriptions,billing,-0.5607,-0.5607,0.0,False
1378,Magazine_Subscriptions,content,0.0,0.0,0.0,False
1379,Magazine_Subscriptions,content,0.313,0.46056666666666674,0.14756666666666673,True
1382,Magazine_Subscriptions,advertising,0.0,0.0,0.0,False
1384,Magazine_Subscriptions,content,0.6017333333333333,0.6017333333333333,0.0,False
1386,Magazine_Subscriptions,price,0.0,0.0,0.0,False
1386,Magazine_Subscriptions,content,0.2916,0.2916,0.0,False
1387,Magazine_Subscriptions,content,0.8854,0.8854,0.0,False
1388,Magazine_Subscriptions,advertising,0.0,0.0,0.0,False
1392,Magazine_Subscriptions,price,0.6588,0.6588,0.0,False
1397,Magazine_Subscriptions,billing,0.1027,0.1027,0.0,False
1397,Magazine_Subscriptions,content,-0.187,-0.187,0.0,False
1402,Magazine_Subscriptions,content,-0.4588,-0.4588,0.0,False
1405,Magazine_Subscriptions,content,0.4576,0.4576,0.0,False
1407,Magazine_Subscriptions,content,0.58775,0.3421,-0.24564999999999998,True
1408,Magazine_Subscriptions,price,0.6249,0.6249,0.0,False
1410,Magazine_Subscriptions,content,0.4019,0.4019,0.0,False
1412,Magazine_Subscriptions,content,0.1909,0.1909,0.0,False
1413,Magazine_Subscriptions,content,0.5423,0.7906,0.24829999999999997,True
1416,Magazine_Subscriptions,advertising,-0.27115,-0.27115,0.0,False
1416,Magazine_Subscriptions,content,0.45683333333333337,0.45683333333333337,0.0,False
1416,Magazine_Subscriptions,price,-0.5423,-0.5423,0.0,False
1419,Magazine_Subscriptions,content,0.4404,0.4404,0.0,False
1421,Magazine_Subscriptions,billing,-0.2832,-0.2832,0.0,False
1422,Magazine_Subscriptions,advertising,0.8481,0.8481,0.0,False
1422,Magazine_Subscriptions,content,0.5824333333333334,0.5824333333333334,0.0,False
1423,Magazine_Subscriptions,content,0.1027,0.0,-0.1027,True
1424,Magazine_Subscriptions,quality,0.2263,0.2263,0.0,False
1424,Magazine_Subscriptions,content,0.11315,0.11315,0.0,False
1425,Magazine_Subscriptions,content,0.2732,0.2732,0.0,False
1428,Magazine_Subscriptions,billing,0.7906,0.7906,0.0,False
1432,Magazine_Subscriptions,billing,-0.1603,-0.1603,0.0,False
1433,Magazine_Subscriptions,billing,0.0,0.0,0.0,False
1435,Magazine_Subscriptions,advertising,0.6265000000000001,0.5606,-0.06590000000000007,True
1435,Magazine_Subscriptions,content,0.17524,0.17524,0.0,False
1435,Magazine_Subscriptions,quality,0.0,0.0,0.0,False
1437,Magazine_Subscriptions,advertising,0.7003,0.7003,0.0,False
1437,Magazine_Subscriptions,content,-0.3182,-0.3182,0.0,False
1440,Magazine_Subscriptions,advertising,0.5423,0.5423,0.0,False
1440,Magazine_Subscriptions,content,0.318,0.318,0.0,False
1440,Magazine_Subscriptions,price,0.7733,0.3867,-0.3866,True
1441,Magazine_Subscriptions,billing,0.4939,0.0,-0.4939,True
1441,Magazine_Subscriptions,content,0.6361,0.5150666666666667,-0.12103333333333333,True
1443,Magazine_Subscriptions,content,-0.4767,-0.4767,0.0,False
1444,Magazine_Subscriptions,content,-0.5597,0.0,0.5597,True
1445,Magazine_Subscriptions,price,0.4404,0.4404,0.0,False
1447,Magazine_Subscriptions,content,0.6588,0.6588,0.0,False
1449,Magazine_Subscriptions,delivery,0.0,0.0,0.0,False
1450,Magazine_Subscriptions,content,0.6597,0.7269,0.06720000000000004,True
1452,Magazine_Subscriptions,billing,0.0,0.0,0.0,False
1455,Magazine_Subscriptions,content,0.35015,0.35015,0.0,False
1459,Magazine_Subscriptions,billing,0.3612,0.3612,0.0,False
1461,Magazine_Subscriptions,advertising,-0.20400000000000004,-0.22023333333333336,-0.016233333333333322,True
1461,Magazine_Subscriptions,content,0.056499999999999995,0.18226666666666666,0.12576666666666667,True
1461,Magazine_Subscriptions,price,-0.2846,-0.18795,0.09665000000000001,True
1462,Magazine_Subscriptions,content,0.60725,0.60725,0.0,False
1463,Magazine_Subscriptions,content,0.7068,0.1806,-0.5262,True
1464,Magazine_Subscriptions,content,-0.2757,-0.23343333333333335,0.04226666666666665,True
1466,Magazine_Subscriptions,advertising,-0.07939999999999998,-0.10656666666666664,-0.02716666666666666,True
1466,Magazine_Subscriptions,content,0.5487333333333334,0.2551666666666667,-0.2935666666666667,True
1466,Magazine_Subscriptions,quality,0.0,0.0,0.0,False
1470,Magazine_Subscriptions,content,0.3753,0.3753,0.0,False
1473,Magazine_Subscriptions,content,0.2924,0.1462,-0.1462,True
1474,Magazine_Subscriptions,quality,0.6249,0.6249,0.0,False
1474,Magazine_Subscriptions,price,0.0,0.0,0.0,False
1477,Magazine_Subscriptions,quality,0.6249,0.6249,0.0,False
1479,Magazine_Subscriptions,billing,-0.25,-0.25,0.0,False
1479,Magazine_Subscriptions,content,0.0,0.0,0.0,False
1480,Magazine_Subscriptions,billing,0.0,0.0,0.0,False
1480,Magazine_Subscriptions,price,0.31245,0.31245,0.0,False
1483,Magazine_Subscriptions,content,0.5719,0.5719,0.0,False
1485,Magazine_Subscriptions,content,0.0,0.0,0.0,False
1487,Magazine_Subscriptions,advertising,-0.05871428571428572,-0.05871428571428572,0.0,False
1487,Magazine_Subscriptions,content,0.17,0.17,0.0,False
1490,Magazine_Subscriptions,billing,0.91,0.91,0.0,False
1490,Magazine_Subscriptions,content,0.91,0.91,0.0,False
1491,Magazine_Subscriptions,content,0.5719,0.5719,0.0,False
1495,Magazine_Subscriptions,content,0.5719,0.5719,0.0,False
1496,Magazine_Subscriptions,delivery,0.0,0.0,0.0,False
1496,Magazine_Subscriptions,content,0.0,0.0,0.0,False
1497,Magazine_Subscriptions,price,0.8481,0.8481,0.0,False
1498,Magazine_Subscriptions,content,0.0,0.0,0.0,False
1501,Magazine_Subscriptions,content,0.6249,0.6249,0.0,False
1502,Magazine_Subscriptions,billing,-0.25,-0.25,0.0,False
1504,Magazine_Subscriptions,price,0.5994,0.5994,0.0,False
1505,Magazine_Subscriptions,content,0.5574,0.5574,0.0,False
1507,Magazine_Subscriptions,price,0.8982,0.8982,0.0,False
1509,Magazine_Subscriptions,content,0.5106,0.5106,0.0,False
1516,Magazine_Subscriptions,content,0.0,0.0,0.0,False
1517,Magazine_Subscriptions,advertising,0.0,0.0,0.0,False
1517,Magazine_Subscriptions,content,0.0,0.0,0.0,False
1518,Magazine_Subscriptions,content,0.0258,0.0258,0.0,False
1519,Magazine_Subscriptions,billing,0.8491,0.62735,-0.22175,True
1519,Magazine_Subscriptions,content,0.7585999999999999,0.7040500000000001,-0.054549999999999876,True
1520,Magazine_Subscriptions,advertising,0.2732,0.2732,0.0,False
1521,Magazine_Subscriptions,billing,-0.43225,-0.35614999999999997,0.07610000000000006,True
1524,Magazine_Subscriptions,advertising,0.2382,0.0,-0.2382,True
1524,Magazine_Subscriptions,content,0.3393,0.4404,0.10110000000000002,True
1525,Magazine_Subscriptions,content,0.886,0.886,0.0,False
1526,Magazine_Subscriptions,price,-0.4767,-0.4767,0.0,False
1527,Magazine_Subscriptions,billing,0.0,0.0,0.0,False
1528,Magazine_Subscriptions,advertising,0.2439,0.2439,0.0,False
1529,Magazine_Subscriptions,content,0.43590000000000007,0.43590000000000007,0.0,False
1532,Magazine_Subscriptions,advertising,0.2263,0.2263,0.0,False
1533,Magazine_Subscriptions,content,0.8519,0.8519,0.0,False
1535,Magazine_Subscriptions,content,0.4404,0.4404,0.0,False
1536,Magazine_Subscriptions,delivery,0.6369,0.6369,0.0,False
1536,Magazine_Subscriptions,content,0.0,0.0,0.0,False
1537,Magazine_Subscriptions,advertising,-0.34,-0.34,0.0,False
1537,Magazine_Subscriptions,content,0.19344999999999998,0.19344999999999998,0.0,False
1538,Magazine_Subscriptions,quality,-0.3182,-0.3182,0.0,False
1538,Magazine_Subscriptions,content,-0.3182,-0.3182,0.0,False
1539,Magazine_Subscriptions,content,0.10115,0.10115,0.0,False
1541,Magazine_Subscriptions,quality,0.2263,0.2263,0.0,False
1541,Magazine_Subscriptions,content,0.0,0.0,0.0,False
1542,Magazine_Subscriptions,content,0.4576,0.4576,0.0,False
1547,Magazine_Subscriptions,content,0.50695,0.50695,0.0,False
1549,Magazine_Subscriptions,content,0.4404,0.4404,0.0,False
1554,Magazine_Subscriptions,price,0.0,0.0,0.0,False
1554,Magazine_Subscriptions,content,0.0,0.0,0.0,False
1555,Magazine_Subscriptions,price,0.6597,0.6597,0.0,False
1557,Magazine_Subscriptions,content,0.483,0.483,0.0,False
1559,Magazine_Subscriptions,content,0.6249,0.6249,0.0,False
1562,Magazine_Subscriptions,content,0.5487,0.0,-0.5487,True
1566,Magazine_Subscriptions,delivery,0.765,0.765,0.0,False
1567,Magazine_Subscriptions,content,0.474,0.474,0.0,False
1568,Magazine_Subscriptions,content,0.4404,0.4404,0.0,False
1570,Magazine_Subscriptions,content,0.0,0.0,0.0,False
1571,Magazine_Subscriptions,content,-0.055299999999999995,-0.06830000000000001,-0.013000000000000018,True
1573,Magazine_Subscriptions,content,0.5868,0.5868,0.0,False
1574,Magazine_Subscriptions,content,0.4588,0.4588,0.0,False
1575,Magazine_Subscriptions,price,0.4404,0.4404,0.0,False
1576,Magazine_Subscriptions,content,0.0021000000000000185,0.0021000000000000185,0.0,False
1577,Magazine_Subscriptions,content,0.28925,0.2553,-0.03394999999999998,True
1581,Magazine_Subscriptions,content,0.37195,0.37195,0.0,False
1582,Magazine_Subscriptions,content,0.7506,0.6249,-0.12570000000000003,True
1583,Magazine_Subscriptions,price,0.8481,0.8481,0.0,False
1584,Magazine_Subscriptions,quality,0.4215,0.4215,0.0,False
1584,Magazine_Subscriptions,delivery,0.4767,0.4767,0.0,False
1584,Magazine_Subscriptions,advertising,-0.3818,-0.3818,0.0,False
1584,Magazine_Subscriptions,content,0.30911999999999995,0.25386000000000003,-0.05525999999999992,True
1588,Magazine_Subscriptions,price,0.0772,0.0772,0.0,False
1588,Magazine_Subscriptions,content,-0.0521,-0.0521,0.0,False
1589,Magazine_Subscriptions,billing,0.4927,0.4927,0.0,False
1591,Magazine_Subscriptions,price,-0.4215,-0.296,0.1255,True
1595,Magazine_Subscriptions,content,0.23403333333333334,0.23403333333333334,0.0,False
1598,Magazine_Subscriptions,price,-0.4153,-0.4153,0.0,False
1600,Magazine_Subscriptions,content,0.4939,0.4939,0.0,False
1606,Magazine_Subscriptions,billing,0.4215,0.4215,0.0,False
1607,Magazine_Subscriptions,quality,0.886,0.886,0.0,False
1607,Magazine_Subscriptions,content,0.886,0.886,0.0,False
1610,Magazine_Subscriptions,advertising,0.8481,0.8481,0.0,False
1610,Magazine_Subscriptions,content,0.66175,0.66175,0.0,False
1611,Magazine_Subscriptions,content,0.3612,0.3612,0.0,False
1613,Magazine_Subscriptions,quality,0.0,0.0,0.0,False
1613,Magazine_Subscriptions,content,0.45016666666666677,0.45016666666666677,0.0,False
1618,Magazine_Subscriptions,billing,-0.25,-0.25,0.0,False
1620,Magazine_Subscriptions,delivery,0.0,0.0,0.0,False
1621,Magazine_Subscriptions,content,0.317,0.317,0.0,False
1623,Magazine_Subscriptions,content,0.0,0.0,0.0,False
1625,Magazine_Subscriptions,quality,0.6808,0.6808,0.0,False
1625,Magazine_Subscriptions,content,0.6808,0.6808,0.0,False
1627,Magazine_Subscriptions,billing,-0.34,-0.34,0.0,False
1627,Magazine_Subscriptions,content,0.0,0.0,0.0,False
1628,Magazine_Subscriptions,advertising,0.3214,0.31845,-0.002950000000000008,True
1628,Magazine_Subscriptions,content,0.6428,0.6369,-0.005900000000000016,True
1629,Magazine_Subscriptions,content,0.4019,0.4019,0.0,False
1630,Magazine_Subscriptions,content,0.4754,0.4754,0.0,False
1635,Magazine_Subscriptions,content,0.0,0.0,0.0,False
1636,Magazine_Subscriptions,delivery,0.0,0.0,0.0,False
1636,Magazine_Subscriptions,content,0.0,0.0,0.0,False
1638,Magazine_Subscriptions,content,0.4019,0.4019,0.0,False
1639,Magazine_Subscriptions,billing,0.7351,0.0,-0.7351,True
1643,Magazine_Subscriptions,content,0.6426,0.6426,0.0,False
1645,Magazine_Subscriptions,billing,-0.25,-0.25,0.0,False
1648,Magazine_Subscriptions,billing,-0.7677,-0.624,0.14370000000000005,True
1649,Magazine_Subscriptions,price,0.0,0.0,0.0,False
1651,Magazine_Subscriptions,delivery,0.0593,0.0593,0.0,False
1651,Magazine_Subscriptions,customer_service,0.0,0.0,0.0,False
1652,Magazine_Subscriptions,content,0.0,0.0,0.0,False
1653,Magazine_Subscriptions,content,0.6115,0.6115,0.0,False
1656,Magazine_Subscriptions,content,0.6588,0.6588,0.0,False
1663,Magazine_Subscriptions,content,0.4939,0.4939,0.0,False
1664,Magazine_Subscriptions,content,-0.4404,-0.4404,0.0,False
1665,Magazine_Subscriptions,content,0.7778,0.7778,0.0,False
1666,Magazine_Subscriptions,billing,-0.25,-0.25,0.0,False
1666,Magazine_Subscriptions,content,0.0258,0.0258,0.0,False
1667,Magazine_Subscriptions,advertising,0.5927,0.0,-0.5927,True
1667,Magazine_Subscriptions,content,0.5927,0.4404,-0.1523,True
1668,Magazine_Subscriptions,billing,0.0,0.0,0.0,False
1668,Magazine_Subscriptions,content,0.16455,0.0,-0.16455,True
1668,Magazine_Subscriptions,delivery,0.0,0.0,0.0,False
1669,Magazine_Subscriptions,content,0.7056,0.7056,0.0,False
1670,Magazine_Subscriptions,content,0.23195000000000002,0.23195000000000002,0.0,False
1671,Magazine_Subscriptions,content,0.7783,0.31845,-0.45985,True
1672,Magazine_Subscriptions,quality,0.2023,0.2023,0.0,False
1672,Magazine_Subscriptions,content,0.2023,0.2023,0.0,False
1674,Magazine_Subscriptions,content,0.0,0.0,0.0,False
1675,Magazine_Subscriptions,delivery,0.4215,0.4215,0.0,False
1676,Magazine_Subscriptions,content,0.6249,0.6249,0.0,False
1676,Magazine_Subscriptions,price,0.6249,0.6249,0.0,False
1677,Magazine_Subscriptions,billing,0.0,0.0,0.0,False
1677,Magazine_Subscriptions,content,0.3612,0.3612,0.0,False
1678,Magazine_Subscriptions,billing,0.4588,0.4404,-0.018399999999999972,True
1679,Magazine_Subscriptions,content,0.6369,0.6369,0.0,False
1683,Magazine_Subscriptions,content,0.802,0.802,0.0,False
1684,Magazine_Subscriptions,content,0.5255,0.5255,0.0,False
1685,Magazine_Subscriptions,billing,0.1779,0.1779,0.0,False
1685,Magazine_Subscriptions,delivery,0.854,0.854,0.0,False
1685,Magazine_Subscriptions,price,0.09689999999999999,0.09689999999999999,0.0,False
1685,Magazine_Subscriptions,content,0.2698,0.2698,0.0,False
1689,Magazine_Subscriptions,billing,0.8689,0.8689,0.0,False
1690,Magazine_Subscriptions,billing,0.817,0.817,0.0,False
1690,Magazine_Subscriptions,content,0.817,0.817,0.0,False
1694,Magazine_Subscriptions,billing,0.3612,0.3612,0.0,False
1694,Magazine_Subscriptions,content,0.346125,0.346125,0.0,False
1694,Magazine_Subscriptions,delivery,-0.5859,-0.5859,0.0,False
1695,Magazine_Subscriptions,billing,0.5719,0.0,-0.5719,True
1695,Magazine_Subscriptions,price,0.5719,0.28595,-0.28595,True
1695,Magazine_Subscriptions,advertising,-0.047633333333333326,-0.03572499999999999,0.011908333333333333,True
1695,Magazine_Subscriptions,content,0.03610000000000001,0.1101,0.074,True
1697,Magazine_Subscriptions,content,0.0,0.0,0.0,False
1699,Magazine_Subscriptions,content,0.0,0.0,0.0,False
1701,Magazine_Subscriptions,billing,-0.25,-0.25,0.0,False
1704,Magazine_Subscriptions,content,0.0,0.0,0.0,False
1705,Magazine_Subscriptions,content,0.0,0.0,0.0,False
1706,Magazine_Subscriptions,advertising,0.0,0.0,0.0,False
1706,Magazine_Subscriptions,content,0.2648,0.2648,0.0,False
1706,Magazine_Subscriptions,price,0.8316,0.8316,0.0,False
1708,Magazine_Subscriptions,content,0.4019,0.4019,0.0,False
1715,Magazine_Subscriptions,advertising,0.45505,0.45505,0.0,False
1715,Magazine_Subscriptions,content,0.2732,0.2732,0.0,False
1718,Magazine_Subscriptions,billing,0.713,-0.2411,-0.9541,True
1718,Magazine_Subscriptions,content,-0.2163,-0.2163,0.0,False
1719,Magazine_Subscriptions,content,-0.5206,-0.5206,0.0,False
1719,Magazine_Subscriptions,packaging,0.8316,0.8316,0.0,False
1721,Magazine_Subscriptions,content,0.6249,0.6249,0.0,False
1722,Magazine_Subscriptions,content,0.4939,0.4939,0.0,False
1724,Magazine_Subscriptions,content,0.0,0.0,0.0,False
1725,Magazine_Subscriptions,content,0.8074,0.8074,0.0,False
1727,Magazine_Subscriptions,content,0.743,0.743,0.0,False
1728,Magazine_Subscriptions,delivery,0.2382,0.0,-0.2382,True
1730,Magazine_Subscriptions,delivery,0.23693333333333333,0.23693333333333333,0.0,False
1730,Magazine_Subscriptions,price,0.5859,0.3182,-0.2677,True
1730,Magazine_Subscriptions,advertising,-0.6486,-0.3182,0.33039999999999997,True
1730,Magazine_Subscriptions,content,0.03732000000000002,0.07296000000000001,0.03563999999999999,True
1735,Magazine_Subscriptions,price,0.5499,0.7964,0.24649999999999994,True
1738,Magazine_Subscriptions,quality,0.0,0.0,0.0,False
1738,Magazine_Subscriptions,price,0.2732,0.2732,0.0,False
1742,Magazine_Subscriptions,content,0.0,0.0,0.0,False
1743,Magazine_Subscriptions,advertising,0.019833333333333352,-0.062433333333333306,-0.08226666666666665,True
1743,Magazine_Subscriptions,content,-0.11936666666666666,-0.012983333333333319,0.10638333333333334,True
1743,Magazine_Subscriptions,price,-0.39925,-0.23275,0.16649999999999998,True
1744,Magazine_Subscriptions,price,0.4404,0.4404,0.0,False
1744,Magazine_Subscriptions,content,0.4404,0.4404,0.0,False
1745,Magazine_Subscriptions,content,0.0,0.0,0.0,False
1749,Magazine_Subscriptions,content,0.3818,0.0,-0.3818,True
1750,Magazine_Subscriptions,advertising,0.0,0.0,0.0,False
1751,Magazine_Subscriptions,content,0.6696,0.6696,0.0,False
1752,Magazine_Subscriptions,billing,0.0,0.0,0.0,False
1752,Magazine_Subscriptions,content,0.17229999999999995,0.24059999999999995,0.0683,True
1752,Magazine_Subscriptions,price,0.6249,0.6249,0.0,False
1753,Magazine_Subscriptions,advertising,-0.1706,-0.1706,0.0,False
1753,Magazine_Subscriptions,content,-0.01714,-0.01714,0.0,False
1759,Magazine_Subscriptions,content,0.0,0.0,0.0,False
1761,Magazine_Subscriptions,billing,0.0,0.0,0.0,False
1761,Magazine_Subscriptions,quality,-0.3612,-0.3612,0.0,False
1763,Magazine_Subscriptions,content,0.0,0.0,0.0,False
1764,Magazine_Subscriptions,content,0.0,0.0,0.0,False
1766,Magazine_Subscriptions,content,0.4215,0.4215,0.0,False
1767,Magazine_Subscriptions,billing,0.0,0.0,0.0,False
1767,Magazine_Subscriptions,price,0.0,0.0,0.0,False
1769,Magazine_Subscriptions,advertising,-0.25,-0.25,0.0,False
1769,Magazine_Subscriptions,billing,-0.25,-0.25,0.0,False
1771,Magazine_Subscriptions,advertising,0.0,0.0,0.0,False
1771,Magazine_Subscriptions,content,0.0,0.0,0.0,False
1773,Magazine_Subscriptions,price,0.0,0.0,0.0,False
1775,Magazine_Subscriptions,content,0.4019,0.4019,0.0,False
1778,Magazine_Subscriptions,content,0.3716,0.0,-0.3716,True
1779,Magazine_Subscriptions,content,0.5994,0.5994,0.0,False
1780,Magazine_Subscriptions,content,-0.0516,-0.0516,0.0,False
1781,Magazine_Subscriptions,content,0.0,0.0,0.0,False
1783,Magazine_Subscriptions,content,0.1912666666666667,0.134,-0.05726666666666669,True
1784,Magazine_Subscriptions,content,0.6249,0.6249,0.0,False
1786,Magazine_Subscriptions,advertising,0.6808,0.6808,0.0,False
1786,Magazine_Subscriptions,content,0.6808,0.6808,0.0,False
1788,Magazine_Subscriptions,content,0.29635,0.2202,-0.07615,True
1792,Magazine_Subscriptions,advertising,0.0,0.0,0.0,False
1792,Magazine_Subscriptions,content,0.0,0.0,0.0,False
1794,Magazine_Subscriptions,content,0.4404,0.4404,0.0,False
1797,Magazine_Subscriptions,content,0.9393,0.9393,0.0,False
1798,Magazine_Subscriptions,delivery,0.784,0.784,0.0,False
1799,Magazine_Subscriptions,price,0.8957,0.8957,0.0,False
1799,Magazine_Subscriptions,content,0.0,0.0,0.0,False
1801,Magazine_Subscriptions,price,-0.2003,-0.2003,0.0,False
1804,Magazine_Subscriptions,billing,0.802,0.802,0.0,False
1805,Magazine_Subscriptions,content,0.0,0.0,0.0,False
1805,Magazine_Subscriptions,price,0.418,0.418,0.0,False
1807,Magazine_Subscriptions,price,0.0,0.0,0.0,False
1811,Magazine_Subscriptions,content,0.2732,0.2732,0.0,False
1812,Magazine_Subscriptions,price,0.0,0.0,0.0,False
1814,Magazine_Subscriptions,advertising,0.5859,0.5859,0.0,False
1814,Magazine_Subscriptions,content,0.1621,0.1621,0.0,False
1815,Magazine_Subscriptions,content,0.4215,0.4215,0.0,False
1816,Magazine_Subscriptions,content,0.4404,0.4404,0.0,False
1817,Magazine_Subscriptions,quality,0.4019,0.4019,0.0,False
1818,Magazine_Subscriptions,billing,0.007200000000000002,0.007200000000000002,0.0,False
1818,Magazine_Subscriptions,content,0.0,0.0,0.0,False
1820,Magazine_Subscriptions,content,0.0,0.0,0.0,False
1821,Magazine_Subscriptions,advertising,0.5727,0.5727,0.0,False
1821,Magazine_Subscriptions,billing,-0.296,-0.296,0.0,False
1821,Magazine_Subscriptions,content,-0.148,-0.148,0.0,False
1822,Magazine_Subscriptions,delivery,0.0,0.0,0.0,False
1822,Magazine_Subscriptions,content,0.7564,0.7564,0.0,False
1828,Magazine_Subscriptions,content,0.2144,0.4019,0.18749999999999997,True
1829,Magazine_Subscriptions,content,0.6874,0.3252,-0.3622,True
1830,Magazine_Subscriptions,content,0.6705,0.6705,0.0,False
1832,Magazine_Subscriptions,price,-0.296,-0.296,0.0,False
1832,Magazine_Subscriptions,content,-0.296,-0.296,0.0,False
1837,Magazine_Subscriptions,content,0.0,0.0,0.0,False
1839,Magazine_Subscriptions,quality,0.3133,0.3133,0.0,False
1839,Magazine_Subscriptions,content,0.3133,0.3133,0.0,False
1842,Magazine_Subscriptions,content,0.0,0.0,0.0,False
1844,Magazine_Subscriptions,content,0.16463333333333333,0.16463333333333333,0.0,False
1845,Magazine_Subscriptions,content,0.4404,0.4404,0.0,False
1846,Magazine_Subscriptions,price,0.8074,0.8074,0.0,False
1848,Magazine_Subscriptions,content,0.6249,0.6249,0.0,False
1850,Magazine_Subscriptions,advertising,0.128,0.128,0.0,False
1855,Magazine_Subscriptions,content,0.6588,0.6588,0.0,False
1856,Magazine_Subscriptions,price,0.0,0.0,0.0,False
1857,Magazine_Subscriptions,content,-0.39335,-0.2288,0.16454999999999997,True
1861,Magazine_Subscriptions,quality,0.34,0.34,0.0,False
1861,Magazine_Subscriptions,content,0.8481,0.8481,0.0,False
1863,Magazine_Subscriptions,advertising,0.0,0.0,0.0,False
1867,Magazine_Subscriptions,content,0.8481,0.8481,0.0,False
1868,Magazine_Subscriptions,content,0.6124,0.6124,0.0,False
1872,Magazine_Subscriptions,content,0.5719,0.5719,0.0,False
1874,Magazine_Subscriptions,content,-0.5256,-0.5256,0.0,False
1875,Magazine_Subscriptions,advertising,0.0,0.0,0.0,False
1876,Magazine_Subscriptions,content,-0.008649999999999991,-0.008649999999999991,0.0,False
1878,Magazine_Subscriptions,quality,0.0,0.0,0.0,False
1878,Magazine_Subscriptions,content,0.2732,0.2732,0.0,False
1879,Magazine_Subscriptions,content,0.6808,0.6808,0.0,False
1881,Magazine_Subscriptions,price,-0.396,-0.396,0.0,False
1881,Magazine_Subscriptions,content,0.3612,0.3612,0.0,False
1884,Magazine_Subscriptions,advertising,0.1737,0.1737,0.0,False
1884,Magazine_Subscriptions,content,0.7845,0.7845,0.0,False
1886,Magazine_Subscriptions,content,0.4201,0.4201,0.0,False
1886,Magazine_Subscriptions,price,0.4201,0.4201,0.0,False
1891,Magazine_Subscriptions,content,0.59625,0.59625,0.0,False
1893,Magazine_Subscriptions,content,0.46226666666666666,0.46226666666666666,0.0,False
1894,Magazine_Subscriptions,advertising,0.3506,0.0,-0.3506,True
1897,Magazine_Subscriptions,content,0.7825,0.7825,0.0,False
1899,Magazine_Subscriptions,billing,0.0,0.0,0.0,False
1899,Magazine_Subscriptions,price,0.5093,0.5093,0.0,False
1901,Magazine_Subscriptions,quality,0.4019,0.4019,0.0,False
1901,Magazine_Subscriptions,content,0.14093333333333333,0.14093333333333333,0.0,False
1904,Magazine_Subscriptions,billing,0.0,0.0,0.0,False
1904,Magazine_Subscriptions,content,0.7579,0.7579,0.0,False
1908,Magazine_Subscriptions,content,0.4939,0.4939,0.0,False
1910,Magazine_Subscriptions,content,0.0,0.0,0.0,False
1914,Magazine_Subscriptions,quality,0.6124,0.6124,0.0,False
1918,Magazine_Subscriptions,content,-0.100475,-0.100475,0.0,False
1919,Magazine_Subscriptions,billing,0.1877,0.1877,0.0,False
1919,Magazine_Subscriptions,delivery,0.18116666666666667,0.18116666666666667,0.0,False
1919,Magazine_Subscriptions,price,-0.4588,-0.4588,0.0,False
1919,Magazine_Subscriptions,content,0.07116,0.07116,0.0,False
1927,Magazine_Subscriptions,content,0.6573,0.6573,0.0,False
1928,Magazine_Subscriptions,content,0.6808,0.6808,0.0,False
1929,Magazine_Subscriptions,billing,0.1511,0.1511,0.0,False
1930,Magazine_Subscriptions,content,-0.033,-0.033,0.0,False
1931,Magazine_Subscriptions,advertising,0.3612,0.3612,0.0,False
1931,Magazine_Subscriptions,content,0.70105,0.70105,0.0,False
1932,Magazine_Subscriptions,delivery,0.0,0.0,0.0,False
1932,Magazine_Subscriptions,content,0.8481,0.8481,0.0,False
1933,Magazine_Subscriptions,content,0.03244999999999999,0.03244999999999999,0.0,False
1934,Magazine_Subscriptions,content,0.8478,0.8478,0.0,False
1935,Magazine_Subscriptions,content,0.5267,0.5267,0.0,False
1937,Magazine_Subscriptions,billing,0.3031,-0.0516,-0.35469999999999996,True
1937,Magazine_Subscriptions,content,-0.026075000000000015,-0.16104999999999997,-0.13497499999999996,True
1938,Magazine_Subscriptions,content,0.438,0.0729,-0.3651,True
1939,Magazine_Subscriptions,content,-0.4168,0.0,0.4168,True
1940,Magazine_Subscriptions,advertising,0.47635,0.47635,0.0,False
1941,Magazine_Subscriptions,content,0.1703,0.09524285714285716,-0.07505714285714285,True
1942,Magazine_Subscriptions,quality,0.7906,0.7906,0.0,False
1942,Magazine_Subscriptions,content,0.7906,0.7906,0.0,False
1943,Magazine_Subscriptions,content,0.34,0.34,0.0,False
1944,Magazine_Subscriptions,content,0.7906,0.7906,0.0,False
1946,Magazine_Subscriptions,advertising,0.0,0.0,0.0,False
1947,Magazine_Subscriptions,billing,0.2942,0.2942,0.0,False
1947,Magazine_Subscriptions,price,0.277,0.1471,-0.12990000000000002,True
1947,Magazine_Subscriptions,advertising,0.232875,0.232875,0.0,False
1947,Magazine_Subscriptions,content,0.2192,0.2192,0.0,False
1948,Magazine_Subscriptions,content,0.29635,0.0,-0.29635,True
1949,Magazine_Subscriptions,content,0.4019,0.4019,0.0,False
1950,Magazine_Subscriptions,content,0.6476999999999999,0.6476999999999999,0.0,False
1952,Magazine_Subscriptions,content,0.6249,0.6249,0.0,False
1953,Magazine_Subscriptions,content,0.46645000000000003,0.46645000000000003,0.0,False
1955,Magazine_Subscriptions,content,0.6249,0.6249,0.0,False
1957,Magazine_Subscriptions,billing,0.0,0.0,0.0,False
1959,Magazine_Subscriptions,content,0.7825,0.39125,-0.39125,True
1962,Magazine_Subscriptions,billing,-0.0258,-0.0258,0.0,False
1962,Magazine_Subscriptions,content,-0.0129,-0.0129,0.0,False
1962,Magazine_Subscriptions,price,-0.0258,-0.0258,0.0,False
1965,Magazine_Subscriptions,delivery,0.5574,0.5574,0.0,False
1965,Magazine_Subscriptions,content,0.7096,0.7096,0.0,False
1967,Magazine_Subscriptions,content,0.9001,0.9001,0.0,False
1968,Magazine_Subscriptions,content,0.35445,0.35445,0.0,False
1971,Magazine_Subscriptions,content,0.0772,0.0772,0.0,False
1972,Magazine_Subscriptions,content,0.0,0.0,0.0,False
1976,Magazine_Subscriptions,price,0.4215,0.4215,0.0,False
1981,Magazine_Subscriptions,price,0.6369,0.6369,0.0,False
1983,Magazine_Subscriptions,advertising,-0.5474,-0.5474,0.0,False
1984,Magazine_Subscriptions,advertising,0.4215,0.4215,0.0,False
1984,Magazine_Subscriptions,content,0.4215,0.4215,0.0,False
1985,Magazine_Subscriptions,content,-0.3875,-0.3875,0.0,False
1986,Magazine_Subscriptions,content,0.12078,0.12078,0.0,False
1986,Magazine_Subscriptions,quality,0.2716,0.2716,0.0,False
1986,Magazine_Subscriptions,price,0.0,0.0,0.0,False
1996,Magazine_Subscriptions,advertising,0.0,0.0,0.0,False
1996,Magazine_Subscriptions,billing,0.0,0.0,0.0,False
1997,Magazine_Subscriptions,content,0.4019,0.4019,0.0,False
1997,Magazine_Subscriptions,price,0.0772,0.0772,0.0,False
1998,Magazine_Subscriptions,content,0.7906,0.7906,0.0,False
2001,Magazine_Subscriptions,advertising,0.0,0.0,0.0,False
2001,Magazine_Subscriptions,content,0.22730000000000003,0.22730000000000003,0.0,False
2002,Magazine_Subscriptions,content,0.0,0.0,0.0,False
2003,Magazine_Subscriptions,advertising,0.0,0.0,0.0,False
2007,Magazine_Subscriptions,content,0.0,0.0,0.0,False
2008,Magazine_Subscriptions,billing,0.0,0.0,0.0,False
2011,Magazine_Subscriptions,content,0.0,0.0,0.0,False
2012,Magazine_Subscriptions,price,0.6249,0.6249,0.0,False
2014,Magazine_Subscriptions,quality,0.0,0.0,0.0,False
2015,Magazine_Subscriptions,content,0.408225,0.408225,0.0,False
2016,Magazine_Subscriptions,quality,0.5267,0.5267,0.0,False
2016,Magazine_Subscriptions,content,0.4215,0.4215,0.0,False
2023,Magazine_Subscriptions,content,0.4754,0.4754,0.0,False
2025,Magazine_Subscriptions,content,-0.2382,0.7506,0.9888,True
2026,Magazine_Subscriptions,content,0.6879,0.6879,0.0,False
2028,Magazine_Subscriptions,advertising,0.0,0.0,0.0,False
2031,Magazine_Subscriptions,content,0.6369,0.6369,0.0,False
2032,Magazine_Subscriptions,billing,0.0,0.0,0.0,False
2036,Magazine_Subscriptions,price,0.6588,0.6588,0.0,False
2038,Magazine_Subscriptions,advertising,0.4404,0.4404,0.0,False
2039,Magazine_Subscriptions,billing,-0.2023,-0.2023,0.0,False
2039,Magazine_Subscriptions,delivery,-0.5267,-0.5267,0.0,False
2041,Magazine_Subscriptions,content,0.3291,0.0,-0.3291,True
2042,Magazine_Subscriptions,content,0.8519,0.8519,0.0,False
2044,Magazine_Subscriptions,billing,0.0608,0.0608,0.0,False
2044,Magazine_Subscriptions,content,-0.296,-0.296,0.0,False
2044,Magazine_Subscriptions,price,0.0608,0.0608,0.0,False
2045,Magazine_Subscriptions,billing,0.0,0.0,0.0,False
2047,Magazine_Subscriptions,content,0.4215,0.4215,0.0,False
2050,Magazine_Subscriptions,content,0.6511,0.6511,0.0,False
2053,Magazine_Subscriptions,quality,0.6908,0.6908,0.0,False
2053,Magazine_Subscriptions,content,0.52345,0.52345,0.0,False
2054,Magazine_Subscriptions,content,0.6249,0.6249,0.0,False
2055,Magazine_Subscriptions,content,0.8779,0.8779,0.0,False
2057,Magazine_Subscriptions,customer_service,0.0,0.0,0.0,False
2058,Magazine_Subscriptions,price,0.0,0.0,0.0,False
2061,Magazine_Subscriptions,advertising,-0.34,-0.34,0.0,False
2061,Magazine_Subscriptions,content,-0.12206666666666666,-0.12206666666666666,0.0,False
2061,Magazine_Subscriptions,price,-0.1695,-0.1695,0.0,False
2063,Magazine_Subscriptions,price,0.6588,0.6588,0.0,False
2065,Magazine_Subscriptions,content,0.807,0.807,0.0,False
2067,Magazine_Subscriptions,content,0.8016,0.8016,0.0,False
2077,Magazine_Subscriptions,price,0.2263,0.2263,0.0,False
2078,Magazine_Subscriptions,delivery,0.0,0.0,0.0,False
2080,Magazine_Subscriptions,billing,0.0,0.0,0.0,False
2080,Magazine_Subscriptions,content,0.0,0.0,0.0,False
2080,Magazine_Subscriptions,delivery,0.0,0.0,0.0,False
2082,Magazine_Subscriptions,delivery,0.5719,0.5719,0.0,False
2083,Magazine_Subscriptions,content,-0.4767,-0.4767,0.0,False
2084,Magazine_Subscriptions,price,-0.1695,-0.1695,0.0,False
2085,Magazine_Subscriptions,delivery,0.06819999999999998,0.06819999999999998,0.0,False
2085,Magazine_Subscriptions,content,0.9022,0.9022,0.0,False
2088,Magazine_Subscriptions,content,0.13655,0.13655,0.0,False
2090,Magazine_Subscriptions,billing,0.0,0.0,0.0,False
2090,Magazine_Subscriptions,content,-0.4019,-0.4019,0.0,False
2092,Magazine_Subscriptions,content,0.6893,0.6893,0.0,False
2095,Magazine_Subscriptions,advertising,0.6588,0.6588,0.0,False
2095,Magazine_Subscriptions,content,0.6369,0.6369,0.0,False
2097,Magazine_Subscriptions,billing,-0.14395,-0.14395,0.0,False
2097,Magazine_Subscriptions,content,-0.2621,-0.2621,0.0,False
2098,Magazine_Subscriptions,content,0.4939,0.4939,0.0,False
2099,Magazine_Subscriptions,content,-0.5859,-0.5859,0.0,False
2104,Magazine_Subscriptions,content,-0.4336,-0.4336,0.0,False
2106,Magazine_Subscriptions,price,0.6249,0.6249,0.0,False
2108,Magazine_Subscriptions,advertising,0.0,0.0,0.0,False
2108,Magazine_Subscriptions,content,-0.6697,-0.6697,0.0,False
2108,Magazine_Subscriptions,price,0.3883,0.3883,0.0,False
2110,Magazine_Subscriptions,content,0.4215,0.4215,0.0,False
2110,Magazine_Subscriptions,quality,-0.0516,-0.0516,0.0,False
2110,Magazine_Subscriptions,price,0.4939,0.4939,0.0,False
2112,Magazine_Subscriptions,quality,0.4215,0.4215,0.0,False
2117,Magazine_Subscriptions,delivery,0.0,0.0,0.0,False
2117,Magazine_Subscriptions,price,0.25,0.25,0.0,False
2119,Magazine_Subscriptions,billing,0.6093500000000001,0.0,-0.6093500000000001,True
2119,Magazine_Subscriptions,customer_service,0.9297,0.9297,0.0,False
2119,Magazine_Subscriptions,price,0.6093500000000001,0.5386500000000001,-0.07069999999999999,True
2119,Magazine_Subscriptions,content,0.5360999999999999,0.5360999999999999,0.0,False
2120,Magazine_Subscriptions,delivery,0.0,0.0,0.0,False
2120,Magazine_Subscriptions,content,0.0,0.0,0.0,False
2122,Magazine_Subscriptions,content,0.5719,0.5719,0.0,False
2123,Magazine_Subscriptions,content,-0.02483333333333332,-0.02483333333333332,0.0,False
2124,Magazine_Subscriptions,content,0.0,0.0,0.0,False
2125,Magazine_Subscriptions,content,0.26335,0.26335,0.0,False
2126,Magazine_Subscriptions,billing,0.9177,0.9177,0.0,False
2126,Magazine_Subscriptions,content,0.76435,0.68765,-0.07669999999999999,True
2126,Magazine_Subscriptions,price,0.90985,0.90985,0.0,False
2128,Magazine_Subscriptions,content,0.6369,0.6369,0.0,False
2129,Magazine_Subscriptions,price,0.908,0.908,0.0,False
2130,Magazine_Subscriptions,billing,0.34,0.34,0.0,False
2130,Magazine_Subscriptions,content,0.31245,0.31245,0.0,False
2130,Magazine_Subscriptions,customer_service,0.34,0.34,0.0,False
2131,Magazine_Subscriptions,content,0.8126,0.5719,-0.24070000000000003,True
2133,Magazine_Subscriptions,content,0.6249,0.6249,0.0,False
2136,Magazine_Subscriptions,content,-0.1706,-0.1706,0.0,False
2137,Magazine_Subscriptions,content,0.8481,0.8481,0.0,False
2138,Magazine_Subscriptions,quality,0.0772,0.0772,0.0,False
2138,Magazine_Subscriptions,content,0.0772,0.0772,0.0,False
2139,Magazine_Subscriptions,price,0.743,0.743,0.0,False
2141,Magazine_Subscriptions,content,-0.1589,-0.1589,0.0,False
2142,Magazine_Subscriptions,content,0.4754,0.4754,0.0,False
2144,Magazine_Subscriptions,delivery,0.0,0.0,0.0,False
2144,Magazine_Subscriptions,content,0.0,0.0,0.0,False
2145,Magazine_Subscriptions,content,0.4574,0.4574,0.0,False
2147,Magazine_Subscriptions,content,0.0,0.0,0.0,False
2149,Magazine_Subscriptions,content,-0.4019,-0.4019,0.0,False
2150,Magazine_Subscriptions,content,0.8019499999999999,0.46155,-0.3403999999999999,True
2155,Magazine_Subscriptions,content,0.0,0.0,0.0,False
2157,Magazine_Subscriptions,content,0.6249,0.6249,0.0,False
2158,Magazine_Subscriptions,content,0.14060000000000003,0.14060000000000003,0.0,False
2159,Magazine_Subscriptions,price,0.18864999999999998,0.18864999999999998,0.0,False
2160,Magazine_Subscriptions,content,-0.47490000000000004,-0.47490000000000004,0.0,False
2161,Magazine_Subscriptions,quality,0.5719,0.0,-0.5719,True
2161,Magazine_Subscriptions,content,0.3246,0.303625,-0.02097500000000002,True
2166,Magazine_Subscriptions,content,0.0,0.0,0.0,False
2167,Magazine_Subscriptions,content,0.3886,0.3886,0.0,False
2168,Magazine_Subscriptions,content,0.5859,0.5859,0.0,False
2169,Magazine_Subscriptions,delivery,0.4767,0.4767,0.0,False
2169,Magazine_Subscriptions,content,0.2083,0.2083,0.0,False
2173,Magazine_Subscriptions,content,0.4939,0.4939,0.0,False
2174,Magazine_Subscriptions,content,0.0,0.0,0.0,False
2175,Magazine_Subscriptions,billing,-0.21075,0.0,0.21075,True
2175,Magazine_Subscriptions,customer_service,-0.4404,-0.4404,0.0,False
2176,Magazine_Subscriptions,content,-0.0258,-0.0258,0.0,False
2180,Magazine_Subscriptions,content,0.0516,-0.1531,-0.20470000000000002,True
2181,Magazine_Subscriptions,advertising,0.705,0.3612,-0.34379999999999994,True
2181,Magazine_Subscriptions,content,0.705,0.49905,-0.20594999999999997,True
2183,Magazine_Subscriptions,price,0.4215,0.4215,0.0,False
2183,Magazine_Subscriptions,content,0.6249,0.6249,0.0,False
2184,Magazine_Subscriptions,billing,-0.128,-0.128,0.0,False
2184,Magazine_Subscriptions,content,0.036750000000000005,0.036750000000000005,0.0,False
2185,Magazine_Subscriptions,content,0.6249,0.6249,0.0,False
2187,Magazine_Subscriptions,content,0.31845,0.31845,0.0,False
2188,Magazine_Subscriptions,content,0.0,0.0,0.0,False
2189,Magazine_Subscriptions,billing,0.5719,0.5719,0.0,False
2189,Magazine_Subscriptions,price,0.2235,0.2235,0.0,False
2190,Magazine_Subscriptions,billing,0.2235,0.2235,0.0,False
2190,Magazine_Subscriptions,content,-0.25855,-0.25855,0.0,False
2191,Magazine_Subscriptions,price,0.6249,0.6249,0.0,False
2192,Magazine_Subscriptions,content,0.3612,0.3612,0.0,False
2193,Magazine_Subscriptions,quality,-0.296,-0.296,0.0,False
2193,Magazine_Subscriptions,content,0.1924,0.1924,0.0,False
2194,Magazine_Subscriptions,content,0.0,0.0,0.0,False
2194,Magazine_Subscriptions,customer_service,0.6467,0.6467,0.0,False
2194,Magazine_Subscriptions,delivery,0.32335,0.32335,0.0,False
2196,Magazine_Subscriptions,billing,0.0,0.0,0.0,False
2200,Magazine_Subscriptions,billing,-0.25,-0.25,0.0,False
2200,Magazine_Subscriptions,content,0.0,0.0,0.0,False
2201,Magazine_Subscriptions,content,0.6249,0.6249,0.0,False
2204,Magazine_Subscriptions,content,0.02429999999999999,0.02429999999999999,0.0,False
2207,Magazine_Subscriptions,billing,0.9711,0.9711,0.0,False
2207,Magazine_Subscriptions,quality,0.0516,0.0516,0.0,False
2207,Magazine_Subscriptions,advertising,0.2668,0.2668,0.0,False
2207,Magazine_Subscriptions,content,0.1389,0.1389,0.0,False
2209,Magazine_Subscriptions,billing,-0.25,-0.25,0.0,False
2209,Magazine_Subscriptions,delivery,-0.3724,-0.3724,0.0,False
2209,Magazine_Subscriptions,price,0.5321,0.5321,0.0,False
2209,Magazine_Subscriptions,advertising,0.5321,0.5321,0.0,False
2209,Magazine_Subscriptions,content,0.08825000000000001,0.08825000000000001,0.0,False
2211,Magazine_Subscriptions,content,0.8834,0.9118,0.028400000000000092,True
2211,Magazine_Subscriptions,delivery,-0.5707,-0.5707,0.0,False
2211,Magazine_Subscriptions,packaging,0.6908,0.6908,0.0,False
2212,Magazine_Subscriptions,content,0.88655,0.88655,0.0,False
2216,Magazine_Subscriptions,content,0.4939,0.4939,0.0,False
2217,Magazine_Subscriptions,customer_service,0.6705,0.4939,-0.17659999999999998,True
2220,Magazine_Subscriptions,price,0.7906,0.7906,0.0,False
2221,Magazine_Subscriptions,content,0.4939,0.4939,0.0,False
2224,Magazine_Subscriptions,delivery,0.7545,0.7545,0.0,False
2225,Magazine_Subscriptions,advertising,-0.7644,-0.7644,0.0,False
2225,Magazine_Subscriptions,content,0.0,0.0,0.0,False
2226,Magazine_Subscriptions,price,0.5093,0.5093,0.0,False
2226,Magazine_Subscriptions,content,0.8519,0.8519,0.0,False
2229,Magazine_Subscriptions,content,0.6249,0.6249,0.0,False
2230,Magazine_Subscriptions,delivery,0.7147,0.7147,0.0,False
2232,Magazine_Subscriptions,billing,0.0,0.0,0.0,False
2232,Magazine_Subscriptions,content,-0.19096666666666665,-0.058550000000000005,0.13241666666666663,True
2234,Magazine_Subscriptions,delivery,0.2144,0.0,-0.2144,True
2235,Magazine_Subscriptions,content,0.0,0.0,0.0,False
2236,Magazine_Subscriptions,price,-0.6651,-0.5267,0.13840000000000008,True
2236,Magazine_Subscriptions,content,0.09505,0.0,-0.09505,True
2237,Magazine_Subscriptions,content,0.0,0.0,0.0,False
2237,Magazine_Subscriptions,price,0.0,0.0,0.0,False
2238,Magazine_Subscriptions,content,0.4215,0.4215,0.0,False
2240,Magazine_Subscriptions,billing,0.0,0.0,0.0,False
2240,Magazine_Subscriptions,content,0.765,0.765,0.0,False
2241,Magazine_Subscriptions,price,-0.1695,-0.1695,0.0,False
2243,Magazine_Subscriptions,price,-0.28975,-0.28975,0.0,False
2245,Magazine_Subscriptions,quality,0.8176,0.8176,0.0,False
2245,Magazine_Subscriptions,content,0.60975,0.60975,0.0,False
2246,Magazine_Subscriptions,content,0.743,0.743,0.0,False
2246,Magazine_Subscriptions,price,0.7269,0.7269,0.0,False
2248,Magazine_Subscriptions,content,0.0,0.0,0.0,False
2249,Magazine_Subscriptions,content,0.0,0.0,0.0,False
2250,Magazine_Subscriptions,customer_service,-0.296,-0.296,0.0,False
2251,Magazine_Subscriptions,billing,0.3612,-0.0516,-0.4128,True
2251,Magazine_Subscriptions,content,0.3612,0.17515,-0.18605000000000002,True
2252,Magazine_Subscriptions,content,0.69,0.69,0.0,False
2253,Magazine_Subscriptions,content,0.0,0.0,0.0,False
2255,Magazine_Subscriptions,billing,-0.5766,-0.2624,0.3142,True
2255,Magazine_Subscriptions,delivery,-0.4597,-0.49255,-0.03284999999999999,True
2255,Magazine_Subscriptions,advertising,-0.3612,-0.3612,0.0,False
2255,Magazine_Subscriptions,content,-0.1504,-0.20373333333333332,-0.053333333333333316,True
2257,Magazine_Subscriptions,quality,0.2023,0.2023,0.0,False
2257,Magazine_Subscriptions,price,0.2023,0.2023,0.0,False
2258,Magazine_Subscriptions,delivery,-0.34,-0.34,0.0,False
2259,Magazine_Subscriptions,content,0.6597,0.6597,0.0,False
2261,Magazine_Subscriptions,content,0.4588,0.4588,0.0,False
2263,Magazine_Subscriptions,content,0.6369,0.6369,0.0,False
2264,Magazine_Subscriptions,price,0.7506,0.7506,0.0,False
2265,Magazine_Subscriptions,billing,-0.34,-0.34,0.0,False
2265,Magazine_Subscriptions,content,0.0,0.0,0.0,False
2265,Magazine_Subscriptions,price,-0.34,-0.34,0.0,False
2267,Magazine_Subscriptions,delivery,0.5719,0.5719,0.0,False
2268,Magazine_Subscriptions,content,-0.0498,-0.0498,0.0,False
2270,Magazine_Subscriptions,billing,0.0,0.0,0.0,False
2271,Magazine_Subscriptions,quality,0.0762,0.0762,0.0,False
2271,Magazine_Subscriptions,content,0.8255,0.8255,0.0,False
2272,Magazine_Subscriptions,billing,-0.31905,-0.31905,0.0,False
2272,Magazine_Subscriptions,content,-0.2553,-0.2553,0.0,False
2272,Magazine_Subscriptions,delivery,-0.31905,-0.31905,0.0,False
2273,Magazine_Subscriptions,billing,0.8673,0.8673,0.0,False
2274,Magazine_Subscriptions,content,0.5256500000000001,0.5256500000000001,0.0,False
2276,Magazine_Subscriptions,content,0.4588,0.4588,0.0,False
2278,Magazine_Subscriptions,billing,0.1779,0.1779,0.0,False
2278,Magazine_Subscriptions,delivery,0.0,0.0,0.0,False
2278,Magazine_Subscriptions,price,0.1779,0.1779,0.0,False
2279,Magazine_Subscriptions,content,-0.0516,-0.0516,0.0,False
2281,Magazine_Subscriptions,content,-0.5897,-0.5897,0.0,False
2282,Magazine_Subscriptions,billing,0.7786,0.7786,0.0,False
2282,Magazine_Subscriptions,price,0.7786,0.7786,0.0,False
2283,Magazine_Subscriptions,content,0.4019,0.4019,0.0,False
2284,Magazine_Subscriptions,content,0.8402,0.8402,0.0,False
2285,Magazine_Subscriptions,content,0.7351,0.7351,0.0,False
2288,Magazine_Subscriptions,content,0.891,0.891,0.0,False
2289,Magazine_Subscriptions,advertising,0.6588,0.6588,0.0,False
2289,Magazine_Subscriptions,content,0.42445,0.2622666666666667,-0.1621833333333333,True
2297,Magazine_Subscriptions,content,0.29635,0.2202,-0.07615,True
2298,Magazine_Subscriptions,content,0.0,0.0,0.0,False
2299,Magazine_Subscriptions,content,0.8074,0.8074,0.0,False
2301,Magazine_Subscriptions,price,0.753,0.753,0.0,False
2302,Magazine_Subscriptions,content,0.5134,0.5134,0.0,False
2303,Magazine_Subscriptions,delivery,-0.7003,-0.7003,0.0,False
2304,Magazine_Subscriptions,price,0.0,0.0,0.0,False
2304,Magazine_Subscriptions,content,-0.4767,-0.4767,0.0,False
2305,Magazine_Subscriptions,content,-0.25,-0.25,0.0,False
2306,Magazine_Subscriptions,price,0.8439,0.8439,0.0,False
2306,Magazine_Subscriptions,content,0.8442,0.8442,0.0,False
2307,Magazine_Subscriptions,content,0.7043,0.3592,-0.3451,True
2308,Magazine_Subscriptions,content,0.0,0.0,0.0,False
2313,Magazine_Subscriptions,advertising,0.7311,0.4019,-0.3292,True
2316,Magazine_Subscriptions,content,0.6808,0.6808,0.0,False
2317,Magazine_Subscriptions,billing,0.4201,0.4201,0.0,False
2317,Magazine_Subscriptions,quality,-0.0258,-0.0258,0.0,False
2317,Magazine_Subscriptions,price,-0.0258,-0.0258,0.0,False
2317,Magazine_Subscriptions,advertising,-0.0258,-0.0258,0.0,False
2317,Magazine_Subscriptions,content,0.53805,0.53805,0.0,False
2318,Magazine_Subscriptions,content,0.0,0.0,0.0,False
2321,Magazine_Subscriptions,content,0.16577499999999998,0.16577499999999998,0.0,False
2329,Magazine_Subscriptions,price,0.0,0.0,0.0,False
2329,Magazine_Subscriptions,content,0.5095,0.5095,0.0,False
2332,Magazine_Subscriptions,advertising,0.0,0.0,0.0,False
2332,Magazine_Subscriptions,content,0.20095,0.20095,0.0,False
2333,Magazine_Subscriptions,content,0.4404,0.4404,0.0,False
2333,Magazine_Subscriptions,quality,0.0,0.0,0.0,False
2333,Magazine_Subscriptions,price,0.4404,0.4404,0.0,False
2334,Magazine_Subscriptions,content,0.6908,0.6908,0.0,False
2337,Magazine_Subscriptions,content,0.807,0.807,0.0,False
2342,Magazine_Subscriptions,content,0.6875,0.6875,0.0,False
2345,Magazine_Subscriptions,content,0.4765333333333333,0.43179999999999996,-0.04473333333333335,True
2346,Magazine_Subscriptions,content,0.5667,0.5667,0.0,False
2347,Magazine_Subscriptions,content,0.8765,0.0,-0.8765,True
2348,Magazine_Subscriptions,advertising,0.6369,0.3182,-0.31870000000000004,True
2349,Magazine_Subscriptions,advertising,0.0,0.0,0.0,False
2349,Magazine_Subscriptions,content,0.0,0.0,0.0,False
2349,Magazine_Subscriptions,quality,0.765,0.765,0.0,False
2351,Magazine_Subscriptions,billing,0.0,0.0,0.0,False
2351,Magazine_Subscriptions,quality,0.8402,0.8402,0.0,False
2351,Magazine_Subscriptions,advertising,0.4084,0.4084,0.0,False
2351,Magazine_Subscriptions,content,0.47986666666666666,0.47986666666666666,0.0,False
2352,Magazine_Subscriptions,content,-0.3862,0.3566,0.7427999999999999,True
2353,Magazine_Subscriptions,content,0.3278333333333333,0.3278333333333333,0.0,False
2354,Magazine_Subscriptions,billing,0.1779,0.1779,0.0,False
2354,Magazine_Subscriptions,content,-0.4585,-0.4585,0.0,False
2356,Magazine_Subscriptions,content,-0.4767,-0.4767,0.0,False
2357,Magazine_Subscriptions,billing,-0.3412,-0.3412,0.0,False
2359,Magazine_Subscriptions,quality,0.4927,0.4927,0.0,False
2360,Magazine_Subscriptions,content,0.6249,0.6249,0.0,False
2363,Magazine_Subscriptions,billing,-0.2755,-0.2755,0.0,False
2363,Magazine_Subscriptions,content,0.33525,0.33525,0.0,False
2363,Magazine_Subscriptions,quality,0.6705,0.6705,0.0,False
2365,Magazine_Subscriptions,billing,-0.25,-0.25,0.0,False
2371,Magazine_Subscriptions,advertising,0.9217,0.9217,0.0,False
2371,Magazine_Subscriptions,content,0.46085,0.46085,0.0,False
2372,Magazine_Subscriptions,content,0.6618999999999999,0.6618999999999999,0.0,False
2375,Magazine_Subscriptions,content,0.6597,0.6597,0.0,False
2376,Magazine_Subscriptions,advertising,0.059916666666666674,0.10136666666666666,0.04144999999999999,True
2376,Magazine_Subscriptions,content,0.337325,0.337325,0.0,False
2377,Magazine_Subscriptions,content,0.0,0.0,0.0,False
2378,Magazine_Subscriptions,content,0.1858,0.0,-0.1858,True
2379,Magazine_Subscriptions,content,0.3612,0.1806,-0.1806,True
2382,Magazine_Subscriptions,content,0.6808,0.6808,0.0,False
2383,Magazine_Subscriptions,content,0.03320000000000001,0.03260000000000002,-0.0005999999999999894,True
2383,Magazine_Subscriptions,delivery,0.714,0.3612,-0.35279999999999995,True
2383,Magazine_Subscriptions,price,-0.1316,0.2716,0.4032,True
2384,Magazine_Subscriptions,content,0.9307,0.9307,0.0,False
2385,Magazine_Subscriptions,advertising,-0.5719,-0.5719,0.0,False
2385,Magazine_Subscriptions,content,0.173375,0.1531,-0.020274999999999987,True
2385,Magazine_Subscriptions,price,-0.021466666666666665,-0.042666666666666665,-0.0212,True
2388,Magazine_Subscriptions,content,0.0,0.0,0.0,False
2389,Magazine_Subscriptions,advertising,0.0,0.0,0.0,False
2391,Magazine_Subscriptions,content,0.0,0.0,0.0,False
2397,Magazine_Subscriptions,billing,0.7003,0.7003,0.0,False
2397,Magazine_Subscriptions,content,0.0,0.0,0.0,False
2397,Magazine_Subscriptions,delivery,0.0,0.0,0.0,False
2398,Magazine_Subscriptions,content,0.4215,0.0,-0.4215,True
2401,Magazine_Subscriptions,content,0.2072,0.2072,0.0,False
2402,Magazine_Subscriptions,billing,-0.03510000000000002,-0.03510000000000002,0.0,False
2402,Magazine_Subscriptions,content,0.4404,0.4404,0.0,False
2402,Magazine_Subscriptions,delivery,0.3612,0.3612,0.0,False
2404,Magazine_Subscriptions,price,0.21075,0.21075,0.0,False
2405,Magazine_Subscriptions,advertising,0.23695,-0.011099999999999999,-0.24805,True
2405,Magazine_Subscriptions,content,0.1488857142857143,0.18305714285714286,0.034171428571428575,True
2405,Magazine_Subscriptions,customer_service,0.04329999999999999,0.04329999999999999,0.0,False
2407,Magazine_Subscriptions,content,-0.5346,-0.891,-0.35640000000000005,True
2410,Magazine_Subscriptions,content,0.4201,0.4201,0.0,False
2411,Magazine_Subscriptions,billing,0.0,0.0,0.0,False
2411,Magazine_Subscriptions,quality,0.3612,0.3612,0.0,False
2411,Magazine_Subscriptions,advertising,0.0,0.0,0.0,False
2411,Magazine_Subscriptions,content,0.39135,0.39135,0.0,False
2412,Magazine_Subscriptions,content,0.0,0.0,0.0,False
2413,Magazine_Subscriptions,delivery,-0.3382,-0.3382,0.0,False
2413,Magazine_Subscriptions,content,0.04019999999999999,0.04019999999999999,0.0,False
2414,Magazine_Subscriptions,content,0.5777,0.5777,0.0,False
2415,Magazine_Subscriptions,content,0.0,0.0,0.0,False
2417,Magazine_Subscriptions,content,0.0,0.0,0.0,False
2418,Magazine_Subscriptions,content,0.1072,0.0,-0.1072,True
2422,Magazine_Subscriptions,delivery,0.6249,0.6249,0.0,False
2422,Magazine_Subscriptions,content,0.6249,0.6249,0.0,False
2423,Magazine_Subscriptions,content,0.9256,0.9256,0.0,False
2424,Magazine_Subscriptions,advertising,0.1376,0.1376,0.0,False
2424,Magazine_Subscriptions,price,0.2382,0.0,-0.2382,True
2426,Magazine_Subscriptions,content,0.6808,0.6808,0.0,False
2427,Magazine_Subscriptions,content,-0.16105,-0.13149999999999998,0.02955000000000002,True
2430,Magazine_Subscriptions,advertising,-0.6196,-0.5678,0.05180000000000007,True
2430,Magazine_Subscriptions,price,-0.6196,-0.5678,0.05180000000000007,True
2431,Magazine_Subscriptions,advertising,0.5927,0.0,-0.5927,True
2431,Magazine_Subscriptions,delivery,0.5927,0.0,-0.5927,True
2432,Magazine_Subscriptions,content,0.4404,0.4404,0.0,False
2434,Magazine_Subscriptions,advertising,0.0,0.0,0.0,False
2434,Magazine_Subscriptions,billing,0.128,0.128,0.0,False
2435,Magazine_Subscriptions,quality,0.4215,0.4215,0.0,False
2435,Magazine_Subscriptions,content,0.4009,-0.2755,-0.6764,True
2437,Magazine_Subscriptions,billing,0.2144,0.0,-0.2144,True
2438,Magazine_Subscriptions,advertising,0.0,0.0,0.0,False
2438,Magazine_Subscriptions,content,0.0,0.0,0.0,False
2440,Magazine_Subscriptions,content,0.2732,0.4939,0.2207,True
2441,Magazine_Subscriptions,content,0.5994,0.5994,0.0,False
2442,Magazine_Subscriptions,content,0.64775,0.64775,0.0,False
2445,Magazine_Subscriptions,delivery,0.7579,0.7579,0.0,False
2445,Magazine_Subscriptions,content,0.7579,0.7579,0.0,False
2449,Magazine_Subscriptions,content,0.4574,0.4574,0.0,False
2450,Magazine_Subscriptions,content,0.3818,0.3818,0.0,False
2451,Magazine_Subscriptions,content,0.4939,0.4939,0.0,False
2458,Magazine_Subscriptions,billing,0.1909,0.0,-0.1909,True
2458,Magazine_Subscriptions,price,0.1909,0.0,-0.1909,True
2459,Magazine_Subscriptions,content,0.40080000000000005,0.40080000000000005,0.0,False
2460,Magazine_Subscriptions,content,0.5719,0.5719,0.0,False
2468,Magazine_Subscriptions,content,0.0,0.0,0.0,False
2469,Magazine_Subscriptions,price,0.0,0.0,0.0,False
2471,Magazine_Subscriptions,content,0.4019,0.4019,0.0,False
2472,Magazine_Subscriptions,quality,0.0,0.0,0.0,False
2472,Magazine_Subscriptions,content,0.0,0.0,0.0,False
2473,Magazine_Subscriptions,price,0.2263,0.2263,0.0,False
2473,Magazine_Subscriptions,content,0.6249,0.6249,0.0,False
2474,Magazine_Subscriptions,content,0.0,0.0,0.0,False
2475,Magazine_Subscriptions,billing,0.5106,0.5106,0.0,False
2476,Magazine_Subscriptions,content,0.8271,0.8271,0.0,False
2476,Magazine_Subscriptions,price,0.8271,0.8271,0.0,False
2480,Magazine_Subscriptions,billing,-0.2732,-0.2732,0.0,False
2480,Magazine_Subscriptions,content,-0.4215,0.0,0.4215,True
2482,Magazine_Subscriptions,billing,0.09,0.1779,0.0879,True
2483,Magazine_Subscriptions,advertising,0.0,0.0,0.0,False
2485,Magazine_Subscriptions,price,-0.4215,-0.4215,0.0,False
2485,Magazine_Subscriptions,content,0.006399999999999993,0.0638142857142857,0.0574142857142857,True
2486,Magazine_Subscriptions,content,0.0,0.0,0.0,False
2487,Magazine_Subscriptions,quality,0.4939,0.4939,0.0,False
2487,Magazine_Subscriptions,content,0.39225,0.39225,0.0,False
2489,Magazine_Subscriptions,content,0.8316,0.8316,0.0,False
2492,Magazine_Subscriptions,content,0.5267,0.5267,0.0,False
2493,Magazine_Subscriptions,content,0.0,0.0,0.0,False
2495,Magazine_Subscriptions,content,0.5719,0.5719,0.0,False
2500,Magazine_Subscriptions,content,0.8625,0.8625,0.0,False
2501,Magazine_Subscriptions,content,0.0,0.0,0.0,False
2503,Magazine_Subscriptions,price,0.4404,0.4404,0.0,False
2505,Magazine_Subscriptions,content,0.8402,0.8402,0.0,False
2506,Magazine_Subscriptions,billing,-0.2755,-0.2755,0.0,False
2508,Magazine_Subscriptions,content,0.75545,0.75545,0.0,False
2510,Magazine_Subscriptions,billing,0.0,0.0,0.0,False
2510,Magazine_Subscriptions,delivery,0.14016666666666666,0.14016666666666666,0.0,False
2510,Magazine_Subscriptions,price,0.0,0.0,0.0,False
2510,Magazine_Subscriptions,packaging,-0.25,-0.25,0.0,False
2510,Magazine_Subscriptions,content,0.043933333333333324,0.043933333333333324,0.0,False
2511,Magazine_Subscriptions,content,0.4588,0.4588,0.0,False
2512,Magazine_Subscriptions,delivery,0.5994,0.5994,0.0,False
2512,Magazine_Subscriptions,price,0.4926,0.4926,0.0,False
2515,Magazine_Subscriptions,advertising,0.0,0.0,0.0,False
2515,Magazine_Subscriptions,content,0.2288,0.2288,0.0,False
2515,Magazine_Subscriptions,price,0.0,0.0,0.0,False
2517,Magazine_Subscriptions,advertising,-0.2263,-0.2263,0.0,False
2517,Magazine_Subscriptions,billing,-0.25,-0.25,0.0,False
2517,Magazine_Subscriptions,content,0.5106,0.5106,0.0,False
2519,Magazine_Subscriptions,content,0.0772,0.0772,0.0,False
2520,Magazine_Subscriptions,delivery,0.0,0.0,0.0,False
2520,Magazine_Subscriptions,content,0.28595,0.28595,0.0,False
2522,Magazine_Subscriptions,content,0.770425,0.49954,-0.27088500000000004,True
2526,Magazine_Subscriptions,price,0.21355000000000002,0.20253333333333334,-0.011016666666666675,True
2527,Magazine_Subscriptions,quality,0.4404,0.4404,0.0,False
2527,Magazine_Subscriptions,content,0.48845000000000005,0.49985,0.011399999999999966,True
2528,Magazine_Subscriptions,content,0.3773,0.3773,0.0,False
2530,Magazine_Subscriptions,billing,-0.1806,-0.1806,0.0,False
2533,Magazine_Subscriptions,advertising,0.5927,0.0,-0.5927,True
2533,Magazine_Subscriptions,content,0.5927,0.4404,-0.1523,True
2533,Magazine_Subscriptions,price,0.6249,0.6249,0.0,False
2534,Magazine_Subscriptions,content,0.7744500000000001,0.7744500000000001,0.0,False
2537,Magazine_Subscriptions,content,0.4939,0.4939,0.0,False
2538,Magazine_Subscriptions,content,0.0,0.0,0.0,False
2540,Magazine_Subscriptions,quality,-0.1531,-0.296,-0.14289999999999997,True
2540,Magazine_Subscriptions,content,-0.1531,0.0,0.1531,True
2542,Magazine_Subscriptions,content,0.2228,0.2228,0.0,False
2543,Magazine_Subscriptions,content,0.7269,0.7269,0.0,False
2544,Magazine_Subscriptions,billing,0.5106,0.5106,0.0,False
2545,Magazine_Subscriptions,delivery,0.0,0.0,0.0,False
2545,Magazine_Subscriptions,price,-0.3818,-0.3818,0.0,False
2545,Magazine_Subscriptions,advertising,0.005025000000000002,0.005025000000000002,0.0,False
2545,Magazine_Subscriptions,content,0.0,0.0,0.0,False
2547,Magazine_Subscriptions,content,0.7783,0.0,-0.7783,True
2549,Magazine_Subscriptions,price,0.0,0.0,0.0,False
2549,Magazine_Subscriptions,content,0.296,0.296,0.0,False
2551,Magazine_Subscriptions,price,0.6892,0.6892,0.0,False
2553,Magazine_Subscriptions,price,0.8126,0.8126,0.0,False
2559,Magazine_Subscriptions,content,0.0,0.0,0.0,False
2561,Magazine_Subscriptions,content,0.7184,0.7184,0.0,False
2563,Magazine_Subscriptions,delivery,0.0,0.0,0.0,False
2563,Magazine_Subscriptions,content,0.0,0.0,0.0,False
2564,Magazine_Subscriptions,content,0.29989999999999994,0.3576,0.05770000000000003,True
2566,Magazine_Subscriptions,content,0.69445,0.69445,0.0,False
2568,Magazine_Subscriptions,price,0.5574,0.5574,0.0,False
2569,Magazine_Subscriptions,billing,0.3182,0.3182,0.0,False
2569,Magazine_Subscriptions,price,0.3182,0.3182,0.0,False
2571,Magazine_Subscriptions,advertising,0.0,0.0,0.0,False
2571,Magazine_Subscriptions,content,0.0,0.0,0.0,False
2573,Magazine_Subscriptions,content,0.4404,0.4404,0.0,False
2576,Magazine_Subscriptions,billing,0.14579999999999999,0.14579999999999999,0.0,False
2576,Magazine_Subscriptions,content,0.14579999999999999,0.14579999999999999,0.0,False
2578,Magazine_Subscriptions,content,0.148,0.148,0.0,False
2579,Magazine_Subscriptions,price,0.6369,0.6369,0.0,False
2580,Magazine_Subscriptions,content,0.28595,0.28595,0.0,False
2581,Magazine_Subscriptions,content,0.8074,0.8074,0.0,False
2583,Magazine_Subscriptions,billing,0.4404,0.4404,0.0,False
2583,Magazine_Subscriptions,content,0.0,0.0,0.0,False
2586,Magazine_Subscriptions,content,0.0,0.0,0.0,False
2588,Magazine_Subscriptions,content,0.0,0.0,0.0,False
2589,Magazine_Subscriptions,content,0.6249,0.6249,0.0,False
2591,Magazine_Subscriptions,content,0.8519,0.8519,0.0,False
2593,Magazine_Subscriptions,advertising,0.0,0.0,0.0,False
2593,Magazine_Subscriptions,billing,0.2263,0.2263,0.0,False
2593,Magazine_Subscriptions,content,-0.05432,-0.05432,0.0,False
2594,Magazine_Subscriptions,billing,0.4404,0.4404,0.0,False
2595,Magazine_Subscriptions,content,0.8402,0.8402,0.0,False
2596,Magazine_Subscriptions,content,0.3294,0.3294,0.0,False
2598,Magazine_Subscriptions,content,0.4576,0.4576,0.0,False
2599,Magazine_Subscriptions,content,0.6249,0.6249,0.0,False
2601,Magazine_Subscriptions,price,0.6249,0.6249,0.0,False
2603,Magazine_Subscriptions,content,0.6908,0.6908,0.0,False
2605,Magazine_Subscriptions,price,0.4939,0.4939,0.0,False
2607,Magazine_Subscriptions,content,0.3612,0.3612,0.0,False
2608,Magazine_Subscriptions,advertising,0.3919,0.2732,-0.11870000000000003,True
2608,Magazine_Subscriptions,content,0.19595,0.0,-0.19595,True
2610,Magazine_Subscriptions,content,0.6325000000000001,0.6325000000000001,0.0,False
2614,Magazine_Subscriptions,advertising,0.0,0.0,0.0,False
2616,Magazine_Subscriptions,content,0.48305000000000003,0.48305000000000003,0.0,False
2618,Magazine_Subscriptions,billing,0.7322,0.7322,0.0,False
2618,Magazine_Subscriptions,content,0.6361,0.6361,0.0,False
2619,Magazine_Subscriptions,price,0.5719,0.5719,0.0,False
2620,Magazine_Subscriptions,delivery,-0.2023,-0.2023,0.0,False
2623,Magazine_Subscriptions,content,0.5719,0.5719,0.0,False
2626,Magazine_Subscriptions,advertising,0.4201,0.4201,0.0,False
2628,Magazine_Subscriptions,content,0.0,0.0,0.0,False
2630,Magazine_Subscriptions,content,0.6249,0.6249,0.0,False
2635,Magazine_Subscriptions,content,0.0,0.0,0.0,False
2636,Magazine_Subscriptions,content,0.0,0.0,0.0,False
2638,Magazine_Subscriptions,content,0.7351,0.7351,0.0,False
2639,Magazine_Subscriptions,billing,-0.11234999999999998,-0.11234999999999998,0.0,False
2639,Magazine_Subscriptions,delivery,-0.0258,-0.0258,0.0,False
2639,Magazine_Subscriptions,price,-0.3338,-0.38634999999999997,-0.052549999999999986,True
2639,Magazine_Subscriptions,advertising,-0.3182,-0.3182,0.0,False
2639,Magazine_Subscriptions,content,-0.38433333333333336,-0.38433333333333336,0.0,False
2642,Magazine_Subscriptions,content,-0.1027,0.0,0.1027,True
2646,Magazine_Subscriptions,content,0.6705,0.6705,0.0,False
2647,Magazine_Subscriptions,delivery,0.1027,0.0,-0.1027,True
2649,Magazine_Subscriptions,billing,-0.25,-0.25,0.0,False
2653,Magazine_Subscriptions,quality,0.0,0.0,0.0,False
2653,Magazine_Subscriptions,content,0.0,0.0,0.0,False
2654,Magazine_Subscriptions,price,0.6588,0.6588,0.0,False
2656,Magazine_Subscriptions,price,0.4927,0.4927,0.0,False
2656,Magazine_Subscriptions,content,-0.0009,-0.0009,0.0,False
2658,Magazine_Subscriptions,billing,-0.6115,-0.6115,0.0,False
2661,Magazine_Subscriptions,content,0.8548,0.8548,0.0,False
2662,Magazine_Subscriptions,content,0.3612,0.3612,0.0,False
2663,Magazine_Subscriptions,price,0.6249,0.6249,0.0,False
2664,Magazine_Subscriptions,advertising,0.2411,0.2411,0.0,False
2664,Magazine_Subscriptions,content,0.12055,0.12055,0.0,False
2666,Magazine_Subscriptions,advertising,-0.296,-0.296,0.0,False
2667,Magazine_Subscriptions,content,-0.5256,-0.5256,0.0,False
2668,Magazine_Subscriptions,price,0.8074,0.8074,0.0,False
2668,Magazine_Subscriptions,content,0.735,0.735,0.0,False
2670,Magazine_Subscriptions,quality,0.4329,0.4329,0.0,False
2670,Magazine_Subscriptions,content,0.38504999999999995,0.38504999999999995,0.0,False
2671,Magazine_Subscriptions,content,0.6486,0.4939,-0.15469999999999995,True
2673,Magazine_Subscriptions,billing,-0.25,-0.25,0.0,False
2673,Magazine_Subscriptions,content,-0.296,-0.296,0.0,False
2674,Magazine_Subscriptions,advertising,0.5106,0.5106,0.0,False
2674,Magazine_Subscriptions,content,0.30073333333333335,0.30073333333333335,0.0,False
2676,Magazine_Subscriptions,billing,0.4215,0.4215,0.0,False
2678,Magazine_Subscriptions,content,0.5068,0.5068,0.0,False
2682,Magazine_Subscriptions,content,0.92735,0.85775,-0.0696,True
2683,Magazine_Subscriptions,content,0.7469,0.5994,-0.14749999999999996,True
2686,Magazine_Subscriptions,content,0.0,0.0,0.0,False
2686,Magazine_Subscriptions,price,0.10606666666666666,0.10606666666666666,0.0,False
2690,Magazine_Subscriptions,content,0.3818,0.6369,0.25510000000000005,True
2691,Magazine_Subscriptions,delivery,-0.128,-0.128,0.0,False
2694,Magazine_Subscriptions,billing,0.0,0.0,0.0,False
2694,Magazine_Subscriptions,content,0.28385,0.28385,0.0,False
2699,Magazine_Subscriptions,delivery,0.0,0.0,0.0,False
2700,Magazine_Subscriptions,billing,0.0772,0.0772,0.0,False
2700,Magazine_Subscriptions,content,-0.5423,-0.5423,0.0,False
2706,Magazine_Subscriptions,advertising,0.5499,0.0,-0.5499,True
2706,Magazine_Subscriptions,content,0.5499,0.4019,-0.14800000000000008,True
2708,Magazine_Subscriptions,content,0.0,0.0,0.0,False
2709,Magazine_Subscriptions,content,0.7351,0.7351,0.0,False
2711,Magazine_Subscriptions,content,0.4201,0.4201,0.0,False
2713,Magazine_Subscriptions,content,0.5106,0.5106,0.0,False
2715,Magazine_Subscriptions,content,0.7644,0.7644,0.0,False
2716,Magazine_Subscriptions,advertising,0.3612,0.3612,0.0,False
2716,Magazine_Subscriptions,content,0.31720000000000004,0.31720000000000004,0.0,False
2718,Magazine_Subscriptions,advertising,0.3612,0.3612,0.0,False
2718,Magazine_Subscriptions,content,0.3286,0.1806,-0.148,True
2720,Magazine_Subscriptions,advertising,0.0,0.0,0.0,False
2720,Magazine_Subscriptions,content,0.0,0.0,0.0,False
2720,Magazine_Subscriptions,price,0.0,0.0,0.0,False
2729,Magazine_Subscriptions,content,0.1806,0.3062,0.12560000000000002,True
2730,Magazine_Subscriptions,price,0.0,0.0,0.0,False
2732,Magazine_Subscriptions,billing,-0.34,-0.34,0.0,False
2732,Magazine_Subscriptions,price,0.23089999999999997,0.23089999999999997,0.0,False
2735,Magazine_Subscriptions,delivery,-0.59265,-0.59265,0.0,False
2736,Magazine_Subscriptions,billing,0.6908,0.6908,0.0,False
2737,Magazine_Subscriptions,advertising,0.0,0.0,0.0,False
2737,Magazine_Subscriptions,content,-0.208,-0.208,0.0,False
2737,Magazine_Subscriptions,price,0.15385,0.15385,0.0,False
2739,Magazine_Subscriptions,billing,0.2263,0.2263,0.0,False
2739,Magazine_Subscriptions,content,0.3898,0.3898,0.0,False
2741,Magazine_Subscriptions,content,0.0,0.0,0.0,False
2742,Magazine_Subscriptions,content,0.262625,0.262625,0.0,False
2744,Magazine_Subscriptions,content,0.0,0.0,0.0,False
2747,Magazine_Subscriptions,billing,0.68695,0.4158,-0.27114999999999995,True
2747,Magazine_Subscriptions,quality,0.0,0.0,0.0,False
2748,Magazine_Subscriptions,content,0.8689,0.8689,0.0,False
2748,Magazine_Subscriptions,price,0.7845,0.7845,0.0,False
2750,Magazine_Subscriptions,content,0.0,0.0,0.0,False
2752,Magazine_Subscriptions,content,0.8765,0.7717,-0.1047999999999999,True
2754,Magazine_Subscriptions,billing,-0.6588,-0.6588,0.0,False
2756,Magazine_Subscriptions,billing,-0.296,-0.296,0.0,False
2763,Magazine_Subscriptions,content,0.5719,0.5719,0.0,False
2763,Magazine_Subscriptions,price,0.7783,0.7783,0.0,False
2766,Magazine_Subscriptions,delivery,0.0,0.0,0.0,False
2766,Magazine_Subscriptions,content,0.0,0.0,0.0,False
2767,Magazine_Subscriptions,content,0.31866,0.3537199999999999,0.035059999999999925,True
2768,Magazine_Subscriptions,content,0.7964,0.7964,0.0,False
2774,Magazine_Subscriptions,content,0.2168,0.2168,0.0,False
2775,Magazine_Subscriptions,content,0.8316,0.8316,0.0,False
2776,Magazine_Subscriptions,content,0.48279999999999995,0.48279999999999995,0.0,False
2780,Magazine_Subscriptions,content,0.7358666666666668,0.44229999999999997,-0.2935666666666668,True
2781,Magazine_Subscriptions,delivery,0.7717,0.7717,0.0,False
2781,Magazine_Subscriptions,quality,0.7717,0.7717,0.0,False
2782,Magazine_Subscriptions,advertising,-0.10114999999999999,-0.08593333333333332,0.01521666666666667,True
2782,Magazine_Subscriptions,content,0.4574,0.4019,-0.055499999999999994,True
2784,Magazine_Subscriptions,content,-0.033,-0.033,0.0,False
2786,Magazine_Subscriptions,billing,-0.25,-0.25,0.0,False
2786,Magazine_Subscriptions,content,-0.25,-0.25,0.0,False
2786,Magazine_Subscriptions,price,0.0,0.0,0.0,False
2788,Magazine_Subscriptions,content,-0.6486,-0.6486,0.0,False
2792,Magazine_Subscriptions,advertising,0.0,0.0,0.0,False
2793,Magazine_Subscriptions,price,0.0,0.0,0.0,False
2796,Magazine_Subscriptions,content,0.7906,0.7906,0.0,False
2798,Magazine_Subscriptions,billing,-0.34,-0.34,0.0,False
2798,Magazine_Subscriptions,price,0.23089999999999997,0.23089999999999997,0.0,False
2800,Magazine_Subscriptions,content,0.44820000000000004,0.44820000000000004,0.0,False
2802,Magazine_Subscriptions,content,0.270375,0.15794999999999998,-0.112425,True
2804,Magazine_Subscriptions,content,0.5947,0.5947,0.0,False
2807,Magazine_Subscriptions,content,0.0,0.0,0.0,False
2808,Magazine_Subscriptions,content,0.7845,0.7845,0.0,False
2812,Magazine_Subscriptions,billing,0.0,0.0,0.0,False
2813,Magazine_Subscriptions,delivery,0.7163,0.7163,0.0,False
2813,Magazine_Subscriptions,price,0.7163,0.7163,0.0,False
2815,Magazine_Subscriptions,delivery,0.0,0.0,0.0,False
2818,Magazine_Subscriptions,delivery,0.7644,0.7644,0.0,False
2818,Magazine_Subscriptions,content,0.7644,0.7644,0.0,False
2819,Magazine_Subscriptions,content,0.6908,0.6908,0.0,False
2822,Magazine_Subscriptions,price,0.6249,0.6249,0.0,False
2824,Magazine_Subscriptions,content,0.0,0.0,0.0,False
2826,Magazine_Subscriptions,advertising,0.8271,0.8271,0.0,False
2827,Magazine_Subscriptions,content,0.3685,0.0747,-0.2938,True
2830,Magazine_Subscriptions,quality,0.8555,0.8555,0.0,False
2831,Magazine_Subscriptions,content,0.8516,0.8516,0.0,False
2836,Magazine_Subscriptions,advertising,-0.1027,-0.1027,0.0,False
2836,Magazine_Subscriptions,content,0.0,0.0,0.0,False
2837,Magazine_Subscriptions,content,0.7906,0.7906,0.0,False
2839,Magazine_Subscriptions,advertising,0.3612,0.3612,0.0,False
2839,Magazine_Subscriptions,content,0.521,0.40080000000000005,-0.12019999999999997,True
2841,Magazine_Subscriptions,price,0.7269,0.7269,0.0,False
2842,Magazine_Subscriptions,content,0.6588,0.6588,0.0,False
2843,Magazine_Subscriptions,content,0.6249,0.6249,0.0,False
2849,Magazine_Subscriptions,content,0.3326,0.0,-0.3326,True
2850,Magazine_Subscriptions,content,0.5719,0.5719,0.0,False
2852,Magazine_Subscriptions,quality,0.7096,0.7096,0.0,False
2852,Magazine_Subscriptions,price,0.7161666666666667,0.7161666666666667,0.0,False
2853,Magazine_Subscriptions,content,0.2267,0.2267,0.0,False
2854,Magazine_Subscriptions,advertising,-0.34,-0.34,0.0,False
2854,Magazine_Subscriptions,content,0.0,0.0,0.0,False
2854,Magazine_Subscriptions,price,-0.4703,-0.4703,0.0,False
2855,Magazine_Subscriptions,quality,0.5494,0.796,0.24660000000000004,True
2857,Magazine_Subscriptions,content,0.2188,0.2188,0.0,False
2858,Magazine_Subscriptions,content,0.4019,0.4019,0.0,False
2862,Magazine_Subscriptions,delivery,0.0,0.0,0.0,False
2865,Magazine_Subscriptions,advertising,-0.4759,-0.5367,-0.060799999999999965,True
2865,Magazine_Subscriptions,billing,-0.34474000000000005,-0.36914,-0.024399999999999977,True
2865,Magazine_Subscriptions,content,-0.4588,-0.4588,0.0,False
2867,Magazine_Subscriptions,content,0.8519,0.8519,0.0,False
2868,Magazine_Subscriptions,quality,0.7579,0.7579,0.0,False
2870,Magazine_Subscriptions,billing,-0.7334,-0.7334,0.0,False
2870,Magazine_Subscriptions,content,0.6249,0.6249,0.0,False
2872,Magazine_Subscriptions,quality,0.0,0.0,0.0,False
2872,Magazine_Subscriptions,content,0.3141,0.3141,0.0,False
2874,Magazine_Subscriptions,content,0.6369,0.6369,0.0,False
2875,Magazine_Subscriptions,billing,-0.25,-0.25,0.0,False
2875,Magazine_Subscriptions,content,0.28595,0.28595,0.0,False
2876,Magazine_Subscriptions,delivery,0.0,0.0,0.0,False
2879,Magazine_Subscriptions,billing,-0.5267,-0.5423,-0.015600000000000058,True
2879,Magazine_Subscriptions,price,-0.26335,-0.27115,-0.007800000000000029,True
2880,Magazine_Subscriptions,content,0.4404,0.4404,0.0,False
2881,Magazine_Subscriptions,price,0.6249,0.6249,0.0,False
2881,Magazine_Subscriptions,content,-0.08425,0.0386,0.12285000000000001,True
2883,Magazine_Subscriptions,content,0.6369,0.6369,0.0,False
2884,Magazine_Subscriptions,content,-0.4607,-0.5279,-0.06720000000000004,True
2887,Magazine_Subscriptions,billing,0.7003,0.7003,0.0,False
2889,Magazine_Subscriptions,content,0.61085,0.61085,0.0,False
2891,Magazine_Subscriptions,billing,-0.148,-0.148,0.0,False
2891,Magazine_Subscriptions,content,0.5696,0.49905,-0.07055,True
2891,Magazine_Subscriptions,delivery,-0.2732,-0.2732,0.0,False
2892,Magazine_Subscriptions,content,0.69355,0.69355,0.0,False
2892,Magazine_Subscriptions,price,0.6249,0.6249,0.0,False
2893,Magazine_Subscriptions,delivery,-0.296,-0.296,0.0,False
2893,Magazine_Subscriptions,content,-0.296,-0.296,0.0,False
2894,Magazine_Subscriptions,content,0.6956,0.4215,-0.2741,True
2895,Magazine_Subscriptions,advertising,0.0,0.0,0.0,False
2895,Magazine_Subscriptions,content,0.07655,0.07655,0.0,False
2895,Magazine_Subscriptions,price,0.0,0.0,0.0,False
2897,Magazine_Subscriptions,delivery,0.0,0.0,0.0,False
2897,Magazine_Subscriptions,content,0.4088,0.4088,0.0,False
2902,Magazine_Subscriptions,content,0.7906,0.7906,0.0,False
2903,Magazine_Subscriptions,content,0.4019,0.4019,0.0,False
2905,Magazine_Subscriptions,advertising,0.1531,0.1531,0.0,False
2905,Magazine_Subscriptions,content,-0.6962,-0.6962,0.0,False
2905,Magazine_Subscriptions,quality,-0.6962,-0.6962,0.0,False
2913,Magazine_Subscriptions,price,0.0,0.0,0.0,False
2915,Magazine_Subscriptions,advertising,0.0,0.0,0.0,False
2915,Magazine_Subscriptions,content,0.0,0.0,0.0,False
2915,Magazine_Subscriptions,price,-0.5423,-0.5423,0.0,False
2916,Magazine_Subscriptions,quality,0.0,0.0,0.0,False
2916,Magazine_Subscriptions,content,0.0,0.0,0.0,False
2917,Magazine_Subscriptions,content,0.0,0.0,0.0,False
2917,Magazine_Subscriptions,price,0.0,0.0,0.0,False
2918,Magazine_Subscriptions,content,0.886,0.886,0.0,False
2919,Magazine_Subscriptions,content,0.5411,0.5411,0.0,False
2921,Magazine_Subscriptions,content,0.0,0.0,0.0,False
2924,Magazine_Subscriptions,billing,0.0772,0.0772,0.0,False
2924,Magazine_Subscriptions,content,0.3881333333333334,0.3881333333333334,0.0,False
2924,Magazine_Subscriptions,quality,0.4939,0.4939,0.0,False
2926,Magazine_Subscriptions,billing,0.34,0.34,0.0,False
2927,Magazine_Subscriptions,delivery,0.541,0.541,0.0,False
2927,Magazine_Subscriptions,content,0.541,0.541,0.0,False
2929,Magazine_Subscriptions,content,0.0,0.0,0.0,False
2930,Magazine_Subscriptions,content,0.435075,0.435075,0.0,False
2932,Magazine_Subscriptions,quality,0.9136,0.9136,0.0,False
2932,Magazine_Subscriptions,content,0.8069500000000001,0.8069500000000001,0.0,False
2933,Magazine_Subscriptions,content,0.7906,0.7906,0.0,False
2933,Magazine_Subscriptions,price,0.3724,0.3724,0.0,False
2936,Magazine_Subscriptions,advertising,0.0,0.0,0.0,False
2936,Magazine_Subscriptions,content,0.28396666666666665,0.28396666666666665,0.0,False
2936,Magazine_Subscriptions,quality,0.19063333333333332,0.19063333333333332,0.0,False
2937,Magazine_Subscriptions,billing,0.0,0.0,0.0,False
2940,Magazine_Subscriptions,content,0.8519,0.8519,0.0,False
2942,Magazine_Subscriptions,quality,0.4404,0.4404,0.0,False
2942,Magazine_Subscriptions,content,0.4404,0.4404,0.0,False
2943,Magazine_Subscriptions,content,0.8895,0.8895,0.0,False
2945,Magazine_Subscriptions,advertising,0.25,0.0,-0.25,True
2946,Magazine_Subscriptions,content,0.5822,0.5822,0.0,False
2950,Magazine_Subscriptions,content,0.5849,0.5849,0.0,False
2953,Magazine_Subscriptions,quality,-0.6113,-0.6113,0.0,False
2953,Magazine_Subscriptions,content,0.4404,0.4404,0.0,False
2954,Magazine_Subscriptions,price,0.0,0.0,0.0,False
2955,Magazine_Subscriptions,content,0.3745,0.3745,0.0,False
2960,Magazine_Subscriptions,content,0.0,0.0,0.0,False
2962,Magazine_Subscriptions,content,-0.020350000000000007,-0.020350000000000007,0.0,False
2966,Magazine_Subscriptions,price,0.0,0.0,0.0,False
2967,Magazine_Subscriptions,advertising,0.0,0.0,0.0,False
2968,Magazine_Subscriptions,price,0.0772,0.0772,0.0,False
2969,Magazine_Subscriptions,billing,0.4754,0.4754,0.0,False
2971,Magazine_Subscriptions,price,0.7899,0.7899,0.0,False
2972,Magazine_Subscriptions,content,0.2202,0.2202,0.0,False
2975,Magazine_Subscriptions,content,0.0,0.0,0.0,False
2976,Magazine_Subscriptions,delivery,0.9287,0.9287,0.0,False
2977,Magazine_Subscriptions,advertising,-0.34,-0.34,0.0,False
2978,Magazine_Subscriptions,content,0.3627666666666667,0.3627666666666667,0.0,False
2982,Magazine_Subscriptions,advertising,0.6249,0.6249,0.0,False
2984,Magazine_Subscriptions,billing,0.7964,0.7964,0.0,False
2984,Magazine_Subscriptions,content,-0.4003,-0.4003,0.0,False
2984,Magazine_Subscriptions,customer_service,-0.296,-0.296,0.0,False
2985,Magazine_Subscriptions,content,0.0,0.0,0.0,False
2986,Magazine_Subscriptions,billing,0.4215,0.4215,0.0,False
2986,Magazine_Subscriptions,content,0.4215,0.4215,0.0,False
2987,Magazine_Subscriptions,delivery,0.1901,0.0,-0.1901,True
2988,Magazine_Subscriptions,content,0.55315,0.55315,0.0,False
2989,Magazine_Subscriptions,content,0.7964,0.7964,0.0,False
2991,Magazine_Subscriptions,quality,0.5719,0.5719,0.0,False
2991,Magazine_Subscriptions,content,0.6249,0.6249,0.0,False
2992,Magazine_Subscriptions,content,0.0772,0.0772,0.0,False
2994,Magazine_Subscriptions,content,0.0,0.0,0.0,False
2995,Magazine_Subscriptions,content,0.5354,0.5354,0.0,False
2996,Magazine_Subscriptions,price,0.4404,0.4404,0.0,False
2998,Magazine_Subscriptions,content,0.0,0.0,0.0,False
3000,Magazine_Subscriptions,content,0.5207285714285714,0.5499428571428572,0.029214285714285748,True
3000,Magazine_Subscriptions,packaging,0.5859,0.5859,0.0,False
3000,Magazine_Subscriptions,price,0.7655000000000001,0.7655000000000001,0.0,False
3001,Magazine_Subscriptions,content,0.41960000000000003,0.41960000000000003,0.0,False
3002,Magazine_Subscriptions,billing,-0.5789,-0.39615,0.18274999999999997,True
3003,Magazine_Subscriptions,advertising,-0.548,-0.2315,0.3165,True
3003,Magazine_Subscriptions,content,-0.3386,-0.36765000000000003,-0.02905000000000002,True
3009,Magazine_Subscriptions,content,0.0,0.0,0.0,False
3011,Magazine_Subscriptions,content,0.7184,0.7184,0.0,False
3012,Magazine_Subscriptions,price,0.0,0.0,0.0,False
3013,Magazine_Subscriptions,content,0.3818,0.3818,0.0,False
3015,Magazine_Subscriptions,content,0.0,0.0,0.0,False
3016,Magazine_Subscriptions,content,-0.2023,-0.2023,0.0,False
3018,Magazine_Subscriptions,advertising,0.8905,0.8905,0.0,False
3018,Magazine_Subscriptions,content,0.6362,0.5074,-0.12880000000000003,True
3018,Magazine_Subscriptions,quality,0.0,0.0,0.0,False
3019,Magazine_Subscriptions,content,0.875,0.875,0.0,False
3022,Magazine_Subscriptions,billing,-0.25,-0.25,0.0,False
3023,Magazine_Subscriptions,price,0.8122,0.8122,0.0,False
3023,Magazine_Subscriptions,content,0.6249,0.6249,0.0,False
3024,Magazine_Subscriptions,advertising,0.02210000000000001,-0.125,-0.1471,True
3024,Magazine_Subscriptions,billing,0.29575,0.29575,0.0,False
3024,Magazine_Subscriptions,content,0.113025,0.113025,0.0,False
3027,Magazine_Subscriptions,content,0.4158,0.4158,0.0,False
3029,Magazine_Subscriptions,content,0.6369,0.6369,0.0,False
3030,Magazine_Subscriptions,content,-0.21075,-0.21075,0.0,False
3031,Magazine_Subscriptions,billing,0.1779,0.1779,0.0,False
3034,Magazine_Subscriptions,content,0.6249,0.6249,0.0,False
3038,Magazine_Subscriptions,content,0.2899,0.2899,0.0,False
3041,Magazine_Subscriptions,content,-0.037174999999999986,-0.04517499999999999,-0.008000000000000007,True
3043,Magazine_Subscriptions,advertising,0.0,0.0,0.0,False
3043,Magazine_Subscriptions,content,-0.743,0.4404,1.1834,True
3044,Magazine_Subscriptions,content,0.009199999999999986,0.009199999999999986,0.0,False
3047,Magazine_Subscriptions,content,0.0,0.0,0.0,False
3047,Magazine_Subscriptions,price,0.0,0.0,0.0,False
3049,Magazine_Subscriptions,price,0.8519,0.8519,0.0,False
3050,Magazine_Subscriptions,content,-0.7358,-0.746,-0.010199999999999987,True
3053,Magazine_Subscriptions,billing,-0.25,-0.25,0.0,False
3054,Magazine_Subscriptions,content,0.6369,0.6369,0.0,False
3056,Magazine_Subscriptions,billing,-0.25,-0.25,0.0,False
3056,Magazine_Subscriptions,price,-0.25,-0.25,0.0,False
3058,Magazine_Subscriptions,advertising,-0.1027,-0.1027,0.0,False
3058,Magazine_Subscriptions,content,0.22035000000000002,0.22035000000000002,0.0,False
3058,Magazine_Subscriptions,delivery,0.7384,0.7384,0.0,False
3064,Magazine_Subscriptions,advertising,0.6124,0.3612,-0.25120000000000003,True
3064,Magazine_Subscriptions,billing,0.0,0.0,0.0,False
3067,Magazine_Subscriptions,content,0.6652,0.5106,-0.15459999999999996,True
3067,Magazine_Subscriptions,price,0.2006,0.2006,0.0,False
3073,Magazine_Subscriptions,content,0.6597,0.4404,-0.21929999999999994,True
3075,Magazine_Subscriptions,content,0.7184,0.7184,0.0,False
3077,Magazine_Subscriptions,content,0.443,0.443,0.0,False
3079,Magazine_Subscriptions,quality,0.0,0.0,0.0,False
3081,Magazine_Subscriptions,price,0.2023,0.2023,0.0,False
3083,Magazine_Subscriptions,content,0.7494,0.7494,0.0,False
3085,Magazine_Subscriptions,advertising,-0.1779,0.0,0.1779,True
3086,Magazine_Subscriptions,content,0.0,0.0,0.0,False
3087,Magazine_Subscriptions,content,0.3612,0.3612,0.0,False
3089,Magazine_Subscriptions,content,0.5837,0.5837,0.0,False
3093,Magazine_Subscriptions,price,0.6249,0.6249,0.0,False
3095,Magazine_Subscriptions,billing,-0.5803,-0.5803,0.0,False
3095,Magazine_Subscriptions,price,-0.5803,-0.5803,0.0,False
3096,Magazine_Subscriptions,content,0.0433,-0.3252,-0.3685,True
3098,Magazine_Subscriptions,content,0.0,0.0,0.0,False
3099,Magazine_Subscriptions,price,0.4927,0.4927,0.0,False
3100,Magazine_Subscriptions,content,0.6369,0.6369,0.0,False
3101,Magazine_Subscriptions,content,0.38585,0.38585,0.0,False
3102,Magazine_Subscriptions,content,0.4314333333333334,0.4314333333333334,0.0,False
3103,Magazine_Subscriptions,billing,0.4927,0.4927,0.0,False
3104,Magazine_Subscriptions,content,0.3612,0.3056,-0.05560000000000004,True
3105,Magazine_Subscriptions,advertising,0.57965,0.57965,0.0,False
3105,Magazine_Subscriptions,price,0.0,0.0,0.0,False
3107,Magazine_Subscriptions,billing,-0.25,-0.25,0.0,False
3107,Magazine_Subscriptions,price,-0.12414999999999998,0.4939,0.61805,True
3107,Magazine_Subscriptions,advertising,0.0,0.0,0.0,False
3107,Magazine_Subscriptions,content,-0.3307333333333333,-0.3100333333333333,0.020699999999999996,True
3110,Magazine_Subscriptions,content,0.17083636363636365,0.13005,-0.04078636363636365,True
3113,Magazine_Subscriptions,billing,0.3182,0.3182,0.0,False
3114,Magazine_Subscriptions,content,0.31245,0.31245,0.0,False
3116,Magazine_Subscriptions,content,0.5719,0.5719,0.0,False
3116,Magazine_Subscriptions,delivery,0.5719,0.5719,0.0,False
3116,Magazine_Subscriptions,price,0.5719,0.5719,0.0,False
3117,Magazine_Subscriptions,billing,0.0,0.0,0.0,False
3117,Magazine_Subscriptions,packaging,0.0582,-0.2222,-0.2804,True
3125,Magazine_Subscriptions,content,0.0,0.0,0.0,False
3127,Magazine_Subscriptions,content,-0.5106,-0.5106,0.0,False
3129,Magazine_Subscriptions,content,0.6369,0.6369,0.0,False
3130,Magazine_Subscriptions,content,0.4939,0.4939,0.0,False
3133,Magazine_Subscriptions,billing,0.0,0.0,0.0,False
3134,Magazine_Subscriptions,content,-0.1695,-0.1695,0.0,False
3136,Magazine_Subscriptions,billing,0.0,0.0,0.0,False
3137,Magazine_Subscriptions,advertising,0.25935,0.0,-0.25935,True
3140,Magazine_Subscriptions,content,0.6249,0.6249,0.0,False
3141,Magazine_Subscriptions,content,0.6369,0.6369,0.0,False
3142,Magazine_Subscriptions,price,0.0,0.0,0.0,False
3142,Magazine_Subscriptions,content,0.05679999999999998,0.05679999999999998,0.0,False
3145,Magazine_Subscriptions,content,0.5928,0.5928,0.0,False
3146,Magazine_Subscriptions,content,0.4404,0.4404,0.0,False
3148,Magazine_Subscriptions,advertising,0.2997,0.2997,0.0,False
3148,Magazine_Subscriptions,content,0.039599999999999996,0.039599999999999996,0.0,False
3149,Magazine_Subscriptions,content,0.6249,0.6249,0.0,False
3150,Magazine_Subscriptions,content,0.4588,0.4588,0.0,False
3150,Magazine_Subscriptions,price,0.6249,0.6249,0.0,False
3151,Magazine_Subscriptions,content,0.1591,0.1591,0.0,False
3153,Magazine_Subscriptions,billing,0.0,0.0,0.0,False
3153,Magazine_Subscriptions,price,0.4276,0.4276,0.0,False
3153,Magazine_Subscriptions,advertising,0.0,0.0,0.0,False
3153,Magazine_Subscriptions,content,-0.416925,-0.416925,0.0,False
3154,Magazine_Subscriptions,content,0.4019,0.4019,0.0,False
3155,Magazine_Subscriptions,advertising,-0.1759,-0.1759,0.0,False
3155,Magazine_Subscriptions,content,-0.1759,-0.1759,0.0,False
3158,Magazine_Subscriptions,content,0.6249,0.6249,0.0,False
3159,Magazine_Subscriptions,content,0.26835,0.26835,0.0,False
3162,Magazine_Subscriptions,content,0.4271,0.4271,0.0,False
3163,Magazine_Subscriptions,billing,0.0,0.0,0.0,False
3164,Magazine_Subscriptions,content,0.8481,0.8481,0.0,False
3169,Magazine_Subscriptions,billing,0.2382,0.0,-0.2382,True
3170,Magazine_Subscriptions,price,0.0,0.0,0.0,False
3170,Magazine_Subscriptions,content,0.4576,0.4576,0.0,False
3171,Magazine_Subscriptions,content,0.8225,0.8225,0.0,False
3172,Magazine_Subscriptions,content,0.4576,0.4576,0.0,False
3173,Magazine_Subscriptions,delivery,0.3182,0.3182,0.0,False
3173,Magazine_Subscriptions,content,0.4939,0.4939,0.0,False
3174,Magazine_Subscriptions,price,0.3818,0.3818,0.0,False
3175,Magazine_Subscriptions,content,0.3612,0.3612,0.0,False
3176,Magazine_Subscriptions,quality,0.3182,0.3182,0.0,False
3176,Magazine_Subscriptions,content,-0.02743333333333331,-0.02743333333333331,0.0,False
3179,Magazine_Subscriptions,billing,-0.4019,-0.4019,0.0,False
3180,Magazine_Subscriptions,delivery,0.6114,0.6114,0.0,False
3181,Magazine_Subscriptions,content,0.47666666666666674,0.47666666666666674,0.0,False
3182,Magazine_Subscriptions,price,0.8402,0.8402,0.0,False
3185,Magazine_Subscriptions,advertising,0.0,0.0,0.0,False
3185,Magazine_Subscriptions,content,0.13085,0.0386,-0.09225,True
3186,Magazine_Subscriptions,advertising,0.8236,0.3478,-0.4758,True
3187,Magazine_Subscriptions,content,0.8481,0.8481,0.0,False
3188,Magazine_Subscriptions,advertising,0.0,0.0,0.0,False
3188,Magazine_Subscriptions,billing,-0.25,-0.25,0.0,False
3188,Magazine_Subscriptions,content,-0.1695,-0.1695,0.0,False
3190,Magazine_Subscriptions,content,0.0,0.0,0.0,False
3192,Magazine_Subscriptions,customer_service,0.8268,0.8268,0.0,False
3192,Magazine_Subscriptions,delivery,0.0,0.0,0.0,False
3192,Magazine_Subscriptions,price,0.0,0.0,0.0,False
3193,Magazine_Subscriptions,billing,0.4404,0.4404,0.0,False
3194,Magazine_Subscriptions,content,0.8316,0.8316,0.0,False
3195,Magazine_Subscriptions,content,0.0,0.0,0.0,False
3196,Magazine_Subscriptions,price,0.4939,0.4939,0.0,False
3196,Magazine_Subscriptions,content,-0.17020000000000002,-0.17020000000000002,0.0,False
3198,Magazine_Subscriptions,content,0.39893333333333336,0.39893333333333336,0.0,False
3199,Magazine_Subscriptions,billing,0.3612,0.3612,0.0,False
3200,Magazine_Subscriptions,price,0.4404,0.4404,0.0,False
3201,Magazine_Subscriptions,advertising,0.4588,0.4588,0.0,False
3203,Magazine_Subscriptions,content,0.0,0.0,0.0,False
3204,Magazine_Subscriptions,advertising,-0.5106,0.0,0.5106,True
3204,Magazine_Subscriptions,content,0.29473333333333335,0.2526333333333333,-0.042100000000000026,True
3205,Magazine_Subscriptions,advertising,-0.1695,-0.1695,0.0,False
3206,Magazine_Subscriptions,delivery,0.0,0.0,0.0,False
3206,Magazine_Subscriptions,content,0.0,0.0,0.0,False
3209,Magazine_Subscriptions,content,0.1806,0.1806,0.0,False
3209,Magazine_Subscriptions,quality,0.0065,0.0065,0.0,False
3209,Magazine_Subscriptions,price,0.3612,0.3612,0.0,False
3210,Magazine_Subscriptions,content,0.74095,0.74095,0.0,False
3213,Magazine_Subscriptions,content,0.2153,0.14955,-0.06575,True
3214,Magazine_Subscriptions,price,-0.2002,-0.2002,0.0,False
3214,Magazine_Subscriptions,content,0.4788333333333334,0.4788333333333334,0.0,False
3215,Magazine_Subscriptions,content,0.0,0.0,0.0,False
3216,Magazine_Subscriptions,advertising,0.0,0.0,0.0,False
3218,Magazine_Subscriptions,price,0.0,0.0,0.0,False
3218,Magazine_Subscriptions,packaging,0.0,0.0,0.0,False
3218,Magazine_Subscriptions,advertising,0.0,0.0,0.0,False
3218,Magazine_Subscriptions,content,0.370525,0.370525,0.0,False
3226,Magazine_Subscriptions,content,0.25,0.25,0.0,False
3226,Magazine_Subscriptions,customer_service,0.4215,0.4215,0.0,False
3226,Magazine_Subscriptions,delivery,0.25,0.25,0.0,False
3227,Magazine_Subscriptions,price,-0.2168,-0.2168,0.0,False
3227,Magazine_Subscriptions,content,-0.128,-0.128,0.0,False
3228,Magazine_Subscriptions,content,-0.5574,-0.5574,0.0,False
3229,Magazine_Subscriptions,content,0.5563,0.5563,0.0,False
3230,Magazine_Subscriptions,content,0.7506,0.7506,0.0,False
3232,Magazine_Subscriptions,content,-0.09670000000000001,-0.21356666666666668,-0.11686666666666667,True
3234,Magazine_Subscriptions,advertising,-0.3412,-0.3412,0.0,False
3235,Magazine_Subscriptions,content,0.0,0.0,0.0,False
3237,Magazine_Subscriptions,price,-0.2382,0.0,0.2382,True
3237,Magazine_Subscriptions,content,0.0212,0.0212,0.0,False
3239,Magazine_Subscriptions,advertising,0.5327500000000001,0.41825,-0.11450000000000005,True
3239,Magazine_Subscriptions,content,0.6958249999999999,0.5559399999999999,-0.13988500000000004,True
3239,Magazine_Subscriptions,quality,0.9034,0.7234,-0.17999999999999994,True
3240,Magazine_Subscriptions,content,-0.4574,0.0,0.4574,True
3242,Magazine_Subscriptions,advertising,0.3204,0.3204,0.0,False
3242,Magazine_Subscriptions,billing,0.3204,0.3204,0.0,False
3242,Magazine_Subscriptions,delivery,0.3204,0.3204,0.0,False
3244,Magazine_Subscriptions,advertising,0.0,0.0,0.0,False
3244,Magazine_Subscriptions,content,0.0,0.0,0.0,False
3245,Magazine_Subscriptions,billing,0.128,0.128,0.0,False
3245,Magazine_Subscriptions,content,0.22855,0.064,-0.16455,True
3246,Magazine_Subscriptions,price,0.6696,0.6696,0.0,False
3248,Magazine_Subscriptions,content,0.0,0.0,0.0,False
3249,Magazine_Subscriptions,billing,0.0471,0.03560000000000001,-0.011499999999999996,True
3249,Magazine_Subscriptions,packaging,0.0,0.0,0.0,False
3249,Magazine_Subscriptions,price,-0.5829,-0.5829,0.0,False
3250,Magazine_Subscriptions,content,0.0,0.0,0.0,False
3251,Magazine_Subscriptions,content,0.6466,0.6466,0.0,False
3252,Magazine_Subscriptions,advertising,0.4215,0.4215,0.0,False
3252,Magazine_Subscriptions,content,0.802,0.802,0.0,False
3253,Magazine_Subscriptions,advertising,0.1531,0.1531,0.0,False
3253,Magazine_Subscriptions,price,0.4215,0.4215,0.0,False
3256,Magazine_Subscriptions,content,0.0,0.0,0.0,False
3257,Magazine_Subscriptions,content,0.03366666666666667,0.03366666666666667,0.0,False
3259,Magazine_Subscriptions,advertising,0.0,0.0,0.0,False
3259,Magazine_Subscriptions,content,0.4037,0.4037,0.0,False
3260,Magazine_Subscriptions,content,-0.68365,-0.208,0.47565,True
3262,Magazine_Subscriptions,content,0.4019,0.4019,0.0,False
3263,Magazine_Subscriptions,billing,0.0,0.0,0.0,False
3263,Magazine_Subscriptions,content,0.6369,0.6369,0.0,False
3263,Magazine_Subscriptions,delivery,0.6369,0.6369,0.0,False
3266,Magazine_Subscriptions,billing,0.0,0.0,0.0,False
3266,Magazine_Subscriptions,content,0.14874444444444446,0.13964545454545454,-0.009098989898989912,True
3267,Magazine_Subscriptions,advertising,0.4019,0.4019,0.0,False
3269,Magazine_Subscriptions,delivery,0.6993,0.6369,-0.06240000000000001,True
3269,Magazine_Subscriptions,price,0.6993,0.3769,-0.3224,True
3270,Magazine_Subscriptions,quality,0.49970000000000003,0.4234,-0.07630000000000003,True
3270,Magazine_Subscriptions,content,0.15435,0.180025,0.025675000000000003,True
3271,Magazine_Subscriptions,advertising,0.4173,0.4173,0.0,False
3271,Magazine_Subscriptions,content,0.0,0.0,0.0,False
3273,Magazine_Subscriptions,delivery,0.7925,0.7925,0.0,False
3273,Magazine_Subscriptions,price,0.7925,0.7925,0.0,False
3274,Magazine_Subscriptions,content,0.4019,0.4019,0.0,False
3276,Magazine_Subscriptions,advertising,-0.2023,-0.2023,0.0,False
3276,Magazine_Subscriptions,billing,-0.22615000000000002,-0.22615000000000002,0.0,False
3279,Magazine_Subscriptions,advertising,0.2997,0.2997,0.0,False
3280,Magazine_Subscriptions,billing,0.3612,0.3612,0.0,False
3280,Magazine_Subscriptions,content,0.1655,0.0,-0.1655,True
3280,Magazine_Subscriptions,quality,0.3919,0.3612,-0.030700000000000005,True
3282,Magazine_Subscriptions,price,0.4926,0.4926,0.0,False
3284,Magazine_Subscriptions,content,0.3062,0.3062,0.0,False
3285,Magazine_Subscriptions,price,0.802,0.802,0.0,False
3286,Magazine_Subscriptions,advertising,0.3612,0.3612,0.0,False
3286,Magazine_Subscriptions,content,0.0,0.0,0.0,False
3287,Magazine_Subscriptions,billing,-0.25,-0.25,0.0,False
3287,Magazine_Subscriptions,price,0.1779,0.1779,0.0,False
3288,Magazine_Subscriptions,price,0.0,0.0,0.0,False
3289,Magazine_Subscriptions,price,0.6478,0.6478,0.0,False
3293,Magazine_Subscriptions,content,0.7047,0.7047,0.0,False
3294,Magazine_Subscriptions,content,0.5106,0.5106,0.0,False
3295,Magazine_Subscriptions,advertising,0.3612,0.3612,0.0,False
3295,Magazine_Subscriptions,content,0.4404,0.4404,0.0,False
3298,Magazine_Subscriptions,advertising,0.0,0.0,0.0,False
3299,Magazine_Subscriptions,advertising,0.1806,0.1806,0.0,False
3301,Magazine_Subscriptions,price,0.3774,0.3774,0.0,False
3301,Magazine_Subscriptions,content,0.7823,0.7823,0.0,False
3307,Magazine_Subscriptions,content,0.6486,0.6486,0.0,False
3307,Magazine_Subscriptions,price,0.13774999999999998,0.13774999999999998,0.0,False
3309,Magazine_Subscriptions,content,0.6249,0.6249,0.0,False
3311,Magazine_Subscriptions,quality,0.39325,0.2202,-0.17304999999999998,True
3311,Magazine_Subscriptions,content,0.5483,0.4005,-0.1478,True
3312,Magazine_Subscriptions,billing,-0.25,-0.25,0.0,False
3312,Magazine_Subscriptions,customer_service,-0.25,-0.25,0.0,False
3312,Magazine_Subscriptions,delivery,0.2202,0.2202,0.0,False
3312,Magazine_Subscriptions,content,-0.25,-0.25,0.0,False
3315,Magazine_Subscriptions,content,0.7823,0.7823,0.0,False
3316,Magazine_Subscriptions,delivery,0.0,0.0,0.0,False
3316,Magazine_Subscriptions,content,0.0,0.0,0.0,False
3318,Magazine_Subscriptions,content,0.31845,0.31845,0.0,False
3319,Magazine_Subscriptions,advertising,0.0,0.0,0.0,False
3319,Magazine_Subscriptions,content,0.5267,0.5267,0.0,False
3320,Magazine_Subscriptions,content,0.8658,0.8658,0.0,False
3323,Magazine_Subscriptions,content,0.7351,0.7351,0.0,False
3325,Magazine_Subscriptions,quality,0.4404,0.4404,0.0,False
3325,Magazine_Subscriptions,content,0.4404,0.4404,0.0,False
3326,Magazine_Subscriptions,billing,0.1877,0.1877,0.0,False
3326,Magazine_Subscriptions,delivery,0.18116666666666667,0.18116666666666667,0.0,False
3326,Magazine_Subscriptions,price,-0.4588,-0.4588,0.0,False
3326,Magazine_Subscriptions,content,0.07116,0.07116,0.0,False
3330,Magazine_Subscriptions,billing,0.0,0.0,0.0,False
3330,Magazine_Subscriptions,content,0.3953,0.3953,0.0,False
3335,Magazine_Subscriptions,quality,-0.7275,-0.7275,0.0,False
3335,Magazine_Subscriptions,content,-0.4527,-0.4527,0.0,False
3337,Magazine_Subscriptions,content,0.0,0.0,0.0,False
3337,Magazine_Subscriptions,customer_service,0.6486,0.6486,0.0,False
3341,Magazine_Subscriptions,content,0.6573,0.6573,0.0,False
3343,Magazine_Subscriptions,content,0.0,0.0,0.0,False
3343,Magazine_Subscriptions,quality,0.0,0.0,0.0,False
3343,Magazine_Subscriptions,price,0.792,0.792,0.0,False
3344,Magazine_Subscriptions,billing,0.124875,0.124875,0.0,False
3349,Magazine_Subscriptions,content,0.3182,0.3182,0.0,False
3352,Magazine_Subscriptions,content,0.1191,0.2202,0.10110000000000001,True
3353,Magazine_Subscriptions,content,0.3871,0.3871,0.0,False
3354,Magazine_Subscriptions,billing,0.7269,0.7269,0.0,False
3354,Magazine_Subscriptions,quality,0.5574,0.5574,0.0,False
3354,Magazine_Subscriptions,delivery,0.0,0.0,0.0,False
3354,Magazine_Subscriptions,content,-0.25035,-0.25035,0.0,False
3355,Magazine_Subscriptions,content,0.4019,0.4019,0.0,False
3356,Magazine_Subscriptions,advertising,-0.7351,-0.7351,0.0,False
3356,Magazine_Subscriptions,content,-0.7351,-0.7351,0.0,False
3356,Magazine_Subscriptions,delivery,-0.7351,-0.7351,0.0,False
3360,Magazine_Subscriptions,content,0.27658571428571427,0.27317142857142857,-0.003414285714285703,True
3363,Magazine_Subscriptions,billing,-0.34,-0.34,0.0,False
3363,Magazine_Subscriptions,price,-0.13190000000000002,-0.13190000000000002,0.0,False
3367,Magazine_Subscriptions,content,0.4404,0.4404,0.0,False
3367,Magazine_Subscriptions,packaging,0.0,0.0,0.0,False
3368,Magazine_Subscriptions,content,0.4404,0.4404,0.0,False
3370,Magazine_Subscriptions,price,0.4404,0.4404,0.0,False
3377,Magazine_Subscriptions,content,0.802,0.802,0.0,False
3378,Magazine_Subscriptions,content,0.7184,0.7184,0.0,False
3380,Magazine_Subscriptions,content,-0.1591,-0.1591,0.0,False
3382,Magazine_Subscriptions,price,0.5719,0.5719,0.0,False
3384,Magazine_Subscriptions,content,0.6249,0.6249,0.0,False
3385,Magazine_Subscriptions,billing,0.3612,0.3612,0.0,False
3386,Magazine_Subscriptions,content,0.31245,0.31245,0.0,False
3387,Magazine_Subscriptions,billing,-0.25,-0.25,0.0,False
3387,Magazine_Subscriptions,content,0.4404,0.4404,0.0,False
3391,Magazine_Subscriptions,content,0.6588,0.6588,0.0,False
3395,Magazine_Subscriptions,billing,-0.05035,-0.05035,0.0,False
3395,Magazine_Subscriptions,content,-0.2628,-0.2628,0.0,False
3398,Magazine_Subscriptions,content,-0.2411,-0.2411,0.0,False
3399,Magazine_Subscriptions,quality,0.3612,0.3612,0.0,False
3399,Magazine_Subscriptions,content,0.3612,0.3612,0.0,False
3402,Magazine_Subscriptions,delivery,0.4404,0.4404,0.0,False
3403,Magazine_Subscriptions,content,0.47565,0.20095,-0.27470000000000006,True
3404,Magazine_Subscriptions,price,0.6725,0.603,-0.0695,True
3406,Magazine_Subscriptions,quality,0.5719,0.5719,0.0,False
3407,Magazine_Subscriptions,advertising,0.0,0.0,0.0,False
3409,Magazine_Subscriptions,advertising,0.0,0.0,0.0,False
3409,Magazine_Subscriptions,content,-0.32625,-0.32625,0.0,False
3411,Magazine_Subscriptions,content,0.6369,0.6369,0.0,False
3414,Magazine_Subscriptions,billing,-0.5472,-0.2023,0.3449,True
3416,Magazine_Subscriptions,price,0.0387,0.8519,0.8132,True
3419,Magazine_Subscriptions,price,0.4404,0.4404,0.0,False
3423,Magazine_Subscriptions,content,0.2732,0.2732,0.0,False
3424,Magazine_Subscriptions,advertising,-0.3744,-0.3744,0.0,False
3424,Magazine_Subscriptions,content,0.2275,0.12525,-0.10225000000000001,True
3424,Magazine_Subscriptions,price,0.5574,0.5574,0.0,False
3427,Magazine_Subscriptions,billing,-0.23929999999999998,-0.23929999999999998,0.0,False
3428,Magazine_Subscriptions,content,0.7371,0.7371,0.0,False
3429,Magazine_Subscriptions,billing,0.242,-0.0346,-0.2766,True
3430,Magazine_Subscriptions,price,0.0,0.0,0.0,False
3433,Magazine_Subscriptions,quality,0.3179,0.3179,0.0,False
3434,Magazine_Subscriptions,price,0.7841,0.7841,0.0,False
3436,Magazine_Subscriptions,delivery,0.3716,0.0,-0.3716,True
3437,Magazine_Subscriptions,content,0.875,0.875,0.0,False
3439,Magazine_Subscriptions,content,0.4728,0.4728,0.0,False
3441,Magazine_Subscriptions,content,0.31245,0.31245,0.0,False
3442,Magazine_Subscriptions,content,0.0,0.0,0.0,False
3442,Magazine_Subscriptions,delivery,0.2263,0.2263,0.0,False
3442,Magazine_Subscriptions,price,0.0,0.0,0.0,False
3444,Magazine_Subscriptions,content,0.9641,0.7906,-0.1735,True
3446,Magazine_Subscriptions,delivery,0.5093,0.5093,0.0,False
3451,Magazine_Subscriptions,price,0.0,0.0,0.0,False
3452,Magazine_Subscriptions,delivery,0.2294,0.15293333333333334,-0.07646666666666666,True
3452,Magazine_Subscriptions,content,0.15293333333333334,0.15293333333333334,0.0,False
3453,Magazine_Subscriptions,billing,0.128,0.128,0.0,False
3456,Magazine_Subscriptions,price,-0.296,-0.296,0.0,False
3457,Magazine_Subscriptions,billing,0.0,0.0,0.0,False
3457,Magazine_Subscriptions,price,0.7964,0.2263,-0.5701,True
3459,Magazine_Subscriptions,content,0.0,0.0,0.0,False
3460,Magazine_Subscriptions,content,0.9337,0.9337,0.0,False
3461,Magazine_Subscriptions,content,0.8271,0.8271,0.0,False
3463,Magazine_Subscriptions,content,0.7397,0.7397,0.0,False
3466,Magazine_Subscriptions,price,0.5719,0.5719,0.0,False
3472,Magazine_Subscriptions,advertising,0.0,0.0,0.0,False
3473,Magazine_Subscriptions,delivery,0.0,0.0,0.0,False
3473,Magazine_Subscriptions,content,0.0,0.0,0.0,False
3474,Magazine_Subscriptions,content,0.7579,0.7579,0.0,False
3475,Magazine_Subscriptions,content,0.4404,0.4404,0.0,False
3476,Magazine_Subscriptions,advertising,0.0,0.0,0.0,False
3477,Magazine_Subscriptions,advertising,-0.2755,-0.2755,0.0,False
3477,Magazine_Subscriptions,content,-0.2755,-0.2755,0.0,False
3478,Magazine_Subscriptions,content,0.1746,0.1746,0.0,False
3479,Magazine_Subscriptions,billing,-0.5256,-0.5256,0.0,False
3480,Magazine_Subscriptions,delivery,0.0,0.0,0.0,False
3481,Magazine_Subscriptions,price,0.9442,-0.1511,-1.0953,True
3483,Magazine_Subscriptions,content,0.0,0.0,0.0,False
3486,Magazine_Subscriptions,content,0.2732,0.0,-0.2732,True
3486,Magazine_Subscriptions,customer_service,-0.0258,-0.0258,0.0,False
3487,Magazine_Subscriptions,content,0.0,0.0,0.0,False
3488,Magazine_Subscriptions,content,0.4939,0.4939,0.0,False
3490,Magazine_Subscriptions,content,0.180725,0.308375,0.12765,True
3491,Magazine_Subscriptions,content,0.0,0.0,0.0,False
3491,Magazine_Subscriptions,customer_service,-0.4404,-0.4404,0.0,False
3491,Magazine_Subscriptions,price,-0.0516,-0.0516,0.0,False
3492,Magazine_Subscriptions,quality,0.8658,0.8658,0.0,False
3492,Magazine_Subscriptions,content,0.41429999999999995,0.379025,-0.035274999999999945,True
3497,Magazine_Subscriptions,content,0.296,0.0,-0.296,True
3500,Magazine_Subscriptions,quality,0.8015,0.8015,0.0,False
3500,Magazine_Subscriptions,content,0.5994,0.5994,0.0,False
3501,Magazine_Subscriptions,advertising,0.2732,0.2732,0.0,False
3501,Magazine_Subscriptions,content,0.08360000000000001,0.08360000000000001,0.0,False
3503,Magazine_Subscriptions,content,0.3612,0.3612,0.0,False
3504,Magazine_Subscriptions,content,0.61815,0.61815,0.0,False
3506,Magazine_Subscriptions,content,0.6908,0.6908,0.0,False
3508,Magazine_Subscriptions,content,0.9392,0.9392,0.0,False
3509,Magazine_Subscriptions,content,0.0,0.0,0.0,False
3510,Magazine_Subscriptions,billing,-0.15353333333333333,-0.15353333333333333,0.0,False
3510,Magazine_Subscriptions,price,0.0,0.0,0.0,False
3511,Magazine_Subscriptions,delivery,0.0,0.0,0.0,False
3512,Magazine_Subscriptions,billing,-0.4939,-0.4939,0.0,False
3516,Magazine_Subscriptions,content,0.1822,0.1822,0.0,False
3520,Magazine_Subscriptions,billing,0.0,0.0,0.0,False
3520,Magazine_Subscriptions,content,0.4521,0.4521,0.0,False
3522,Magazine_Subscriptions,content,0.6249,0.6249,0.0,False
3524,Magazine_Subscriptions,advertising,0.0,0.0,0.0,False
3528,Magazine_Subscriptions,content,0.10296666666666666,0.10296666666666666,0.0,False
3531,Magazine_Subscriptions,billing,0.0,0.0,0.0,False
3532,Magazine_Subscriptions,content,0.6115,0.6115,0.0,False
3533,Magazine_Subscriptions,content,0.6249,0.6249,0.0,False
3535,Magazine_Subscriptions,price,0.9337,0.9337,0.0,False
3538,Magazine_Subscriptions,price,0.7269,0.7269,0.0,False
3538,Magazine_Subscriptions,content,0.0,0.0,0.0,False
3541,Magazine_Subscriptions,content,0.8625,0.8625,0.0,False
3544,Magazine_Subscriptions,billing,0.0772,0.0772,0.0,False
3546,Magazine_Subscriptions,content,0.5815,0.5815,0.0,False
3549,Magazine_Subscriptions,content,0.6249,0.6249,0.0,False
3552,Magazine_Subscriptions,billing,-0.545,-0.3134,0.23160000000000003,True
3553,Magazine_Subscriptions,advertising,0.0,0.0,0.0,False
3553,Magazine_Subscriptions,content,0.0,0.0,0.0,False
3554,Magazine_Subscriptions,billing,0.4767,0.4767,0.0,False
3555,Magazine_Subscriptions,advertising,0.0,0.0,0.0,False
3555,Magazine_Subscriptions,content,0.0,0.0,0.0,False
3556,Magazine_Subscriptions,content,0.34735,0.34735,0.0,False
3557,Magazine_Subscriptions,price,-0.3699,-0.3699,0.0,False
3558,Magazine_Subscriptions,content,-0.5267,-0.5267,0.0,False
3560,Magazine_Subscriptions,price,0.49515000000000003,0.36819999999999997,-0.12695000000000006,True
3561,Magazine_Subscriptions,billing,0.0,0.0,0.0,False
3561,Magazine_Subscriptions,content,0.4912,0.4404,-0.05080000000000001,True
3563,Magazine_Subscriptions,advertising,0.0767,0.0767,0.0,False
3563,Magazine_Subscriptions,price,0.2263,0.2263,0.0,False
3565,Magazine_Subscriptions,content,0.0,0.0,0.0,False
3570,Magazine_Subscriptions,advertising,0.0,0.0,0.0,False
3573,Magazine_Subscriptions,content,0.0,0.0,0.0,False
3575,Magazine_Subscriptions,price,-0.4019,-0.4019,0.0,False
3575,Magazine_Subscriptions,content,-0.3326,-0.2553,0.07729999999999998,True
3577,Magazine_Subscriptions,content,0.6249,0.6249,0.0,False
3579,Magazine_Subscriptions,content,0.8129,0.8129,0.0,False
3580,Magazine_Subscriptions,content,0.3384,0.3384,0.0,False
3582,Magazine_Subscriptions,content,-0.07483333333333335,-0.05612500000000001,0.01870833333333334,True
3584,Magazine_Subscriptions,content,0.3548,0.3548,0.0,False
3584,Magazine_Subscriptions,price,0.40615,0.3548,-0.05135000000000001,True
3585,Magazine_Subscriptions,content,0.0,0.0,0.0,False
3586,Magazine_Subscriptions,content,0.8481,0.8481,0.0,False
3588,Magazine_Subscriptions,price,0.5984,0.5984,0.0,False
3590,Magazine_Subscriptions,advertising,0.6597,0.6597,0.0,False
3590,Magazine_Subscriptions,content,0.6597,0.6597,0.0,False
3595,Magazine_Subscriptions,content,0.47209999999999996,0.47209999999999996,0.0,False
3596,Magazine_Subscriptions,content,0.0,0.0,0.0,False
3597,Magazine_Subscriptions,content,0.9178,0.9178,0.0,False
3598,Magazine_Subscriptions,content,0.27115,0.27115,0.0,False
3599,Magazine_Subscriptions,advertising,0.0772,0.0772,0.0,False
3599,Magazine_Subscriptions,content,0.0772,0.0772,0.0,False
3599,Magazine_Subscriptions,price,-0.4215,-0.4215,0.0,False
3600,Magazine_Subscriptions,billing,0.0,0.0,0.0,False
3601,Magazine_Subscriptions,advertising,0.7717,0.7717,0.0,False
3602,Magazine_Subscriptions,content,0.5551,0.5551,0.0,False
3604,Magazine_Subscriptions,price,0.5719,0.5719,0.0,False
3610,Magazine_Subscriptions,billing,0.1139,0.1139,0.0,False
3610,Magazine_Subscriptions,content,0.46580000000000005,0.46580000000000005,0.0,False
3610,Magazine_Subscriptions,price,0.2944,0.2944,0.0,False
3611,Magazine_Subscriptions,content,0.2942,0.2942,0.0,False
3613,Magazine_Subscriptions,price,0.0,0.0,0.0,False
3613,Magazine_Subscriptions,content,-0.04880000000000001,0.03225,0.08105000000000001,True
3617,Magazine_Subscriptions,content,0.4019,0.4019,0.0,False
3618,Magazine_Subscriptions,content,-0.1531,-0.1531,0.0,False
3619,Magazine_Subscriptions,price,0.08625,0.08625,0.0,False
3619,Magazine_Subscriptions,content,0.35365,0.35365,0.0,False
3621,Magazine_Subscriptions,price,0.3875,0.3875,0.0,False
3621,Magazine_Subscriptions,content,0.08262499999999999,0.025099999999999997,-0.05752499999999999,True
3622,Magazine_Subscriptions,content,0.0,0.0,0.0,False
3627,Magazine_Subscriptions,content,0.3832,0.3832,0.0,False
3629,Magazine_Subscriptions,content,0.6249,0.6249,0.0,False
3630,Magazine_Subscriptions,content,-0.4767,-0.4767,0.0,False
3631,Magazine_Subscriptions,content,0.4404,0.4404,0.0,False
3633,Magazine_Subscriptions,billing,0.2263,-0.25,-0.4763,True
3635,Magazine_Subscriptions,content,0.3612,0.3612,0.0,False
3636,Magazine_Subscriptions,billing,0.4404,0.4404,0.0,False
3636,Magazine_Subscriptions,content,0.0,0.0,0.0,False
3636,Magazine_Subscriptions,price,0.4404,0.4404,0.0,False
3637,Magazine_Subscriptions,price,0.6988,0.6988,0.0,False
3639,Magazine_Subscriptions,content,0.0,0.0,0.0,False
3640,Magazine_Subscriptions,content,0.6249,0.6249,0.0,False
3641,Magazine_Subscriptions,content,0.6249,0.6249,0.0,False
3642,Magazine_Subscriptions,billing,0.1779,0.1779,0.0,False
3642,Magazine_Subscriptions,price,0.2787,0.2787,0.0,False
3643,Magazine_Subscriptions,quality,0.7003,0.7003,0.0,False
3643,Magazine_Subscriptions,content,0.0,0.0,0.0,False
3644,Magazine_Subscriptions,content,0.3612,0.3612,0.0,False
3645,Magazine_Subscriptions,content,0.4939,0.4939,0.0,False
3649,Magazine_Subscriptions,billing,0.31845,0.31845,0.0,False
3649,Magazine_Subscriptions,content,0.0,0.0,0.0,False
3650,Magazine_Subscriptions,price,0.0,0.0,0.0,False
3650,Magazine_Subscriptions,content,0.0,0.0,0.0,False
3654,Magazine_Subscriptions,advertising,0.8271,0.6705,-0.15659999999999996,True
3657,Magazine_Subscriptions,advertising,0.0,0.0,0.0,False
3658,Magazine_Subscriptions,content,0.7579,0.7579,0.0,False
3659,Magazine_Subscriptions,billing,0.1877,0.1877,0.0,False
3664,Magazine_Subscriptions,price,0.4588,0.4588,0.0,False
3664,Magazine_Subscriptions,content,0.55925,0.55925,0.0,False
3665,Magazine_Subscriptions,advertising,0.3182,0.3182,0.0,False
3665,Magazine_Subscriptions,content,0.3182,0.3182,0.0,False
3666,Magazine_Subscriptions,content,0.8225,0.8225,0.0,False
3668,Magazine_Subscriptions,content,0.5574,0.5574,0.0,False
3670,Magazine_Subscriptions,content,0.4927,0.4927,0.0,False
3671,Magazine_Subscriptions,content,-0.3818,-0.3818,0.0,False
3674,Magazine_Subscriptions,billing,0.0,0.0,0.0,False
3674,Magazine_Subscriptions,content,0.0,0.0,0.0,False
3675,Magazine_Subscriptions,content,0.0,0.0,0.0,False
3676,Magazine_Subscriptions,advertising,-0.3287,-0.3252,0.003500000000000003,True
3676,Magazine_Subscriptions,billing,0.4391,0.4391,0.0,False
3676,Magazine_Subscriptions,content,0.0368,0.25243333333333334,0.21563333333333334,True
3679,Magazine_Subscriptions,content,0.2263,0.2263,0.0,False
3680,Magazine_Subscriptions,advertising,0.4215,0.4215,0.0,False
3680,Magazine_Subscriptions,content,0.59905,0.5057999999999999,-0.09325000000000006,True
3681,Magazine_Subscriptions,content,0.2732,0.2732,0.0,False
3683,Magazine_Subscriptions,price,-0.5423,-0.5423,0.0,False
3684,Magazine_Subscriptions,content,0.7579,0.7579,0.0,False
3685,Magazine_Subscriptions,content,0.3062,0.3062,0.0,False
3686,Magazine_Subscriptions,content,0.765,0.765,0.0,False
3689,Magazine_Subscriptions,billing,-0.25,-0.25,0.0,False
3689,Magazine_Subscriptions,content,0.0,0.0,0.0,False
3690,Magazine_Subscriptions,content,0.0,0.0,0.0,False
3692,Magazine_Subscriptions,content,0.6369,0.6369,0.0,False
3693,Magazine_Subscriptions,price,0.0,0.0,0.0,False
3693,Magazine_Subscriptions,content,0.1181,0.079,-0.039099999999999996,True
3694,Magazine_Subscriptions,content,0.3818,0.3818,0.0,False
3698,Magazine_Subscriptions,content,0.03244999999999999,0.03244999999999999,0.0,False
3700,Magazine_Subscriptions,content,0.4199,0.4199,0.0,False
3701,Magazine_Subscriptions,price,0.7964,0.7964,0.0,False
3705,Magazine_Subscriptions,content,0.5777,0.5777,0.0,False
3706,Magazine_Subscriptions,billing,0.0,0.0,0.0,False
3706,Magazine_Subscriptions,content,0.6249,0.6249,0.0,False
3707,Magazine_Subscriptions,content,0.0,0.0,0.0,False
3708,Magazine_Subscriptions,content,0.4404,0.4404,0.0,False
3709,Magazine_Subscriptions,quality,-0.296,-0.296,0.0,False
3710,Magazine_Subscriptions,billing,-0.25,-0.25,0.0,False
3711,Magazine_Subscriptions,content,0.8271,0.8271,0.0,False
3712,Magazine_Subscriptions,billing,0.0,0.0,0.0,False
3712,Magazine_Subscriptions,content,-0.2924,-0.2924,0.0,False
3712,Magazine_Subscriptions,delivery,-0.296,-0.296,0.0,False
3713,Magazine_Subscriptions,content,0.148,0.148,0.0,False
3714,Magazine_Subscriptions,billing,0.0,0.0,0.0,False
3714,Magazine_Subscriptions,price,-0.3612,-0.3612,0.0,False
3714,Magazine_Subscriptions,packaging,-0.296,-0.296,0.0,False
3714,Magazine_Subscriptions,content,-0.35875,-0.35875,0.0,False
3715,Magazine_Subscriptions,content,0.11504999999999999,0.11504999999999999,0.0,False
3716,Magazine_Subscriptions,content,0.4111,0.2202,-0.19090000000000001,True
3718,Magazine_Subscriptions,content,0.7263,0.7263,0.0,False
3719,Magazine_Subscriptions,content,0.8948,0.8948,0.0,False
3720,Magazine_Subscriptions,content,0.2936,0.2936,0.0,False
3721,Magazine_Subscriptions,billing,0.4019,0.4019,0.0,False
3721,Magazine_Subscriptions,content,0.0,0.0,0.0,False
3722,Magazine_Subscriptions,billing,0.4019,0.4019,0.0,False
3724,Magazine_Subscriptions,billing,-0.0739,-0.3089,-0.23500000000000001,True
3725,Magazine_Subscriptions,content,0.4778,0.4778,0.0,False
3725,Magazine_Subscriptions,price,0.8421,0.6369,-0.20519999999999994,True
3726,Magazine_Subscriptions,content,0.3612,0.3612,0.0,False
3727,Magazine_Subscriptions,delivery,0.4767,0.2263,-0.2504,True
3728,Magazine_Subscriptions,content,0.9267,0.368,-0.5587,True
3728,Magazine_Subscriptions,price,0.9267,0.4404,-0.48629999999999995,True
3729,Magazine_Subscriptions,content,0.0,0.0,0.0,False
3732,Magazine_Subscriptions,price,0.4404,0.4404,0.0,False
3733,Magazine_Subscriptions,content,0.8316,0.8316,0.0,False
3736,Magazine_Subscriptions,delivery,0.0,0.0,0.0,False
3737,Magazine_Subscriptions,content,-0.0168,-0.2755,-0.25870000000000004,True
3740,Magazine_Subscriptions,price,-0.4754,-0.4754,0.0,False
3742,Magazine_Subscriptions,advertising,0.4215,0.21075,-0.21075,True
3742,Magazine_Subscriptions,content,0.0,0.0,0.0,False
3743,Magazine_Subscriptions,billing,-0.25,-0.25,0.0,False
3743,Magazine_Subscriptions,content,0.05165,0.05165,0.0,False
3749,Magazine_Subscriptions,content,0.5556,0.4062333333333334,-0.1493666666666666,True
3749,Magazine_Subscriptions,quality,0.7783,0.7783,0.0,False
3749,Magazine_Subscriptions,price,0.6249,0.25,-0.3749,True
3750,Magazine_Subscriptions,content,0.0,0.0,0.0,False
3751,Magazine_Subscriptions,advertising,0.6597,0.6597,0.0,False
3753,Magazine_Subscriptions,quality,0.0,0.0,0.0,False
3753,Magazine_Subscriptions,content,0.31245,0.31245,0.0,False
3754,Magazine_Subscriptions,price,0.5574,0.5574,0.0,False
3755,Magazine_Subscriptions,content,0.902,0.902,0.0,False
3756,Magazine_Subscriptions,content,-0.296,-0.296,0.0,False
3757,Magazine_Subscriptions,content,0.0,0.0,0.0,False
3758,Magazine_Subscriptions,content,0.6249,0.6249,0.0,False
3762,Magazine_Subscriptions,price,0.8225,0.8225,0.0,False
3763,Magazine_Subscriptions,content,0.796,0.796,0.0,False
3767,Magazine_Subscriptions,billing,0.6618,-0.2411,-0.9029,True
3767,Magazine_Subscriptions,content,0.6618,0.5574,-0.10440000000000005,True
3771,Magazine_Subscriptions,content,0.0,0.0,0.0,False
3772,Magazine_Subscriptions,content,0.7184,0.7184,0.0,False
3777,Magazine_Subscriptions,delivery,0.40365,-0.0007999999999999952,-0.40445,True
3777,Magazine_Subscriptions,content,0.8834,0.8834,0.0,False
3778,Magazine_Subscriptions,delivery,0.0,0.0,0.0,False
3782,Magazine_Subscriptions,content,0.0757,0.0757,0.0,False
3783,Magazine_Subscriptions,content,-0.11485,-0.14226666666666668,-0.027416666666666686,True
3784,Magazine_Subscriptions,delivery,-0.4019,-0.4019,0.0,False
3789,Magazine_Subscriptions,advertising,0.8481,0.8481,0.0,False
3789,Magazine_Subscriptions,content,0.42405,0.42405,0.0,False
3791,Magazine_Subscriptions,advertising,0.1779,0.1779,0.0,False
3791,Magazine_Subscriptions,content,0.0,0.0,0.0,False
3792,Magazine_Subscriptions,content,0.5267,0.5267,0.0,False
3793,Magazine_Subscriptions,advertising,-0.0164,-0.0164,0.0,False
3793,Magazine_Subscriptions,content,-0.0164,-0.0164,0.0,False
3794,Magazine_Subscriptions,content,0.7096,0.7096,0.0,False
3796,Magazine_Subscriptions,price,0.6249,0.6249,0.0,False
3797,Magazine_Subscriptions,content,0.7045,0.21705,-0.48745000000000005,True
3798,Magazine_Subscriptions,advertising,0.0,0.0,0.0,False
3798,Magazine_Subscriptions,content,0.24264999999999998,0.24264999999999998,0.0,False
3799,Magazine_Subscriptions,content,0.1909,0.1909,0.0,False
3801,Magazine_Subscriptions,content,0.14325,0.58365,0.4404,True
3803,Magazine_Subscriptions,content,0.0,0.0,0.0,False
3804,Magazine_Subscriptions,content,0.6696,0.6696,0.0,False
3805,Magazine_Subscriptions,content,0.6988,0.6988,0.0,False
3807,Magazine_Subscriptions,content,0.8481,0.8481,0.0,False
3808,Magazine_Subscriptions,advertising,0.0,0.0,0.0,False
3809,Magazine_Subscriptions,advertising,0.4897666666666667,0.4897666666666667,0.0,False
3809,Magazine_Subscriptions,content,0.064,0.064,0.0,False
3812,Magazine_Subscriptions,billing,0.1877,0.1877,0.0,False
3812,Magazine_Subscriptions,delivery,0.18116666666666667,0.18116666666666667,0.0,False
3812,Magazine_Subscriptions,price,-0.4588,-0.4588,0.0,False
3812,Magazine_Subscriptions,content,0.07116,0.07116,0.0,False
3813,Magazine_Subscriptions,content,0.0,0.0,0.0,False
3814,Magazine_Subscriptions,billing,0.5106,0.5106,0.0,False
3814,Magazine_Subscriptions,quality,-0.1111,-0.1111,0.0,False
3814,Magazine_Subscriptions,price,0.0,0.0,0.0,False
3814,Magazine_Subscriptions,advertising,0.1468,0.1468,0.0,False
3814,Magazine_Subscriptions,content,0.10976666666666668,0.10976666666666668,0.0,False
3815,Magazine_Subscriptions,content,0.287975,0.3187125,0.03073750000000003,True
3815,Magazine_Subscriptions,quality,0.7088,0.7088,0.0,False
3815,Magazine_Subscriptions,delivery,0.0,0.0,0.0,False
3816,Magazine_Subscriptions,content,0.5994,0.5994,0.0,False
3819,Magazine_Subscriptions,quality,0.5413,0.5413,0.0,False
3819,Magazine_Subscriptions,content,0.567,0.52595,-0.04104999999999992,True
3822,Magazine_Subscriptions,billing,0.0,0.0,0.0,False
3822,Magazine_Subscriptions,content,0.5719,0.5719,0.0,False
3827,Magazine_Subscriptions,delivery,0.4939,0.4939,0.0,False
3827,Magazine_Subscriptions,content,0.4019,0.4019,0.0,False
3828,Magazine_Subscriptions,content,0.0,0.0,0.0,False
3830,Magazine_Subscriptions,price,0.0,0.0,0.0,False
3831,Magazine_Subscriptions,content,0.48595,0.48595,0.0,False
3832,Magazine_Subscriptions,content,0.5621,0.5621,0.0,False
3832,Magazine_Subscriptions,price,0.5621,0.5621,0.0,False
3833,Magazine_Subscriptions,content,0.60655,0.60655,0.0,False
3834,Magazine_Subscriptions,billing,0.0,0.0,0.0,False
3834,Magazine_Subscriptions,content,0.0,0.0,0.0,False
3834,Magazine_Subscriptions,price,0.6588,0.6588,0.0,False
3835,Magazine_Subscriptions,quality,0.7906,0.7906,0.0,False
3835,Magazine_Subscriptions,content,0.40495000000000003,0.40495000000000003,0.0,False
3840,Magazine_Subscriptions,billing,0.5719,0.5719,0.0,False
3841,Magazine_Subscriptions,content,0.6808,0.6808,0.0,False
3843,Magazine_Subscriptions,price,0.6249,0.6249,0.0,False
3845,Magazine_Subscriptions,price,0.4588,0.4588,0.0,False
3847,Magazine_Subscriptions,content,0.0,0.0,0.0,False
3848,Magazine_Subscriptions,price,0.5719,0.5719,0.0,False
3852,Magazine_Subscriptions,price,0.4927,0.4927,0.0,False
3853,Magazine_Subscriptions,content,0.34719999999999995,0.34719999999999995,0.0,False
3856,Magazine_Subscriptions,price,0.8481,0.8481,0.0,False
3857,Magazine_Subscriptions,billing,0.128,0.128,0.0,False
3857,Magazine_Subscriptions,content,0.0,0.0,0.0,False
3857,Magazine_Subscriptions,price,0.0,0.0,0.0,False
3859,Magazine_Subscriptions,content,0.6249,0.6249,0.0,False
3862,Magazine_Subscriptions,quality,0.0,0.0,0.0,False
3864,Magazine_Subscriptions,content,0.0,0.0,0.0,False
3864,Magazine_Subscriptions,price,0.0,0.0,0.0,False
3865,Magazine_Subscriptions,delivery,0.5719,0.5719,0.0,False
3866,Magazine_Subscriptions,content,0.8525,0.7953,-0.05720000000000003,True
3868,Magazine_Subscriptions,content,0.0,0.0,0.0,False
3869,Magazine_Subscriptions,billing,0.6369,0.6369,0.0,False
3870,Magazine_Subscriptions,billing,-0.061,-0.061,0.0,False
3870,Magazine_Subscriptions,content,-0.6249,-0.6249,0.0,False
3870,Magazine_Subscriptions,customer_service,-0.6249,-0.6249,0.0,False
3873,Magazine_Subscriptions,content,0.43115,0.43115,0.0,False
3875,Magazine_Subscriptions,advertising,0.8625,0.8625,0.0,False
3875,Magazine_Subscriptions,content,0.8625,0.8625,0.0,False
3876,Magazine_Subscriptions,content,0.7261,0.7261,0.0,False
3878,Magazine_Subscriptions,content,0.4019,0.4019,0.0,False
3879,Magazine_Subscriptions,delivery,0.0983,0.0983,0.0,False
3881,Magazine_Subscriptions,content,0.0,0.0,0.0,False
3884,Magazine_Subscriptions,price,0.4868,0.4868,0.0,False
3884,Magazine_Subscriptions,content,0.47759999999999997,0.47759999999999997,0.0,False
3885,Magazine_Subscriptions,content,0.0,0.0,0.0,False
3886,Magazine_Subscriptions,delivery,0.0,0.0,0.0,False
3888,Magazine_Subscriptions,price,0.6249,0.6249,0.0,False
3891,Magazine_Subscriptions,billing,-0.836,-0.836,0.0,False
3892,Magazine_Subscriptions,content,0.5719,0.5719,0.0,False
3896,Magazine_Subscriptions,billing,0.0,0.0,0.0,False
3897,Magazine_Subscriptions,price,-0.4753,-0.4753,0.0,False
3898,Magazine_Subscriptions,billing,-0.26206666666666667,-0.26206666666666667,0.0,False
3898,Magazine_Subscriptions,content,-0.3002666666666667,-0.3002666666666667,0.0,False
3899,Magazine_Subscriptions,content,0.7906,0.7906,0.0,False
3900,Magazine_Subscriptions,billing,-0.5305,-0.5305,0.0,False
3900,Magazine_Subscriptions,content,-0.296,-0.296,0.0,False
3900,Magazine_Subscriptions,customer_service,-0.0989,-0.0989,0.0,False
3901,Magazine_Subscriptions,advertising,0.7304,0.4019,-0.32850000000000007,True
3901,Magazine_Subscriptions,content,0.29616666666666663,0.29616666666666663,0.0,False
3902,Magazine_Subscriptions,content,0.5719,0.5719,0.0,False
3905,Magazine_Subscriptions,content,0.8715,0.8715,0.0,False
3906,Magazine_Subscriptions,billing,0.296,0.296,0.0,False
3907,Magazine_Subscriptions,content,-0.1159,-0.1159,0.0,False
3909,Magazine_Subscriptions,content,0.4588,0.4588,0.0,False
3910,Magazine_Subscriptions,content,0.7906,0.7906,0.0,False
3912,Magazine_Subscriptions,delivery,-0.4767,-0.4767,0.0,False
3912,Magazine_Subscriptions,content,0.0,0.0,0.0,False
3914,Magazine_Subscriptions,billing,-0.5574,-0.5574,0.0,False
3914,Magazine_Subscriptions,customer_service,-0.7437,-0.6711,0.0726,True
3917,Magazine_Subscriptions,billing,0.3362,0.2315,-0.10469999999999999,True
3917,Magazine_Subscriptions,content,0.3362,0.0,-0.3362,True
3918,Magazine_Subscriptions,content,0.2732,0.2732,0.0,False
3920,Magazine_Subscriptions,content,-0.21506666666666666,-0.21506666666666666,0.0,False
3921,Magazine_Subscriptions,content,0.0,0.0,0.0,False
3923,Magazine_Subscriptions,content,-0.1761,-0.1761,0.0,False
3925,Magazine_Subscriptions,content,0.0,0.0,0.0,False
3926,Magazine_Subscriptions,content,-0.6769,-0.6769,0.0,False
3927,Magazine_Subscriptions,content,0.2421,0.0,-0.2421,True
3928,Magazine_Subscriptions,quality,0.0,0.0,0.0,False
3928,Magazine_Subscriptions,content,0.4201,0.4201,0.0,False
3929,Magazine_Subscriptions,content,0.6369,0.6369,0.0,False
3931,Magazine_Subscriptions,content,-0.0276,-0.0276,0.0,False
3932,Magazine_Subscriptions,delivery,0.0,0.0,0.0,False
3932,Magazine_Subscriptions,content,0.20095,0.20095,0.0,False
3934,Magazine_Subscriptions,content,-0.2755,-0.2755,0.0,False
3935,Magazine_Subscriptions,content,0.0,0.0,0.0,False
3936,Magazine_Subscriptions,delivery,0.0,0.0,0.0,False
3936,Magazine_Subscriptions,content,0.5994,0.5994,0.0,False
3939,Magazine_Subscriptions,content,0.02414999999999995,0.02414999999999995,0.0,False
3942,Magazine_Subscriptions,billing,0.0,0.0,0.0,False
3942,Magazine_Subscriptions,price,-0.4754,-0.4754,0.0,False
3943,Magazine_Subscriptions,content,0.2732,0.2732,0.0,False
3944,Magazine_Subscriptions,advertising,-0.34,-0.34,0.0,False
3945,Magazine_Subscriptions,billing,-0.8418,-0.6369,0.20489999999999997,True
3945,Magazine_Subscriptions,content,-0.8418,-0.539,0.30279999999999996,True
3945,Magazine_Subscriptions,price,-0.8418,-0.539,0.30279999999999996,True
3949,Magazine_Subscriptions,content,0.31845,0.31845,0.0,False
3953,Magazine_Subscriptions,content,0.872,0.872,0.0,False
3957,Magazine_Subscriptions,delivery,0.5719,0.5719,0.0,False
3959,Magazine_Subscriptions,content,0.04189999999999999,0.04189999999999999,0.0,False
3962,Magazine_Subscriptions,content,0.765,0.765,0.0,False
3965,Magazine_Subscriptions,advertising,0.0,0.0,0.0,False
3965,Magazine_Subscriptions,delivery,0.0,0.0,0.0,False
3967,Magazine_Subscriptions,price,0.3089,0.3089,0.0,False
3970,Magazine_Subscriptions,quality,0.0,0.0,0.0,False
3970,Magazine_Subscriptions,price,0.3291,0.2263,-0.1028,True
3970,Magazine_Subscriptions,advertising,0.0,0.0,0.0,False
3970,Magazine_Subscriptions,content,0.51935,0.3548,-0.16454999999999997,True
3971,Magazine_Subscriptions,quality,0.4215,0.4215,0.0,False
3972,Magazine_Subscriptions,advertising,0.5574,0.5574,0.0,False
3973,Magazine_Subscriptions,price,0.5574,0.5574,0.0,False
3974,Magazine_Subscriptions,billing,0.8126,0.8126,0.0,False
3974,Magazine_Subscriptions,delivery,0.0,0.0,0.0,False
3977,Magazine_Subscriptions,advertising,0.1531,0.1531,0.0,False
3977,Magazine_Subscriptions,content,0.4227888888888889,0.39033333333333325,-0.032455555555555626,True
3977,Magazine_Subscriptions,quality,0.34275,0.34275,0.0,False
3980,Magazine_Subscriptions,delivery,0.0,0.0,0.0,False
3981,Magazine_Subscriptions,content,0.4576,0.4576,0.0,False
3982,Magazine_Subscriptions,content,0.52765,0.5511,0.023450000000000082,True
3983,Magazine_Subscriptions,price,0.5777,0.5777,0.0,False
3985,Magazine_Subscriptions,delivery,0.0,0.0,0.0,False
3985,Magazine_Subscriptions,content,0.0,0.0,0.0,False
3986,Magazine_Subscriptions,content,-0.296,-0.296,0.0,False
3987,Magazine_Subscriptions,content,0.9287,0.9287,0.0,False
3988,Magazine_Subscriptions,content,0.5859,0.5859,0.0,False
3990,Magazine_Subscriptions,billing,0.64035,0.64035,0.0,False
3990,Magazine_Subscriptions,customer_service,0.46235000000000004,0.46235000000000004,0.0,False
3992,Magazine_Subscriptions,content,-0.0772,-0.0772,0.0,False
3993,Magazine_Subscriptions,content,0.2263,0.0,-0.2263,True
3995,Magazine_Subscriptions,delivery,0.6369,0.6369,0.0,False
3995,Magazine_Subscriptions,content,0.936,0.936,0.0,False
3996,Magazine_Subscriptions,content,-0.25,-0.25,0.0,False
3996,Magazine_Subscriptions,price,0.4588,0.4588,0.0,False
3997,Magazine_Subscriptions,content,0.0,0.0,0.0,False
3999,Magazine_Subscriptions,content,0.4404,0.4404,0.0,False
4000,Magazine_Subscriptions,content,0.5719,0.5719,0.0,False
4002,Magazine_Subscriptions,advertising,0.09486666666666667,0.0,-0.09486666666666667,True
4002,Magazine_Subscriptions,content,0.23763333333333336,0.14276666666666668,-0.09486666666666668,True
4004,Magazine_Subscriptions,advertising,0.2263,0.2263,0.0,False
4007,Magazine_Subscriptions,content,0.0,0.0,0.0,False
4008,Magazine_Subscriptions,content,0.4791,0.4791,0.0,False
4010,Magazine_Subscriptions,content,0.8122,0.8122,0.0,False
4011,Magazine_Subscriptions,content,0.53755,0.4403333333333333,-0.09721666666666667,True
4012,Magazine_Subscriptions,price,0.3089,0.3089,0.0,False
4012,Magazine_Subscriptions,content,0.0,0.0,0.0,False
4014,Magazine_Subscriptions,content,0.8398,0.8398,0.0,False
4015,Magazine_Subscriptions,price,0.6588,0.6588,0.0,False
4017,Magazine_Subscriptions,billing,0.0,0.0,0.0,False
4017,Magazine_Subscriptions,content,0.21005,0.21005,0.0,False
4024,Magazine_Subscriptions,content,0.7906,0.7906,0.0,False
4025,Magazine_Subscriptions,delivery,-0.1027,-0.1027,0.0,False
4025,Magazine_Subscriptions,content,0.08895,0.0,-0.08895,True
4026,Magazine_Subscriptions,content,0.0,0.0,0.0,False
4027,Magazine_Subscriptions,content,0.4019,0.4019,0.0,False
4029,Magazine_Subscriptions,content,0.0,0.0,0.0,False
4031,Magazine_Subscriptions,content,0.0,0.0,0.0,False
4032,Magazine_Subscriptions,billing,-0.2263,-0.2263,0.0,False
4034,Magazine_Subscriptions,billing,0.5574,0.5574,0.0,False
4034,Magazine_Subscriptions,content,0.55225,0.55225,0.0,False
4034,Magazine_Subscriptions,price,0.6705,0.6705,0.0,False
4035,Magazine_Subscriptions,billing,0.0,0.0,0.0,False
4036,Magazine_Subscriptions,content,0.6369,0.6369,0.0,False
4037,Magazine_Subscriptions,content,0.6808,0.5267,-0.15410000000000001,True
4040,Magazine_Subscriptions,content,0.0,0.0,0.0,False
4041,Magazine_Subscriptions,content,0.836,0.836,0.0,False
4043,Magazine_Subscriptions,advertising,0.0,0.0,0.0,False
4044,Magazine_Subscriptions,content,0.7717,0.7717,0.0,False
4045,Magazine_Subscriptions,billing,0.0,0.0,0.0,False
4045,Magazine_Subscriptions,content,-0.296,0.0,0.296,True
4045,Magazine_Subscriptions,price,-0.1695,-0.1695,0.0,False
4046,Magazine_Subscriptions,delivery,0.7783,0.0,-0.7783,True
4046,Magazine_Subscriptions,content,0.7783,0.6369,-0.14139999999999997,True
4047,Magazine_Subscriptions,price,0.6696,0.6696,0.0,False
4053,Magazine_Subscriptions,advertising,0.0,0.0,0.0,False
4053,Magazine_Subscriptions,content,0.0,0.0,0.0,False
4054,Magazine_Subscriptions,price,0.6016,0.0343,-0.5673,True
4054,Magazine_Subscriptions,content,0.0,0.0,0.0,False
4057,Magazine_Subscriptions,billing,-0.0356,-0.0356,0.0,False
4058,Magazine_Subscriptions,advertising,0.0,0.0,0.0,False
4058,Magazine_Subscriptions,price,-0.4215,-0.4215,0.0,False
4060,Magazine_Subscriptions,content,0.0,0.0,0.0,False
4064,Magazine_Subscriptions,content,0.6431,0.6431,0.0,False
4068,Magazine_Subscriptions,advertising,0.7051000000000001,0.0,-0.7051000000000001,True
4068,Magazine_Subscriptions,content,0.6448,0.0,-0.6448,True
4071,Magazine_Subscriptions,advertising,0.7184,0.7184,0.0,False
4072,Magazine_Subscriptions,quality,0.0,0.0,0.0,False
4074,Magazine_Subscriptions,content,0.8126,0.8126,0.0,False
4076,Magazine_Subscriptions,price,0.908,0.908,0.0,False
4078,Magazine_Subscriptions,price,0.3716,0.6249,0.2533,True
4078,Magazine_Subscriptions,content,0.0,0.0,0.0,False
4086,Magazine_Subscriptions,price,-0.6497,-0.6497,0.0,False
4087,Magazine_Subscriptions,billing,0.0,0.0,0.0,False
4087,Magazine_Subscriptions,content,0.6705,0.6705,0.0,False
4092,Magazine_Subscriptions,advertising,0.6361,0.6361,0.0,False
4093,Magazine_Subscriptions,content,0.6239,0.6239,0.0,False
4094,Magazine_Subscriptions,content,0.28795,0.25061666666666665,-0.03733333333333333,True
4096,Magazine_Subscriptions,content,0.5563,0.5563,0.0,False
4097,Magazine_Subscriptions,content,0.3485666666666667,0.3485666666666667,0.0,False
4099,Magazine_Subscriptions,content,-0.1655,0.0,0.1655,True
4101,Magazine_Subscriptions,advertising,-0.3412,-0.3412,0.0,False
4101,Magazine_Subscriptions,billing,0.0,0.0,0.0,False
4101,Magazine_Subscriptions,content,0.0,0.0,0.0,False
4106,Magazine_Subscriptions,content,0.6369,0.6369,0.0,False
4107,Magazine_Subscriptions,billing,-0.6608,-0.6608,0.0,False
4107,Magazine_Subscriptions,content,-0.6608,-0.6608,0.0,False
4107,Magazine_Subscriptions,delivery,0.3818,0.0,-0.3818,True
4110,Magazine_Subscriptions,content,0.0,0.0,0.0,False
4111,Magazine_Subscriptions,content,0.08895,0.08895,0.0,False
4115,Magazine_Subscriptions,content,0.0,0.0,0.0,False
4118,Magazine_Subscriptions,content,0.5719,0.5719,0.0,False
4119,Magazine_Subscriptions,content,0.4404,0.4404,0.0,False
4122,Magazine_Subscriptions,content,0.4215,0.4215,0.0,False
4123,Magazine_Subscriptions,content,0.7579,0.7579,0.0,False
4125,Magazine_Subscriptions,content,0.6249,0.6249,0.0,False
4130,Magazine_Subscriptions,billing,0.2023,0.0,-0.2023,True
4131,Magazine_Subscriptions,content,0.053849999999999995,0.5654,0.5115500000000001,True
4131,Magazine_Subscriptions,price,0.06523333333333334,0.0,-0.06523333333333334,True
4132,Magazine_Subscriptions,content,-0.09875000000000003,-0.09875000000000003,0.0,False
4137,Magazine_Subscriptions,content,0.4404,0.4404,0.0,False
4139,Magazine_Subscriptions,billing,0.0,0.0,0.0,False
4143,Magazine_Subscriptions,content,0.0,0.0,0.0,False
4144,Magazine_Subscriptions,delivery,0.0,0.0,0.0,False
4144,Magazine_Subscriptions,content,0.0,0.0,0.0,False
4148,Magazine_Subscriptions,content,0.09505,0.0,-0.09505,True
4149,Magazine_Subscriptions,billing,0.0,0.0,0.0,False
4152,Magazine_Subscriptions,content,-0.296,-0.296,0.0,False
4155,Magazine_Subscriptions,quality,0.0,0.0,0.0,False
4155,Magazine_Subscriptions,content,0.5256,0.5256,0.0,False
4156,Magazine_Subscriptions,content,0.0,0.0,0.0,False
4158,Magazine_Subscriptions,content,0.8924,0.8924,0.0,False
4159,Magazine_Subscriptions,content,0.4404,0.4404,0.0,False
4160,Magazine_Subscriptions,price,0.7494,0.7494,0.0,False
4161,Magazine_Subscriptions,price,0.8857,0.8857,0.0,False
4162,Magazine_Subscriptions,advertising,0.6486,0.4215,-0.22709999999999997,True
4162,Magazine_Subscriptions,content,0.6486,0.4215,-0.22709999999999997,True
4163,Magazine_Subscriptions,billing,0.0,0.0,0.0,False
4164,Magazine_Subscriptions,content,0.5438666666666666,0.471675,-0.0721916666666666,True
4164,Magazine_Subscriptions,price,0.6249,0.6249,0.0,False
4165,Magazine_Subscriptions,content,0.8625,0.8625,0.0,False
4166,Magazine_Subscriptions,price,0.4926,0.4926,0.0,False
4168,Magazine_Subscriptions,content,0.7645,0.7645,0.0,False
4169,Magazine_Subscriptions,content,0.0,0.0,0.0,False
4177,Magazine_Subscriptions,billing,-0.20395,-0.20395,0.0,False
4177,Magazine_Subscriptions,content,0.0,0.0,0.0,False
4178,Magazine_Subscriptions,advertising,0.5941,0.0,-0.5941,True
4178,Magazine_Subscriptions,content,0.2202,0.2202,0.0,False
4178,Magazine_Subscriptions,price,0.5941,0.4417,-0.15239999999999998,True
4179,Magazine_Subscriptions,advertising,-0.6249,-0.3286,0.2963,True
4179,Magazine_Subscriptions,content,-0.6249,0.07220000000000001,0.6971,True
4179,Magazine_Subscriptions,price,-0.6249,-0.3612,0.2637,True
4180,Magazine_Subscriptions,advertising,-0.3182,-0.3182,0.0,False
4180,Magazine_Subscriptions,content,-0.3182,-0.3182,0.0,False
4180,Magazine_Subscriptions,price,0.3252,0.3252,0.0,False
4183,Magazine_Subscriptions,content,-0.3089,-0.3089,0.0,False
4184,Magazine_Subscriptions,billing,0.1292,0.1292,0.0,False
4189,Magazine_Subscriptions,price,0.5994,0.5994,0.0,False
4191,Magazine_Subscriptions,advertising,0.0,0.0,0.0,False
4191,Magazine_Subscriptions,content,0.6779999999999999,0.6779999999999999,0.0,False
4196,Magazine_Subscriptions,content,0.4019,0.128,-0.2739,True
4196,Magazine_Subscriptions,customer_service,0.4019,0.128,-0.2739,True
4196,Magazine_Subscriptions,delivery,0.4019,0.128,-0.2739,True
4198,Magazine_Subscriptions,advertising,0.0,0.0,0.0,False
4198,Magazine_Subscriptions,content,0.7688,0.7688,0.0,False
4200,Magazine_Subscriptions,content,0.6808,0.4404,-0.24039999999999995,True
4201,Magazine_Subscriptions,content,0.299075,0.299075,0.0,False
4203,Magazine_Subscriptions,content,0.83575,0.7974,-0.038349999999999995,True
4204,Magazine_Subscriptions,content,0.4939,0.4939,0.0,False
4205,Magazine_Subscriptions,content,0.6249,0.6249,0.0,False
4208,Magazine_Subscriptions,billing,0.0,0.0,0.0,False
4208,Magazine_Subscriptions,content,-0.8429,-0.8429,0.0,False
4213,Magazine_Subscriptions,content,0.7906,0.7906,0.0,False
4215,Magazine_Subscriptions,content,-0.6425,-0.6425,0.0,False
4216,Magazine_Subscriptions,content,0.6369,0.6369,0.0,False
4217,Magazine_Subscriptions,price,0.2263,0.2263,0.0,False
4218,Magazine_Subscriptions,advertising,0.0,0.0,0.0,False
4219,Magazine_Subscriptions,content,0.3384,0.3384,0.0,False
4220,Magazine_Subscriptions,billing,0.0,0.0,0.0,False
4220,Magazine_Subscriptions,price,0.5719,0.5719,0.0,False
4221,Magazine_Subscriptions,content,0.4767,0.4767,0.0,False
4223,Magazine_Subscriptions,price,0.9468,0.9468,0.0,False
4224,Magazine_Subscriptions,billing,0.0,0.0,0.0,False
4224,Magazine_Subscriptions,quality,0.8074,0.8074,0.0,False
4224,Magazine_Subscriptions,advertising,-0.296,-0.296,0.0,False
4224,Magazine_Subscriptions,content,0.27773333333333333,0.27773333333333333,0.0,False
4227,Magazine_Subscriptions,billing,-0.52525,-0.52525,0.0,False
4227,Magazine_Subscriptions,content,0.5267,0.2263,-0.30039999999999994,True
4230,Magazine_Subscriptions,content,0.5093,0.5093,0.0,False
4231,Magazine_Subscriptions,billing,0.0,0.0,0.0,False
4231,Magazine_Subscriptions,content,-0.2263,-0.2263,0.0,False
4234,Magazine_Subscriptions,content,0.45765,0.45765,0.0,False
4235,Magazine_Subscriptions,content,0.0,0.0,0.0,False
4236,Magazine_Subscriptions,content,0.7845,0.7845,0.0,False
4237,Magazine_Subscriptions,content,0.63605,0.63605,0.0,False
4242,Magazine_Subscriptions,billing,0.0,0.0,0.0,False
4242,Magazine_Subscriptions,content,0.013933333333333334,0.013933333333333334,0.0,False
4242,Magazine_Subscriptions,price,0.0603,0.0603,0.0,False
4245,Magazine_Subscriptions,advertising,0.5267,0.5267,0.0,False
4245,Magazine_Subscriptions,content,0.0,0.0,0.0,False
4251,Magazine_Subscriptions,advertising,0.9249,0.9249,0.0,False
4251,Magazine_Subscriptions,content,0.9249,0.9249,0.0,False
4252,Magazine_Subscriptions,content,0.0,0.0,0.0,False
4253,Magazine_Subscriptions,quality,0.5927,0.4404,-0.1523,True
4253,Magazine_Subscriptions,content,0.5927,0.2202,-0.3725,True
4254,Magazine_Subscriptions,advertising,0.0,0.0,0.0,False
4254,Magazine_Subscriptions,content,0.0258,0.0258,0.0,False
4255,Magazine_Subscriptions,quality,-0.4767,-0.4767,0.0,False
4255,Magazine_Subscriptions,content,0.14156428571428573,0.14156428571428573,0.0,False
4258,Magazine_Subscriptions,content,0.6249,0.6249,0.0,False
4259,Magazine_Subscriptions,content,-0.3244,-0.3244,0.0,False
4260,Magazine_Subscriptions,content,0.42406666666666665,0.16463333333333333,-0.2594333333333333,True
4261,Magazine_Subscriptions,content,0.0,0.0,0.0,False
4262,Magazine_Subscriptions,content,0.6249,0.6249,0.0,False
4263,Magazine_Subscriptions,content,0.0,0.0,0.0,False
4264,Magazine_Subscriptions,billing,0.0258,0.0258,0.0,False
4264,Magazine_Subscriptions,content,0.8519,0.8519,0.0,False
4264,Magazine_Subscriptions,price,0.44905,0.44905,0.0,False
4266,Magazine_Subscriptions,advertising,-0.05135,-0.05135,0.0,False
4266,Magazine_Subscriptions,content,-0.1027,-0.1027,0.0,False
4267,Magazine_Subscriptions,advertising,0.0,0.0,0.0,False
4267,Magazine_Subscriptions,content,0.4404,0.4404,0.0,False
4268,Magazine_Subscriptions,content,0.6042,-0.296,-0.9001999999999999,True
4269,Magazine_Subscriptions,content,0.27749999999999997,0.27749999999999997,0.0,False
4270,Magazine_Subscriptions,content,-0.5511,-0.5511,0.0,False
4271,Magazine_Subscriptions,content,0.875,0.875,0.0,False
4272,Magazine_Subscriptions,content,0.0,0.0,0.0,False
4276,Magazine_Subscriptions,content,0.6369,0.6369,0.0,False
4278,Magazine_Subscriptions,content,0.3817333333333333,0.2863,-0.09543333333333331,True
4280,Magazine_Subscriptions,content,0.0,0.0,0.0,False
4282,Magazine_Subscriptions,content,0.36755,0.36755,0.0,False
4283,Magazine_Subscriptions,delivery,0.0,0.0,0.0,False
4284,Magazine_Subscriptions,content,0.4019,0.4019,0.0,False
4285,Magazine_Subscriptions,content,-0.3129,-0.3129,0.0,False
4285,Magazine_Subscriptions,price,-0.15645,-0.15645,0.0,False
4290,Magazine_Subscriptions,content,0.0,0.0,0.0,False
4293,Magazine_Subscriptions,billing,0.3612,0.3612,0.0,False
4293,Magazine_Subscriptions,price,0.3612,0.3612,0.0,False
4294,Magazine_Subscriptions,content,0.18463333333333332,0.20789999999999997,0.023266666666666658,True
4295,Magazine_Subscriptions,content,0.0,0.0,0.0,False
4296,Magazine_Subscriptions,content,0.6369,0.6369,0.0,False
4303,Magazine_Subscriptions,quality,0.0,0.0,0.0,False
4303,Magazine_Subscriptions,content,0.18763333333333332,0.20939999999999998,0.021766666666666656,True
4304,Magazine_Subscriptions,content,0.6369,0.6369,0.0,False
4306,Magazine_Subscriptions,content,0.6249,0.6249,0.0,False
4307,Magazine_Subscriptions,content,0.4455,0.4455,0.0,False
4308,Magazine_Subscriptions,content,0.20175,0.20175,0.0,False
4309,Magazine_Subscriptions,billing,-0.3025714285714286,-0.3046428571428571,-0.002071428571428502,True
4309,Magazine_Subscriptions,delivery,0.3089,0.3089,0.0,False
4309,Magazine_Subscriptions,price,-0.006233333333333331,0.10786666666666668,0.11410000000000001,True
4309,Magazine_Subscriptions,content,0.1779,0.1779,0.0,False
4310,Magazine_Subscriptions,content,0.0,0.0,0.0,False
4311,Magazine_Subscriptions,content,-0.296,-0.296,0.0,False
4312,Magazine_Subscriptions,billing,-0.6467,-0.6467,0.0,False
4312,Magazine_Subscriptions,content,-0.5574,-0.5574,0.0,False
4312,Magazine_Subscriptions,customer_service,-0.5574,-0.5574,0.0,False
4313,Magazine_Subscriptions,billing,0.0,0.0,0.0,False
4313,Magazine_Subscriptions,content,0.0,0.0,0.0,False
4315,Magazine_Subscriptions,billing,-0.3164,-0.3164,0.0,False
4316,Magazine_Subscriptions,content,0.47975,0.45765,-0.02210000000000001,True
4316,Magazine_Subscriptions,price,0.4404,0.4404,0.0,False
4318,Magazine_Subscriptions,content,0.5859,0.5859,0.0,False
4322,Magazine_Subscriptions,content,-0.21075,-0.21075,0.0,False
4325,Magazine_Subscriptions,price,0.7003,0.7003,0.0,False
4325,Magazine_Subscriptions,content,0.45045,0.45045,0.0,False
4328,Magazine_Subscriptions,content,0.4939,0.4939,0.0,False
4330,Magazine_Subscriptions,billing,0.0,0.0,0.0,False
4330,Magazine_Subscriptions,quality,0.128,0.128,0.0,False
4332,Magazine_Subscriptions,content,0.4019,0.4019,0.0,False
4334,Magazine_Subscriptions,content,0.4939,0.4939,0.0,False
4336,Magazine_Subscriptions,delivery,0.0,0.0,0.0,False
4336,Magazine_Subscriptions,content,0.0,0.0,0.0,False
4338,Magazine_Subscriptions,advertising,0.281,0.281,0.0,False
4338,Magazine_Subscriptions,content,0.281,0.281,0.0,False
4338,Magazine_Subscriptions,price,0.281,0.281,0.0,False
4340,Magazine_Subscriptions,content,0.9259,0.6249,-0.30099999999999993,True
4341,Magazine_Subscriptions,price,0.0,0.0,0.0,False
4343,Magazine_Subscriptions,delivery,0.0,0.0,0.0,False
4345,Magazine_Subscriptions,delivery,0.0,0.0,0.0,False
4350,Magazine_Subscriptions,content,0.7469,0.7469,0.0,False
4350,Magazine_Subscriptions,price,0.4588,0.4588,0.0,False
4351,Magazine_Subscriptions,content,0.5719,0.5719,0.0,False
4353,Magazine_Subscriptions,price,0.3612,0.3612,0.0,False
4353,Magazine_Subscriptions,content,0.34480000000000005,0.34480000000000005,0.0,False
4354,Magazine_Subscriptions,price,0.0,0.0,0.0,False
4354,Magazine_Subscriptions,content,0.38565,0.38565,0.0,False
4355,Magazine_Subscriptions,advertising,0.3716,0.0,-0.3716,True
4361,Magazine_Subscriptions,billing,-0.25,-0.25,0.0,False
4361,Magazine_Subscriptions,delivery,-0.4019,-0.4019,0.0,False
4365,Magazine_Subscriptions,quality,0.007550000000000001,0.007550000000000001,0.0,False
4365,Magazine_Subscriptions,price,-0.4767,-0.4767,0.0,False
4365,Magazine_Subscriptions,advertising,0.0,0.0,0.0,False
4365,Magazine_Subscriptions,content,0.22666666666666668,0.22666666666666668,0.0,False
4368,Magazine_Subscriptions,quality,0.4019,0.4019,0.0,False
4372,Magazine_Subscriptions,billing,0.07633333333333335,0.07633333333333335,0.0,False
4375,Magazine_Subscriptions,content,0.8934,0.8934,0.0,False
4375,Magazine_Subscriptions,price,0.8934,0.8934,0.0,False
4378,Magazine_Subscriptions,quality,0.5423,0.0,-0.5423,True
4379,Magazine_Subscriptions,content,0.0,0.0,0.0,False
4385,Magazine_Subscriptions,delivery,0.0,0.0,0.0,False
4386,Magazine_Subscriptions,billing,-0.8565,-0.7685,0.08800000000000008,True
4386,Magazine_Subscriptions,content,-0.27115,-0.27115,0.0,False
4386,Magazine_Subscriptions,delivery,-0.8565,-0.7685,0.08800000000000008,True
4388,Magazine_Subscriptions,billing,0.0,0.0,0.0,False
4390,Magazine_Subscriptions,advertising,-0.296,-0.296,0.0,False
4390,Magazine_Subscriptions,content,0.4215,0.4215,0.0,False
4390,Magazine_Subscriptions,packaging,0.0,0.0,0.0,False
4391,Magazine_Subscriptions,quality,0.0,0.0,0.0,False
4391,Magazine_Subscriptions,content,0.0,0.0,0.0,False
4392,Magazine_Subscriptions,price,0.4019,0.4019,0.0,False
4393,Magazine_Subscriptions,content,0.5719,0.5719,0.0,False
4394,Magazine_Subscriptions,content,0.7845,0.7845,0.0,False
4394,Magazine_Subscriptions,price,0.7845,0.7845,0.0,False
4396,Magazine_Subscriptions,content,0.0,0.0,0.0,False
4397,Magazine_Subscriptions,content,0.5994,0.5994,0.0,False
4398,Magazine_Subscriptions,content,0.7269,0.7269,0.0,False
4399,Magazine_Subscriptions,content,0.0,0.0,0.0,False
4400,Magazine_Subscriptions,content,-0.3726,-0.3726,0.0,False
4403,Magazine_Subscriptions,price,0.5335,0.3239,-0.20959999999999995,True
4404,Magazine_Subscriptions,content,0.8268,0.8268,0.0,False
4406,Magazine_Subscriptions,billing,0.1779,0.1779,0.0,False
4406,Magazine_Subscriptions,price,0.1779,0.1779,0.0,False
4410,Magazine_Subscriptions,billing,-0.021299999999999986,-0.021299999999999986,0.0,False
4410,Magazine_Subscriptions,customer_service,0.7178,0.7178,0.0,False
4410,Magazine_Subscriptions,price,0.4588,0.4588,0.0,False
4410,Magazine_Subscriptions,content,0.31845,0.31845,0.0,False
4412,Magazine_Subscriptions,price,0.6369,0.6369,0.0,False
4412,Magazine_Subscriptions,content,0.6044,0.6044,0.0,False
4414,Magazine_Subscriptions,content,0.148,0.09866666666666667,-0.049333333333333326,True
4415,Magazine_Subscriptions,content,-0.1785,-0.1785,0.0,False
4417,Magazine_Subscriptions,content,0.7464666666666666,0.7464666666666666,0.0,False
4420,Magazine_Subscriptions,advertising,0.4754,0.4754,0.0,False
4420,Magazine_Subscriptions,content,0.4754,0.4754,0.0,False
4420,Magazine_Subscriptions,quality,0.4754,0.4754,0.0,False
4422,Magazine_Subscriptions,delivery,0.7096,0.7096,0.0,False
4422,Magazine_Subscriptions,quality,0.9039,0.9039,0.0,False
4422,Magazine_Subscriptions,price,0.9039,0.9039,0.0,False
4422,Magazine_Subscriptions,content,0.45195,0.45195,0.0,False
4424,Magazine_Subscriptions,content,0.7003,0.7003,0.0,False
4426,Magazine_Subscriptions,content,0.4019,0.4019,0.0,False
4429,Magazine_Subscriptions,delivery,0.6588,0.6588,0.0,False
4429,Magazine_Subscriptions,content,0.6588,0.6588,0.0,False
4433,Magazine_Subscriptions,content,0.85,0.765,-0.08499999999999996,True
4434,Magazine_Subscriptions,billing,0.0,0.0,0.0,False
4434,Magazine_Subscriptions,content,0.0,0.0,0.0,False
4439,Magazine_Subscriptions,content,0.9393,0.9393,0.0,False
4440,Magazine_Subscriptions,content,0.0,0.0,0.0,False
4440,Magazine_Subscriptions,quality,0.0,0.0,0.0,False
4440,Magazine_Subscriptions,delivery,0.0,0.0,0.0,False
4442,Magazine_Subscriptions,content,0.6369,0.6369,0.0,False
4444,Magazine_Subscriptions,content,0.0,0.0,0.0,False
4445,Magazine_Subscriptions,advertising,-0.1283,0.6908,0.8190999999999999,True
4447,Magazine_Subscriptions,advertising,-0.3412,-0.3412,0.0,False
4449,Magazine_Subscriptions,content,0.2481,0.2481,0.0,False
4449,Magazine_Subscriptions,price,0.2481,0.2481,0.0,False
4450,Magazine_Subscriptions,advertising,0.0,0.0,0.0,False
4450,Magazine_Subscriptions,billing,-0.018739999999999996,-0.018739999999999996,0.0,False
4450,Magazine_Subscriptions,customer_service,0.08895,0.08895,0.0,False
4455,Magazine_Subscriptions,billing,-0.25,-0.25,0.0,False
4457,Magazine_Subscriptions,content,0.7138,0.6249,-0.08889999999999998,True
4458,Magazine_Subscriptions,advertising,0.1366,0.0,-0.1366,True
4458,Magazine_Subscriptions,content,0.21955,0.21955,0.0,False
4460,Magazine_Subscriptions,content,0.0,0.0,0.0,False
4461,Magazine_Subscriptions,advertising,0.4785,0.228,-0.25049999999999994,True
4461,Magazine_Subscriptions,content,0.4785,0.29460000000000003,-0.18389999999999995,True
4462,Magazine_Subscriptions,delivery,0.7962,0.5719,-0.22430000000000005,True
4464,Magazine_Subscriptions,content,0.0,0.0,0.0,False
4466,Magazine_Subscriptions,billing,-0.4019,-0.4019,0.0,False
4466,Magazine_Subscriptions,content,-0.4019,-0.4019,0.0,False
4470,Magazine_Subscriptions,content,0.7283,0.7283,0.0,False
4473,Magazine_Subscriptions,content,0.0,0.0,0.0,False
4475,Magazine_Subscriptions,billing,0.6597,0.6597,0.0,False
4478,Magazine_Subscriptions,content,0.16346,0.16346,0.0,False
4481,Magazine_Subscriptions,content,-0.6819,-0.6819,0.0,False
4483,Magazine_Subscriptions,packaging,0.4019,0.4019,0.0,False
4486,Magazine_Subscriptions,content,0.0,0.0,0.0,False
4487,Magazine_Subscriptions,content,0.4404,0.4404,0.0,False
4489,Magazine_Subscriptions,advertising,0.0258,0.0258,0.0,False
4489,Magazine_Subscriptions,content,0.172075,0.172075,0.0,False
4489,Magazine_Subscriptions,delivery,0.0,0.0,0.0,False
4492,Magazine_Subscriptions,price,0.3818,0.0,-0.3818,True
4493,Magazine_Subscriptions,content,0.6249,0.6249,0.0,False
4494,Magazine_Subscriptions,delivery,0.0,0.0,0.0,False
4494,Magazine_Subscriptions,content,0.0,0.0,0.0,False
4496,Magazine_Subscriptions,price,0.4767,0.4767,0.0,False
4497,Magazine_Subscriptions,content,0.6369,0.6369,0.0,False
4498,Magazine_Subscriptions,advertising,0.296,0.296,0.0,False
4498,Magazine_Subscriptions,content,0.23916666666666667,0.23916666666666667,0.0,False
4499,Magazine_Subscriptions,billing,0.4019,0.4019,0.0,False
4500,Magazine_Subscriptions,content,0.0,0.0,0.0,False
4501,Magazine_Subscriptions,content,0.0,0.0,0.0,False
4506,Magazine_Subscriptions,quality,0.4767,0.4767,0.0,False
4506,Magazine_Subscriptions,content,0.4767,0.4767,0.0,False
4507,Magazine_Subscriptions,content,0.4404,0.4404,0.0,False
4508,Magazine_Subscriptions,content,0.5106,0.5106,0.0,False
4509,Magazine_Subscriptions,quality,0.4404,0.4404,0.0,False
4509,Magazine_Subscriptions,content,0.6588,0.6588,0.0,False
4510,Magazine_Subscriptions,content,0.546,0.546,0.0,False
4511,Magazine_Subscriptions,billing,0.1134,0.0772,-0.036199999999999996,True
4513,Magazine_Subscriptions,delivery,0.0,0.0,0.0,False
4514,Magazine_Subscriptions,advertising,0.3612,0.3612,0.0,False
4514,Magazine_Subscriptions,content,0.28175,0.3715,0.08975,True
4515,Magazine_Subscriptions,content,-0.4168,-0.4168,0.0,False
4518,Magazine_Subscriptions,advertising,0.0,0.0,0.0,False
4518,Magazine_Subscriptions,content,0.0,0.0,0.0,False
4520,Magazine_Subscriptions,billing,0.6115,0.6115,0.0,False
4521,Magazine_Subscriptions,content,0.5256,0.5256,0.0,False
4522,Magazine_Subscriptions,billing,0.1511,0.1511,0.0,False
4522,Magazine_Subscriptions,content,0.4019,0.4019,0.0,False
4524,Magazine_Subscriptions,delivery,0.2382,0.0,-0.2382,True
4528,Magazine_Subscriptions,content,0.3612,0.3612,0.0,False
4529,Magazine_Subscriptions,advertising,0.6249,0.6249,0.0,False
4530,Magazine_Subscriptions,billing,0.3944,0.3944,0.0,False
4531,Magazine_Subscriptions,content,0.0,0.0,0.0,False
4533,Magazine_Subscriptions,price,-0.3382,-0.3382,0.0,False
4533,Magazine_Subscriptions,content,0.15502000000000002,0.15502000000000002,0.0,False
4534,Magazine_Subscriptions,billing,0.4215,0.4215,0.0,False
4534,Magazine_Subscriptions,content,0.36765000000000003,0.36765000000000003,0.0,False
4535,Magazine_Subscriptions,content,0.35955000000000004,0.35955000000000004,0.0,False
4536,Magazine_Subscriptions,content,0.5411,0.5411,0.0,False
4536,Magazine_Subscriptions,delivery,0.0,0.0,0.0,False
4536,Magazine_Subscriptions,price,0.0,0.0,0.0,False
4539,Magazine_Subscriptions,content,0.0,0.0,0.0,False
4541,Magazine_Subscriptions,quality,0.7096,0.7096,0.0,False
4541,Magazine_Subscriptions,content,0.3548,0.3548,0.0,False
4542,Magazine_Subscriptions,content,0.8555,0.8555,0.0,False
4545,Magazine_Subscriptions,advertising,-0.296,-0.296,0.0,False
4545,Magazine_Subscriptions,content,0.2014,0.2014,0.0,False
4547,Magazine_Subscriptions,price,0.8268,0.8268,0.0,False
4547,Magazine_Subscriptions,content,0.9211,0.9211,0.0,False
4551,Magazine_Subscriptions,content,-0.18892500000000004,-0.08075000000000002,0.10817500000000002,True
4553,Magazine_Subscriptions,price,0.4404,0.4404,0.0,False
4555,Magazine_Subscriptions,content,0.0,0.0,0.0,False
4557,Magazine_Subscriptions,price,0.4404,0.4404,0.0,False
4559,Magazine_Subscriptions,content,0.0,0.0,0.0,False
4561,Magazine_Subscriptions,advertising,0.4939,0.4939,0.0,False
4561,Magazine_Subscriptions,content,0.0,0.0,0.0,False
4561,Magazine_Subscriptions,price,-0.4939,-0.4939,0.0,False
4562,Magazine_Subscriptions,delivery,0.8934,0.8934,0.0,False
4562,Magazine_Subscriptions,content,0.87445,0.87445,0.0,False
4563,Magazine_Subscriptions,price,0.1468,0.0,-0.1468,True
4563,Magazine_Subscriptions,content,0.0,0.0,0.0,False
4566,Magazine_Subscriptions,advertising,0.0,0.0,0.0,False
4568,Magazine_Subscriptions,content,0.1901,0.0,-0.1901,True
4569,Magazine_Subscriptions,content,0.7574,0.7574,0.0,False
4570,Magazine_Subscriptions,billing,-0.17659999999999998,-0.12975,0.046849999999999975,True
4570,Magazine_Subscriptions,content,-0.0572,-0.0572,0.0,False
4571,Magazine_Subscriptions,content,-0.2023,-0.2023,0.0,False
4573,Magazine_Subscriptions,content,0.743,0.743,0.0,False
4574,Magazine_Subscriptions,content,0.5994,0.5994,0.0,False
4575,Magazine_Subscriptions,delivery,0.0,0.0,0.0,False
4575,Magazine_Subscriptions,content,0.743,0.4215,-0.3215,True
4577,Magazine_Subscriptions,advertising,0.0,0.0,0.0,False
4577,Magazine_Subscriptions,price,0.0,0.0,0.0,False
4583,Magazine_Subscriptions,content,0.7906,0.7906,0.0,False
4583,Magazine_Subscriptions,price,0.8481,0.8481,0.0,False
4589,Magazine_Subscriptions,content,0.3753,0.3753,0.0,False
4591,Magazine_Subscriptions,billing,0.0,0.0,0.0,False
4592,Magazine_Subscriptions,content,0.6249,0.6249,0.0,False
4593,Magazine_Subscriptions,content,0.3612,0.3612,0.0,False
4599,Magazine_Subscriptions,advertising,0.4588,0.4588,0.0,False
4599,Magazine_Subscriptions,content,-0.2878,-0.2878,0.0,False
4601,Magazine_Subscriptions,content,-0.1531,-0.1531,0.0,False
4602,Magazine_Subscriptions,billing,0.802,0.802,0.0,False
4602,Magazine_Subscriptions,content,-0.12055,-0.12055,0.0,False
4602,Magazine_Subscriptions,price,0.2089,0.21196666666666666,0.003066666666666662,True
4603,Magazine_Subscriptions,advertising,0.0,0.0,0.0,False
4604,Magazine_Subscriptions,content,0.8874,0.8874,0.0,False
4606,Magazine_Subscriptions,content,0.7644,0.7644,0.0,False
4607,Magazine_Subscriptions,content,0.5983,0.5983,0.0,False
4608,Magazine_Subscriptions,billing,0.0,0.0,0.0,False
4609,Magazine_Subscriptions,content,0.1468,0.1468,0.0,False
4610,Magazine_Subscriptions,content,0.6369,0.6369,0.0,False
4612,Magazine_Subscriptions,content,0.21075,0.21075,0.0,False
4613,Magazine_Subscriptions,billing,-0.0572,-0.0572,0.0,False
4614,Magazine_Subscriptions,content,0.5719,0.5719,0.0,False
4615,Magazine_Subscriptions,content,0.195,0.195,0.0,False
4619,Magazine_Subscriptions,content,0.0,0.0,0.0,False
4623,Magazine_Subscriptions,content,-0.13775,-0.13775,0.0,False
4626,Magazine_Subscriptions,advertising,0.9792,0.9468,-0.032399999999999984,True
4627,Magazine_Subscriptions,content,0.04952500000000001,-0.00014999999999998348,-0.049675,True
4629,Magazine_Subscriptions,content,0.8042,0.0,-0.8042,True
4632,Magazine_Subscriptions,billing,0.0,0.0,0.0,False
4632,Magazine_Subscriptions,content,-0.0129,-0.0129,0.0,False
4632,Magazine_Subscriptions,price,0.6369,0.6369,0.0,False
4634,Magazine_Subscriptions,quality,0.5106,0.5106,0.0,False
4634,Magazine_Subscriptions,content,0.5106,0.5106,0.0,False
4637,Magazine_Subscriptions,billing,0.0772,0.0772,0.0,False
4637,Magazine_Subscriptions,content,0.0,0.0,0.0,False
4638,Magazine_Subscriptions,delivery,0.0,0.0,0.0,False
4638,Magazine_Subscriptions,content,0.0,0.0,0.0,False
4640,Magazine_Subscriptions,content,0.4404,0.3612,-0.07919999999999999,True
4642,Magazine_Subscriptions,content,0.4201,0.4201,0.0,False
4643,Magazine_Subscriptions,advertising,0.35855000000000004,0.35855000000000004,0.0,False
4643,Magazine_Subscriptions,content,0.3506666666666667,0.3506666666666667,0.0,False
4644,Magazine_Subscriptions,content,-0.1511,0.0,0.1511,True
4645,Magazine_Subscriptions,content,0.18656666666666666,0.18656666666666666,0.0,False
4646,Magazine_Subscriptions,advertising,0.0,0.0,0.0,False
4647,Magazine_Subscriptions,content,0.3327,0.3327,0.0,False
4649,Magazine_Subscriptions,advertising,-0.5267,-0.5267,0.0,False
4649,Magazine_Subscriptions,content,0.018250000000000044,0.049625000000000044,0.031375,True
4650,Magazine_Subscriptions,content,0.9272,0.8553,-0.07190000000000007,True
4651,Magazine_Subscriptions,content,-0.128,-0.128,0.0,False
4654,Magazine_Subscriptions,price,-0.4215,-0.4215,0.0,False
4662,Magazine_Subscriptions,content,0.3612,0.3612,0.0,False
4667,Magazine_Subscriptions,content,0.0,0.0,0.0,False
4668,Magazine_Subscriptions,price,0.2263,0.2263,0.0,False
4668,Magazine_Subscriptions,content,0.5211666666666667,0.5211666666666667,0.0,False
4669,Magazine_Subscriptions,content,0.0,0.0,0.0,False
4671,Magazine_Subscriptions,content,0.8244,0.8244,0.0,False
4672,Magazine_Subscriptions,content,0.6369,0.6369,0.0,False
4675,Magazine_Subscriptions,price,0.6249,0.6249,0.0,False
4677,Magazine_Subscriptions,billing,-0.2616,-0.2616,0.0,False
4677,Magazine_Subscriptions,customer_service,0.0754,0.0754,0.0,False
4677,Magazine_Subscriptions,price,0.3291,0.2263,-0.1028,True
4683,Magazine_Subscriptions,content,0.7506,0.0,-0.7506,True
4684,Magazine_Subscriptions,content,0.4863666666666666,0.4863666666666666,0.0,False
4686,Magazine_Subscriptions,price,0.4404,0.4404,0.0,False
4687,Magazine_Subscriptions,billing,0.0,0.0,0.0,False
4689,Magazine_Subscriptions,content,0.0,0.0,0.0,False
4690,Magazine_Subscriptions,delivery,-0.5574,-0.5574,0.0,False
4690,Magazine_Subscriptions,content,0.11933333333333333,0.11933333333333333,0.0,False
4692,Magazine_Subscriptions,billing,0.1154,0.0,-0.1154,True
4693,Magazine_Subscriptions,price,0.6588,0.6588,0.0,False
4695,Magazine_Subscriptions,content,0.21075,0.21075,0.0,False
4697,Magazine_Subscriptions,price,0.5487,0.0,-0.5487,True
4701,Magazine_Subscriptions,billing,0.06735000000000002,0.06735000000000002,0.0,False
4702,Magazine_Subscriptions,content,0.0,0.0,0.0,False
4702,Magazine_Subscriptions,price,0.0,0.0,0.0,False
4703,Magazine_Subscriptions,content,0.4215,0.4215,0.0,False
4705,Magazine_Subscriptions,advertising,-0.4215,0.0,0.4215,True
4705,Magazine_Subscriptions,content,-0.4215,-0.4215,0.0,False
4713,Magazine_Subscriptions,delivery,0.0,0.0,0.0,False
4713,Magazine_Subscriptions,content,0.85335,0.85335,0.0,False
4714,Magazine_Subscriptions,content,-0.1759,-0.1759,0.0,False
4718,Magazine_Subscriptions,customer_service,-0.3412,-0.3412,0.0,False
4719,Magazine_Subscriptions,billing,0.0,0.0,0.0,False
4719,Magazine_Subscriptions,content,0.6369,0.6369,0.0,False
4723,Magazine_Subscriptions,price,0.8478,0.8478,0.0,False
4724,Magazine_Subscriptions,content,0.0772,0.0772,0.0,False
4725,Magazine_Subscriptions,content,0.5726,0.5726,0.0,False
4727,Magazine_Subscriptions,billing,-0.4939,-0.4939,0.0,False
4729,Magazine_Subscriptions,delivery,0.0,0.0,0.0,False
4730,Magazine_Subscriptions,content,0.9124,0.8481,-0.06430000000000002,True
4732,Magazine_Subscriptions,content,0.3818,0.0,-0.3818,True
4733,Magazine_Subscriptions,delivery,0.0,0.0,0.0,False
4733,Magazine_Subscriptions,content,0.1423,0.0,-0.1423,True
4735,Magazine_Subscriptions,content,0.3463,0.1892,-0.1571,True
4737,Magazine_Subscriptions,customer_service,0.25,0.25,0.0,False
4737,Magazine_Subscriptions,price,-0.1877,-0.1877,0.0,False
4737,Magazine_Subscriptions,advertising,-0.1877,-0.1877,0.0,False
4737,Magazine_Subscriptions,content,-0.05516666666666667,-0.05516666666666667,0.0,False
4739,Magazine_Subscriptions,content,0.6444,0.6444,0.0,False
4742,Magazine_Subscriptions,quality,0.4404,0.4404,0.0,False
4742,Magazine_Subscriptions,delivery,0.7818,0.7818,0.0,False
4742,Magazine_Subscriptions,advertising,0.7506,0.7506,0.0,False
4742,Magazine_Subscriptions,content,0.461225,0.461225,0.0,False
4745,Magazine_Subscriptions,content,0.2553,0.2553,0.0,False
4750,Magazine_Subscriptions,content,0.6249,0.6249,0.0,False
4751,Magazine_Subscriptions,billing,-0.031149999999999997,-0.031149999999999997,0.0,False
4751,Magazine_Subscriptions,content,-0.3355333333333334,-0.3355333333333334,0.0,False
4751,Magazine_Subscriptions,delivery,-0.128,-0.128,0.0,False
4753,Magazine_Subscriptions,advertising,0.0,0.0,0.0,False
4753,Magazine_Subscriptions,content,0.0,0.0,0.0,False
4755,Magazine_Subscriptions,price,0.5093,0.5093,0.0,False
4755,Magazine_Subscriptions,content,0.0,0.0,0.0,False
4756,Magazine_Subscriptions,billing,-0.3818,-0.3818,0.0,False
4757,Magazine_Subscriptions,content,-0.24695,-0.24695,0.0,False
4761,Magazine_Subscriptions,advertising,0.0,0.0,0.0,False
4761,Magazine_Subscriptions,content,0.0,0.0,0.0,False
4764,Magazine_Subscriptions,content,0.0,0.0,0.0,False
4768,Magazine_Subscriptions,content,0.4939,0.4939,0.0,False
4769,Magazine_Subscriptions,advertising,0.1806,0.1806,0.0,False
4769,Magazine_Subscriptions,content,0.2553,0.2553,0.0,False
4770,Magazine_Subscriptions,advertising,0.0,0.0,0.0,False
4770,Magazine_Subscriptions,content,-0.4404,-0.4404,0.0,False
4771,Magazine_Subscriptions,content,0.5994,0.5994,0.0,False
4773,Magazine_Subscriptions,content,0.0,0.0,0.0,False
4775,Magazine_Subscriptions,price,0.8689,0.6369,-0.23199999999999998,True
4776,Magazine_Subscriptions,quality,0.6087,0.6087,0.0,False
4776,Magazine_Subscriptions,content,0.6447499999999999,0.6447499999999999,0.0,False
4778,Magazine_Subscriptions,content,0.0,0.0,0.0,False
4780,Magazine_Subscriptions,billing,-0.25,-0.25,0.0,False
4784,Magazine_Subscriptions,content,0.7876,0.0,-0.7876,True
4784,Magazine_Subscriptions,price,0.7876,0.0,-0.7876,True
4785,Magazine_Subscriptions,billing,-0.1779,-0.2732,-0.0953,True
4785,Magazine_Subscriptions,price,0.0,0.0,0.0,False
4785,Magazine_Subscriptions,advertising,-0.1779,-0.2732,-0.0953,True
4785,Magazine_Subscriptions,content,-0.1779,0.08360000000000001,0.2615,True
4786,Magazine_Subscriptions,content,0.0,0.0,0.0,False
4787,Magazine_Subscriptions,content,0.6124,0.296,-0.31640000000000007,True
4788,Magazine_Subscriptions,billing,-0.7579,-0.6124,0.14549999999999996,True
4788,Magazine_Subscriptions,content,-0.7579,-0.6124,0.14549999999999996,True
4789,Magazine_Subscriptions,content,0.3182,0.3182,0.0,False
4790,Magazine_Subscriptions,content,0.4939,0.4939,0.0,False
4791,Magazine_Subscriptions,content,0.3182,0.3182,0.0,False
4792,Magazine_Subscriptions,content,0.35875,0.35875,0.0,False
4795,Magazine_Subscriptions,price,0.0,0.0,0.0,False
4795,Magazine_Subscriptions,content,0.836,0.836,0.0,False
4800,Magazine_Subscriptions,price,-0.6249,-0.6249,0.0,False
4801,Magazine_Subscriptions,billing,0.49744999999999995,0.49744999999999995,0.0,False
4801,Magazine_Subscriptions,content,0.2723333333333333,0.2723333333333333,0.0,False
4805,Magazine_Subscriptions,content,0.4939,0.4939,0.0,False
4808,Magazine_Subscriptions,advertising,0.0,0.0,0.0,False
4808,Magazine_Subscriptions,price,0.0,0.0,0.0,False
4810,Magazine_Subscriptions,content,0.7227,0.5719,-0.15080000000000005,True
4813,Magazine_Subscriptions,advertising,0.7717,0.7717,0.0,False
4814,Magazine_Subscriptions,advertising,0.5927,0.0,-0.5927,True
4816,Magazine_Subscriptions,content,0.8834,0.8834,0.0,False
4819,Magazine_Subscriptions,content,0.4404,0.4404,0.0,False
4821,Magazine_Subscriptions,content,0.4902,0.4902,0.0,False
4823,Magazine_Subscriptions,price,0.8442,0.8442,0.0,False
4826,Magazine_Subscriptions,delivery,0.0,0.0,0.0,False
4827,Magazine_Subscriptions,billing,0.2023,0.2023,0.0,False
4827,Magazine_Subscriptions,content,0.0,0.0,0.0,False
4828,Magazine_Subscriptions,price,0.0,0.0,0.0,False
4829,Magazine_Subscriptions,content,0.0,0.0,0.0,False
4831,Magazine_Subscriptions,content,-0.09184999999999999,-0.09184999999999999,0.0,False
4832,Magazine_Subscriptions,content,-0.6705,-0.6705,0.0,False
4832,Magazine_Subscriptions,price,-0.1695,-0.1695,0.0,False
4835,Magazine_Subscriptions,delivery,-0.5187,-0.4939,0.024800000000000044,True
4835,Magazine_Subscriptions,content,-0.25935,0.2202,0.47955000000000003,True
4836,Magazine_Subscriptions,billing,0.2144,-0.1027,-0.3171,True
4836,Magazine_Subscriptions,quality,0.0,0.0,0.0,False
4836,Magazine_Subscriptions,price,-0.0734,-0.09533333333333334,-0.021933333333333332,True
4836,Magazine_Subscriptions,content,0.0193,0.0193,0.0,False
4837,Magazine_Subscriptions,advertising,-0.2508,-0.34,-0.0892,True
4837,Magazine_Subscriptions,content,-0.2508,0.4927,0.7435,True
4838,Magazine_Subscriptions,billing,0.37787499999999996,0.24689999999999998,-0.13097499999999998,True
4840,Magazine_Subscriptions,billing,-0.0516,-0.0516,0.0,False
4840,Magazine_Subscriptions,quality,0.6369,0.6369,0.0,False
4842,Magazine_Subscriptions,billing,-0.4939,-0.4939,0.0,False
4844,Magazine_Subscriptions,billing,0.4939,0.4939,0.0,False
4844,Magazine_Subscriptions,content,0.28595,0.21075,-0.07519999999999999,True
4845,Magazine_Subscriptions,quality,-0.296,-0.296,0.0,False
4845,Magazine_Subscriptions,content,0.6369,0.6369,0.0,False
4846,Magazine_Subscriptions,billing,0.0,0.0,0.0,False
4846,Magazine_Subscriptions,content,0.0,0.0,0.0,False
4846,Magazine_Subscriptions,delivery,-0.4585,-0.4585,0.0,False
4847,Magazine_Subscriptions,advertising,0.46485,0.13073333333333334,-0.3341166666666666,True
4847,Magazine_Subscriptions,billing,0.0,0.0,0.0,False
4847,Magazine_Subscriptions,content,0.507525,0.422725,-0.08479999999999999,True
4852,Magazine_Subscriptions,billing,0.0,0.0,0.0,False
4853,Magazine_Subscriptions,content,0.0,0.0,0.0,False
4862,Magazine_Subscriptions,billing,0.4588,0.4588,0.0,False
4862,Magazine_Subscriptions,content,0.4588,0.4588,0.0,False
4863,Magazine_Subscriptions,content,0.2616,0.100475,-0.16112500000000002,True
4863,Magazine_Subscriptions,price,0.4215,0.6808,0.2593,True
4864,Magazine_Subscriptions,advertising,0.0,0.0,0.0,False
4864,Magazine_Subscriptions,quality,0.0,0.0,0.0,False
4864,Magazine_Subscriptions,price,0.0,0.0,0.0,False
4869,Magazine_Subscriptions,delivery,0.0,0.0,0.0,False
4870,Magazine_Subscriptions,billing,0.0,0.0,0.0,False
4871,Magazine_Subscriptions,billing,0.0,0.0,0.0,False
4872,Magazine_Subscriptions,content,-0.23643333333333336,-0.018133333333333317,0.21830000000000005,True
4872,Magazine_Subscriptions,delivery,-0.3944,-0.3944,0.0,False
4872,Magazine_Subscriptions,price,-0.3944,-0.3944,0.0,False
4873,Magazine_Subscriptions,content,0.4019,0.4019,0.0,False
4874,Magazine_Subscriptions,billing,-0.6808,-0.6808,0.0,False
4875,Magazine_Subscriptions,billing,-0.125,-0.125,0.0,False
4876,Magazine_Subscriptions,content,0.0,0.0,0.0,False
4877,Magazine_Subscriptions,price,0.9469,0.9469,0.0,False
4878,Magazine_Subscriptions,content,0.6987,0.6987,0.0,False
4879,Magazine_Subscriptions,price,0.0,0.0,0.0,False
4882,Magazine_Subscriptions,advertising,0.0,0.0,0.0,False
4882,Magazine_Subscriptions,billing,0.0,0.0,0.0,False
4882,Magazine_Subscriptions,content,0.2235,0.2235,0.0,False
4883,Magazine_Subscriptions,advertising,0.0,0.0,0.0,False
4884,Magazine_Subscriptions,content,0.1806,0.1806,0.0,False
4885,Magazine_Subscriptions,quality,0.7845,0.7845,0.0,False
4887,Magazine_Subscriptions,content,0.0,0.0,0.0,False
4888,Magazine_Subscriptions,content,0.5106,0.5106,0.0,False
4889,Magazine_Subscriptions,content,0.17,0.17,0.0,False
4890,Magazine_Subscriptions,content,0.6124,0.6124,0.0,False
4891,Magazine_Subscriptions,delivery,0.7351,0.7351,0.0,False
4892,Magazine_Subscriptions,advertising,0.5411,0.5411,0.0,False
4893,Magazine_Subscriptions,content,0.3474,0.3474,0.0,False
4893,Magazine_Subscriptions,customer_service,0.0,0.0,0.0,False
4894,Magazine_Subscriptions,content,0.0,0.0,0.0,False
4896,Magazine_Subscriptions,billing,0.0,0.0,0.0,False
4896,Magazine_Subscriptions,quality,-0.08475,-0.08475,0.0,False
4896,Magazine_Subscriptions,price,-0.1695,-0.1695,0.0,False
4896,Magazine_Subscriptions,advertising,0.0,0.0,0.0,False
4896,Magazine_Subscriptions,content,0.0,0.0,0.0,False
4899,Magazine_Subscriptions,content,-0.7003,-0.7003,0.0,False
4900,Magazine_Subscriptions,advertising,0.0,0.0,0.0,False
4901,Magazine_Subscriptions,content,0.7845,0.7845,0.0,False
4902,Magazine_Subscriptions,price,0.4035,0.4035,0.0,False
4903,Magazine_Subscriptions,quality,-0.012,-0.024,-0.012,True
4903,Magazine_Subscriptions,content,-0.012,-0.024,-0.012,True
4904,Magazine_Subscriptions,content,0.4019,0.4019,0.0,False
4905,Magazine_Subscriptions,advertising,-0.50875,-0.50875,0.0,False
4905,Magazine_Subscriptions,billing,-0.3056,-0.25,0.05559999999999998,True
4905,Magazine_Subscriptions,content,-0.3104,-0.2548,0.05559999999999998,True
4908,Magazine_Subscriptions,content,0.6336999999999999,0.6336999999999999,0.0,False
4911,Magazine_Subscriptions,billing,0.0,0.0,0.0,False
4911,Magazine_Subscriptions,content,0.0,0.0,0.0,False
4912,Magazine_Subscriptions,content,0.7003,0.7003,0.0,False
4912,Magazine_Subscriptions,price,0.0,0.0,0.0,False
4917,Magazine_Subscriptions,content,0.1898,0.16264285714285714,-0.027157142857142852,True
4917,Magazine_Subscriptions,quality,0.0,0.0,0.0,False
4917,Magazine_Subscriptions,delivery,0.1901,0.0,-0.1901,True
4918,Magazine_Subscriptions,content,0.2263,0.11315,-0.11315,True
4918,Magazine_Subscriptions,price,0.2263,0.2263,0.0,False
4919,Magazine_Subscriptions,price,0.33316666666666667,0.33316666666666667,0.0,False
4920,Magazine_Subscriptions,content,0.5984,0.5984,0.0,False
4922,Magazine_Subscriptions,billing,-0.4391,-0.4391,0.0,False
4925,Magazine_Subscriptions,content,0.5719,0.4215,-0.15039999999999998,True
4926,Magazine_Subscriptions,content,0.0,0.0,0.0,False
4927,Magazine_Subscriptions,content,0.0,0.0,0.0,False
4932,Magazine_Subscriptions,advertising,0.3167,0.3167,0.0,False
4932,Magazine_Subscriptions,billing,-0.25,-0.25,0.0,False
4934,Magazine_Subscriptions,content,0.2732,0.2732,0.0,False
4936,Magazine_Subscriptions,advertising,0.5023,0.3612,-0.14109999999999995,True
4936,Magazine_Subscriptions,content,0.5023,0.1806,-0.3217,True
4938,Magazine_Subscriptions,content,0.26816666666666666,0.15846666666666667,-0.10969999999999999,True
4939,Magazine_Subscriptions,content,0.0,0.0,0.0,False
4940,Magazine_Subscriptions,content,0.5423,0.5423,0.0,False
4941,Magazine_Subscriptions,billing,0.0,0.0,0.0,False
4941,Magazine_Subscriptions,content,0.14985,0.0683,-0.08155000000000001,True
4941,Magazine_Subscriptions,price,0.3182,0.3182,0.0,False
4942,Magazine_Subscriptions,content,0.3716,0.6249,0.2533,True
4943,Magazine_Subscriptions,content,0.06230000000000002,0.06803333333333335,0.005733333333333326,True
4944,Magazine_Subscriptions,content,0.6249,0.6249,0.0,False
4945,Magazine_Subscriptions,content,0.7783,0.7783,0.0,False
4946,Magazine_Subscriptions,content,0.0,0.0,0.0,False
4950,Magazine_Subscriptions,price,0.6249,0.6249,0.0,False
4953,Magazine_Subscriptions,quality,0.0,0.0,0.0,False
4953,Magazine_Subscriptions,content,-0.008999999999999994,0.03787499999999999,0.046874999999999986,True
4958,Magazine_Subscriptions,content,0.8271,0.8271,0.0,False
4961,Magazine_Subscriptions,content,0.26335,0.26335,0.0,False
4962,Magazine_Subscriptions,quality,0.0,0.0,0.0,False
4962,Magazine_Subscriptions,content,-0.09183333333333334,-0.09183333333333334,0.0,False
4963,Magazine_Subscriptions,advertising,-0.3089,-0.3089,0.0,False
4966,Magazine_Subscriptions,billing,-0.25,-0.25,0.0,False
4967,Magazine_Subscriptions,content,0.71375,0.71375,0.0,False
4968,Magazine_Subscriptions,content,0.0,0.0,0.0,False
4972,Magazine_Subscriptions,content,0.7444,0.7444,0.0,False
4973,Magazine_Subscriptions,content,0.7003,0.7003,0.0,False
4974,Magazine_Subscriptions,advertising,0.4404,0.4404,0.0,False
4974,Magazine_Subscriptions,content,0.65785,0.65785,0.0,False
4979,Magazine_Subscriptions,delivery,-0.22095714285714285,-0.22095714285714285,0.0,False
4979,Magazine_Subscriptions,quality,-0.3612,-0.3612,0.0,False
4979,Magazine_Subscriptions,price,-0.2850333333333333,-0.2850333333333333,0.0,False
4979,Magazine_Subscriptions,content,-0.12040000000000001,-0.12040000000000001,0.0,False
4985,Magazine_Subscriptions,content,0.4926,0.4926,0.0,False
4986,Magazine_Subscriptions,content,0.4404,0.4404,0.0,False
4987,Magazine_Subscriptions,billing,0.3482,-0.3865,-0.7347,True
4989,Magazine_Subscriptions,content,0.5106,0.5106,0.0,False
4990,Magazine_Subscriptions,advertising,0.34,0.34,0.0,False
4990,Magazine_Subscriptions,content,0.8074,0.7845,-0.02290000000000003,True
4990,Magazine_Subscriptions,price,0.34,0.34,0.0,False
4995,Magazine_Subscriptions,price,0.8316,0.8316,0.0,False
4996,Magazine_Subscriptions,content,0.5994,0.5994,0.0,False
4997,Magazine_Subscriptions,content,0.9153,0.9153,0.0,False
4999,Magazine_Subscriptions,content,0.7845,0.7845,0.0,False
5001,Magazine_Subscriptions,content,0.4939,0.4939,0.0,False
5004,Magazine_Subscriptions,advertising,0.0,0.0,0.0,False
5004,Magazine_Subscriptions,price,0.0,0.0,0.0,False
5005,Magazine_Subscriptions,content,0.3089,0.3089,0.0,False
5005,Magazine_Subscriptions,quality,0.3089,0.3089,0.0,False
5005,Magazine_Subscriptions,price,0.5279,0.5279,0.0,False
5007,Magazine_Subscriptions,quality,0.0,0.0,0.0,False
5007,Magazine_Subscriptions,content,-0.12916666666666668,-0.12916666666666668,0.0,False
5008,Magazine_Subscriptions,content,0.6249,0.6249,0.0,False
5009,Magazine_Subscriptions,content,0.0,0.0,0.0,False
5012,Magazine_Subscriptions,billing,0.4019,0.4019,0.0,False
5012,Magazine_Subscriptions,content,0.5719,0.5719,0.0,False
5014,Magazine_Subscriptions,delivery,0.3716,0.0,-0.3716,True
5015,Magazine_Subscriptions,content,0.7941,0.7941,0.0,False
5016,Magazine_Subscriptions,quality,0.5994,0.5994,0.0,False
5016,Magazine_Subscriptions,content,0.6249,0.6249,0.0,False
5019,Magazine_Subscriptions,billing,-0.25,-0.25,0.0,False
5019,Magazine_Subscriptions,price,-0.25,-0.25,0.0,False
5020,Magazine_Subscriptions,billing,-0.25,-0.25,0.0,False
5020,Magazine_Subscriptions,content,0.18575,0.18575,0.0,False
5021,Magazine_Subscriptions,billing,0.7096,0.7096,0.0,False
5023,Magazine_Subscriptions,content,0.2646,0.2646,0.0,False
5024,Magazine_Subscriptions,advertising,-0.2263,-0.2263,0.0,False
5024,Magazine_Subscriptions,content,0.71952,0.67986,-0.03966000000000003,True
5024,Magazine_Subscriptions,delivery,0.0,0.0,0.0,False
5025,Magazine_Subscriptions,content,0.6369,0.6369,0.0,False
5028,Magazine_Subscriptions,price,0.4939,0.4939,0.0,False
5029,Magazine_Subscriptions,delivery,0.0,0.0,0.0,False
5030,Magazine_Subscriptions,content,0.6369,0.6369,0.0,False
5036,Magazine_Subscriptions,quality,0.0,0.0,0.0,False
5036,Magazine_Subscriptions,content,0.0,0.0,0.0,False
5037,Magazine_Subscriptions,quality,0.34,0.34,0.0,False
5037,Magazine_Subscriptions,content,0.52775,0.52775,0.0,False
5038,Magazine_Subscriptions,price,0.6588,0.6588,0.0,False
5039,Magazine_Subscriptions,content,0.5411,0.5411,0.0,False
5040,Magazine_Subscriptions,advertising,0.4144,0.4144,0.0,False
5040,Magazine_Subscriptions,content,0.4144,0.4144,0.0,False
5041,Magazine_Subscriptions,content,0.0,0.0,0.0,False
5042,Magazine_Subscriptions,content,0.4939,0.4939,0.0,False
5044,Magazine_Subscriptions,advertising,0.6808,0.6808,0.0,False
5044,Magazine_Subscriptions,content,0.6808,0.6808,0.0,False
5045,Magazine_Subscriptions,price,0.6696,0.6696,0.0,False
5046,Magazine_Subscriptions,content,0.0,0.0,0.0,False
5048,Magazine_Subscriptions,price,0.4939,0.4939,0.0,False
5049,Magazine_Subscriptions,advertising,0.0,0.0,0.0,False
5049,Magazine_Subscriptions,price,0.7684,0.6249,-0.14349999999999996,True
5050,Magazine_Subscriptions,content,0.9349,0.9349,0.0,False
5052,Magazine_Subscriptions,quality,0.7263,0.7263,0.0,False
5052,Magazine_Subscriptions,price,0.48115,0.48115,0.0,False
5054,Magazine_Subscriptions,delivery,0.0,0.0,0.0,False
5054,Magazine_Subscriptions,customer_service,-0.8176,-0.743,0.0746,True
5055,Magazine_Subscriptions,content,0.7469,0.0,-0.7469,True
5056,Magazine_Subscriptions,price,0.6239,0.6239,0.0,False
5057,Magazine_Subscriptions,advertising,0.0,0.0,0.0,False
5057,Magazine_Subscriptions,content,0.5174,0.5174,0.0,False
5057,Magazine_Subscriptions,price,0.6269,0.42595,-0.20095000000000002,True
5058,Magazine_Subscriptions,content,0.0,0.0,0.0,False
5059,Magazine_Subscriptions,billing,-0.18200000000000002,-0.18200000000000002,0.0,False
5059,Magazine_Subscriptions,content,0.0,0.0,0.0,False
5060,Magazine_Subscriptions,content,0.0,0.0,0.0,False
5062,Magazine_Subscriptions,advertising,0.24695,0.24695,0.0,False
5062,Magazine_Subscriptions,content,0.46866666666666673,0.46866666666666673,0.0,False
5063,Magazine_Subscriptions,content,-0.0772,-0.0772,0.0,False
5063,Magazine_Subscriptions,price,-0.0772,-0.0772,0.0,False
5065,Magazine_Subscriptions,content,0.0,0.0,0.0,False
5067,Magazine_Subscriptions,content,0.67215,0.67215,0.0,False
5068,Magazine_Subscriptions,content,0.5719,0.5719,0.0,False
5070,Magazine_Subscriptions,content,0.6393500000000001,0.4329,-0.20645000000000008,True
5074,Magazine_Subscriptions,delivery,0.4404,0.4404,0.0,False
5075,Magazine_Subscriptions,billing,0.0,0.0,0.0,False
5075,Magazine_Subscriptions,price,0.5267,0.5267,0.0,False
5077,Magazine_Subscriptions,content,0.4404,0.4404,0.0,False
5079,Magazine_Subscriptions,content,0.0,0.0,0.0,False
5080,Magazine_Subscriptions,content,0.8678,0.8678,0.0,False
5085,Magazine_Subscriptions,content,0.7845,0.7845,0.0,False
5086,Magazine_Subscriptions,content,0.0,0.0,0.0,False
5087,Magazine_Subscriptions,advertising,0.2294,0.2294,0.0,False
5087,Magazine_Subscriptions,content,0.4271,0.38326666666666664,-0.043833333333333335,True
5087,Magazine_Subscriptions,price,0.684,0.684,0.0,False
5089,Magazine_Subscriptions,quality,0.0,0.0,0.0,False
5089,Magazine_Subscriptions,content,0.5927,0.4404,-0.1523,True
5090,Magazine_Subscriptions,advertising,0.0,0.0,0.0,False
5091,Magazine_Subscriptions,billing,-0.25,-0.25,0.0,False
5092,Magazine_Subscriptions,advertising,0.446975,0.35758,-0.089395,True
5094,Magazine_Subscriptions,advertising,0.3975,0.3975,0.0,False
5094,Magazine_Subscriptions,content,0.4406666666666666,0.33383333333333326,-0.10683333333333334,True
5094,Magazine_Subscriptions,quality,-0.07365,-0.07365,0.0,False
5097,Magazine_Subscriptions,price,0.4939,0.4939,0.0,False
5097,Magazine_Subscriptions,content,0.31845,0.31845,0.0,False
5098,Magazine_Subscriptions,content,0.5777,0.5777,0.0,False
5100,Magazine_Subscriptions,quality,0.3818,0.3818,0.0,False
5101,Magazine_Subscriptions,advertising,0.0,0.0,0.0,False
5101,Magazine_Subscriptions,content,-0.028899999999999995,0.07220000000000001,0.10110000000000001,True
5103,Magazine_Subscriptions,content,0.0772,0.0772,0.0,False
5104,Magazine_Subscriptions,content,0.7599,0.6959,-0.06400000000000006,True
5105,Magazine_Subscriptions,content,0.7717,0.7717,0.0,False
5106,Magazine_Subscriptions,content,0.4019,0.4019,0.0,False
5108,Magazine_Subscriptions,content,0.5574,0.5574,0.0,False
5111,Magazine_Subscriptions,delivery,0.7506,0.7506,0.0,False
5112,Magazine_Subscriptions,delivery,0.0,0.0,0.0,False
5113,Magazine_Subscriptions,content,0.128,0.0,-0.128,True
5114,Magazine_Subscriptions,content,0.5568500000000001,0.5568500000000001,0.0,False
5118,Magazine_Subscriptions,advertising,0.0,0.0,0.0,False
5120,Magazine_Subscriptions,delivery,0.0,0.0,0.0,False
5120,Magazine_Subscriptions,content,0.0,0.0,0.0,False
5122,Magazine_Subscriptions,content,0.7351,0.7351,0.0,False
5123,Magazine_Subscriptions,advertising,-0.03423333333333333,-0.03423333333333333,0.0,False
5123,Magazine_Subscriptions,content,0.16305999999999998,0.13588333333333333,-0.027176666666666655,True
5124,Magazine_Subscriptions,content,0.4939,0.4939,0.0,False
5125,Magazine_Subscriptions,content,-0.4767,-0.4767,0.0,False
5126,Magazine_Subscriptions,advertising,0.6288,0.6288,0.0,False
5126,Magazine_Subscriptions,content,0.6288,0.6288,0.0,False
5126,Magazine_Subscriptions,price,0.6288,0.6288,0.0,False
5127,Magazine_Subscriptions,price,0.7461,0.5984,-0.14769999999999994,True
5127,Magazine_Subscriptions,content,0.49195,0.455025,-0.036924999999999986,True
5128,Magazine_Subscriptions,content,0.7269,0.7269,0.0,False
5129,Magazine_Subscriptions,content,0.6323,0.6323,0.0,False
5132,Magazine_Subscriptions,content,0.0,0.0,0.0,False
5137,Magazine_Subscriptions,content,0.0,0.0,0.0,False
5145,Magazine_Subscriptions,delivery,0.4939,0.4939,0.0,False
5148,Magazine_Subscriptions,content,0.2177,0.2177,0.0,False
5150,Magazine_Subscriptions,content,0.4939,0.4939,0.0,False
5152,Magazine_Subscriptions,price,0.6114,0.6114,0.0,False
5155,Magazine_Subscriptions,content,0.4868,0.4868,0.0,False
5157,Magazine_Subscriptions,content,0.9001,0.9001,0.0,False
5158,Magazine_Subscriptions,content,0.8625,0.8625,0.0,False
5160,Magazine_Subscriptions,content,0.16915000000000002,0.5067,0.33755,True
5164,Magazine_Subscriptions,content,0.0,0.0,0.0,False
5166,Magazine_Subscriptions,content,0.6369,0.6369,0.0,False
5169,Magazine_Subscriptions,advertising,0.5335,0.2463,-0.2872,True
5171,Magazine_Subscriptions,content,0.1366,0.1366,0.0,False
5171,Magazine_Subscriptions,quality,0.6908,0.6908,0.0,False
5171,Magazine_Subscriptions,price,0.6908,0.6908,0.0,False
5172,Magazine_Subscriptions,content,0.0516,0.0516,0.0,False
5172,Magazine_Subscriptions,price,0.6249,0.6249,0.0,False
5175,Magazine_Subscriptions,price,0.6249,0.6249,0.0,False
5178,Magazine_Subscriptions,content,-0.23835,-0.23835,0.0,False
5182,Magazine_Subscriptions,content,0.3182,0.3182,0.0,False
5183,Magazine_Subscriptions,advertising,0.444975,0.444975,0.0,False
5183,Magazine_Subscriptions,content,0.5869,0.58385,-0.003049999999999997,True
5184,Magazine_Subscriptions,advertising,0.0,0.0,0.0,False
5184,Magazine_Subscriptions,billing,-0.4519,-0.4519,0.0,False
5189,Magazine_Subscriptions,advertising,0.3291,0.0,-0.3291,True
5191,Magazine_Subscriptions,content,0.6249,0.6249,0.0,False
5193,Magazine_Subscriptions,content,0.0,0.0,0.0,False
5193,Magazine_Subscriptions,customer_service,-0.3412,-0.3412,0.0,False
5194,Magazine_Subscriptions,advertising,0.6249,0.6249,0.0,False
5198,Magazine_Subscriptions,delivery,0.0,0.0,0.0,False
5198,Magazine_Subscriptions,price,0.6249,0.6249,0.0,False
5200,Magazine_Subscriptions,content,0.37095,0.37095,0.0,False
5201,Magazine_Subscriptions,content,0.7777,0.7777,0.0,False
5206,Magazine_Subscriptions,delivery,0.7783,0.7783,0.0,False
5206,Magazine_Subscriptions,content,0.24695,0.24695,0.0,False
5208,Magazine_Subscriptions,content,0.8805,0.8805,0.0,False
5209,Magazine_Subscriptions,price,0.34,0.34,0.0,False
5209,Magazine_Subscriptions,content,0.17,0.17,0.0,False
5210,Magazine_Subscriptions,advertising,0.0,0.0,0.0,False
5210,Magazine_Subscriptions,content,0.40526666666666666,0.40526666666666666,0.0,False
5211,Magazine_Subscriptions,quality,0.0,0.0,0.0,False
5211,Magazine_Subscriptions,content,0.60035,0.60035,0.0,False
5212,Magazine_Subscriptions,content,0.5859,0.5859,0.0,False
5213,Magazine_Subscriptions,content,0.7157,0.0,-0.7157,True
5218,Magazine_Subscriptions,delivery,0.6808,0.3612,-0.31959999999999994,True
5221,Magazine_Subscriptions,content,0.36755,0.36755,0.0,False
5223,Magazine_Subscriptions,content,0.8655,0.8655,0.0,False
5225,Magazine_Subscriptions,content,-0.6167,-0.6167,0.0,False
5226,Magazine_Subscriptions,content,0.6997,0.6997,0.0,False
5226,Magazine_Subscriptions,price,0.6997,0.6997,0.0,False
5229,Magazine_Subscriptions,billing,0.0,0.0,0.0,False
5231,Magazine_Subscriptions,price,0.2263,0.2263,0.0,False
5231,Magazine_Subscriptions,content,0.6249,0.6249,0.0,False
5233,Magazine_Subscriptions,content,0.1531,0.0,-0.1531,True
5239,Magazine_Subscriptions,content,0.6769000000000001,0.6769000000000001,0.0,False
5242,Magazine_Subscriptions,content,0.796,0.796,0.0,False
5242,Magazine_Subscriptions,packaging,0.4927,0.4927,0.0,False
5243,Magazine_Subscriptions,billing,0.9542,0.9542,0.0,False
5243,Magazine_Subscriptions,price,0.9542,0.9542,0.0,False
5247,Magazine_Subscriptions,delivery,0.4767,0.4767,0.0,False
5247,Magazine_Subscriptions,content,0.2083,0.2083,0.0,False
5248,Magazine_Subscriptions,billing,-0.189,-0.3102,-0.12119999999999997,True
5248,Magazine_Subscriptions,content,0.11506666666666666,0.07466666666666667,-0.04039999999999999,True
5248,Magazine_Subscriptions,quality,-0.1027,-0.1027,0.0,False
5251,Magazine_Subscriptions,price,0.7964,0.7964,0.0,False
5254,Magazine_Subscriptions,content,0.4404,0.4404,0.0,False
5258,Magazine_Subscriptions,billing,-0.3802,-0.25795,0.12224999999999997,True
5258,Magazine_Subscriptions,content,0.1655,0.7845,0.619,True
5258,Magazine_Subscriptions,price,0.6597,0.6597,0.0,False
5261,Magazine_Subscriptions,quality,0.6249,0.6249,0.0,False
5262,Magazine_Subscriptions,content,0.6249,0.6249,0.0,False
5264,Magazine_Subscriptions,advertising,0.0,0.0,0.0,False
5264,Magazine_Subscriptions,billing,0.0,0.0,0.0,False
5264,Magazine_Subscriptions,content,0.0,0.0,0.0,False
5265,Magazine_Subscriptions,advertising,0.296,0.296,0.0,False
5265,Magazine_Subscriptions,content,0.296,0.296,0.0,False
5267,Magazine_Subscriptions,content,0.4166666666666667,0.4166666666666667,0.0,False
5272,Magazine_Subscriptions,content,0.0,0.0,0.0,False
5274,Magazine_Subscriptions,content,0.6808,0.6808,0.0,False
5275,Magazine_Subscriptions,content,0.4404,0.4404,0.0,False
5276,Magazine_Subscriptions,content,0.3612,0.3612,0.0,False
5277,Magazine_Subscriptions,content,-0.08574999999999999,0.01865,0.10439999999999999,True
5278,Magazine_Subscriptions,content,0.6581,0.6581,0.0,False
5281,Magazine_Subscriptions,billing,0.09505,0.0,-0.09505,True
5281,Magazine_Subscriptions,content,0.0,0.0,0.0,False
5281,Magazine_Subscriptions,price,-0.4215,-0.4215,0.0,False
5282,Magazine_Subscriptions,advertising,0.6387,0.6249,-0.013800000000000034,True
5283,Magazine_Subscriptions,content,0.0,0.0,0.0,False
5298,Magazine_Subscriptions,content,0.4522,0.4522,0.0,False
5301,Magazine_Subscriptions,content,0.5106,0.4404,-0.07020000000000004,True
5303,Magazine_Subscriptions,content,0.0,0.0,0.0,False
5304,Magazine_Subscriptions,content,-0.7495,-0.7495,0.0,False
5306,Magazine_Subscriptions,quality,0.4019,0.4019,0.0,False
5306,Magazine_Subscriptions,content,0.54135,0.54135,0.0,False
5307,Magazine_Subscriptions,content,0.6420666666666667,0.6420666666666667,0.0,False
5310,Magazine_Subscriptions,advertising,0.8779,0.8779,0.0,False
5310,Magazine_Subscriptions,content,0.8065,0.8065,0.0,False
5311,Magazine_Subscriptions,content,0.4404,0.4404,0.0,False
5313,Magazine_Subscriptions,billing,0.0,0.0,0.0,False
5313,Magazine_Subscriptions,content,0.0201,0.0201,0.0,False
5313,Magazine_Subscriptions,customer_service,0.0201,0.0201,0.0,False
5315,Magazine_Subscriptions,advertising,0.8171,0.5562,-0.2609,True
5315,Magazine_Subscriptions,content,0.8171,0.6697,-0.1474000000000001,True
5317,Magazine_Subscriptions,price,0.5994,0.5994,0.0,False
5319,Magazine_Subscriptions,billing,-0.2755,-0.2755,0.0,False
5320,Magazine_Subscriptions,advertising,0.125,0.125,0.0,False
5320,Magazine_Subscriptions,content,0.8977,0.8977,0.0,False
5322,Magazine_Subscriptions,price,0.7574,0.7574,0.0,False
5323,Magazine_Subscriptions,content,0.0,0.0,0.0,False
5323,Magazine_Subscriptions,customer_service,0.6428,0.2732,-0.36960000000000004,True
5324,Magazine_Subscriptions,content,0.0,0.0,0.0,False
5325,Magazine_Subscriptions,price,0.0772,0.0772,0.0,False
5326,Magazine_Subscriptions,billing,0.1877,0.1877,0.0,False
5326,Magazine_Subscriptions,delivery,0.18116666666666667,0.18116666666666667,0.0,False
5326,Magazine_Subscriptions,price,-0.4588,-0.4588,0.0,False
5326,Magazine_Subscriptions,content,0.07116,0.07116,0.0,False
5327,Magazine_Subscriptions,billing,0.2752,0.2752,0.0,False
5329,Magazine_Subscriptions,content,0.6792,0.6792,0.0,False
5332,Magazine_Subscriptions,delivery,-0.4939,-0.4939,0.0,False
5332,Magazine_Subscriptions,content,0.4404,0.4404,0.0,False
5333,Magazine_Subscriptions,content,0.7845,0.7845,0.0,False
5334,Magazine_Subscriptions,content,0.4588,0.4588,0.0,False
5335,Magazine_Subscriptions,content,0.34263333333333335,0.34263333333333335,0.0,False
5336,Magazine_Subscriptions,content,-0.1531,-0.1531,0.0,False
5337,Magazine_Subscriptions,content,0.91,0.91,0.0,False
5338,Magazine_Subscriptions,content,0.5198,0.5198,0.0,False
5342,Magazine_Subscriptions,content,-0.128,-0.128,0.0,False
5344,Magazine_Subscriptions,content,0.73295,0.73295,0.0,False
5345,Magazine_Subscriptions,content,0.0,0.0,0.0,False
5346,Magazine_Subscriptions,advertising,0.0,0.0,0.0,False
5347,Magazine_Subscriptions,delivery,0.0,0.0,0.0,False
5348,Magazine_Subscriptions,content,0.82535,0.5964,-0.22895,True
5350,Magazine_Subscriptions,billing,-0.273,-0.273,0.0,False
5351,Magazine_Subscriptions,content,0.6808,0.6808,0.0,False
5352,Magazine_Subscriptions,content,0.875,0.875,0.0,False
5354,Magazine_Subscriptions,price,0.4824,0.4824,0.0,False
5355,Magazine_Subscriptions,content,0.0,0.0,0.0,False
5356,Magazine_Subscriptions,price,0.8338,0.7096,-0.12419999999999998,True
5356,Magazine_Subscriptions,content,0.3570333333333333,0.3570333333333333,0.0,False
5357,Magazine_Subscriptions,content,-0.3506,0.6249,0.9755,True
5358,Magazine_Subscriptions,advertising,0.0,0.0,0.0,False
5358,Magazine_Subscriptions,content,0.0,0.0,0.0,False
5358,Magazine_Subscriptions,price,-0.34,-0.34,0.0,False
5359,Magazine_Subscriptions,advertising,0.901,0.8107,-0.09030000000000005,True
5359,Magazine_Subscriptions,content,0.6224999999999999,0.5923999999999999,-0.030100000000000016,True
5360,Magazine_Subscriptions,billing,-0.3428,-0.3428,0.0,False
5360,Magazine_Subscriptions,content,0.5106,0.5106,0.0,False
5360,Magazine_Subscriptions,customer_service,0.1779,0.1779,0.0,False
5362,Magazine_Subscriptions,content,0.31845,0.31845,0.0,False
5363,Magazine_Subscriptions,content,0.8481,0.8481,0.0,False
5363,Magazine_Subscriptions,price,0.8481,0.8481,0.0,False
5364,Magazine_Subscriptions,content,0.0,0.0,0.0,False
5365,Magazine_Subscriptions,delivery,-0.4588,-0.7184,-0.25960000000000005,True
5365,Magazine_Subscriptions,content,-0.4588,-0.7184,-0.25960000000000005,True
5369,Magazine_Subscriptions,content,-0.4939,-0.4939,0.0,False
5372,Magazine_Subscriptions,advertising,0.0,0.0,0.0,False
5372,Magazine_Subscriptions,billing,0.7184,0.7184,0.0,False
5372,Magazine_Subscriptions,content,0.0,0.0,0.0,False
5374,Magazine_Subscriptions,content,0.13670000000000002,0.13670000000000002,0.0,False
5375,Magazine_Subscriptions,advertising,0.0,0.0,0.0,False
5375,Magazine_Subscriptions,content,0.4215,0.4215,0.0,False
5377,Magazine_Subscriptions,content,-0.6798,0.0,0.6798,True
5381,Magazine_Subscriptions,billing,0.3612,0.3612,0.0,False
5381,Magazine_Subscriptions,quality,0.743,0.743,0.0,False
5381,Magazine_Subscriptions,delivery,0.3612,0.3612,0.0,False
5383,Magazine_Subscriptions,delivery,0.0,0.0,0.0,False
5383,Magazine_Subscriptions,content,0.4404,0.4404,0.0,False
5385,Magazine_Subscriptions,billing,0.4926,0.4926,0.0,False
5386,Magazine_Subscriptions,content,0.3786,0.3786,0.0,False
5389,Magazine_Subscriptions,content,0.6249,0.6249,0.0,False
5390,Magazine_Subscriptions,content,0.4927,0.4927,0.0,False
5392,Magazine_Subscriptions,content,0.42393333333333333,0.42393333333333333,0.0,False
5394,Magazine_Subscriptions,delivery,0.0,0.0,0.0,False
5394,Magazine_Subscriptions,content,0.0,0.0,0.0,False
5395,Magazine_Subscriptions,advertising,-0.4416,-0.4416,0.0,False
5395,Magazine_Subscriptions,content,0.4588,0.4588,0.0,False
5396,Magazine_Subscriptions,content,-0.5607,-0.5834,-0.022700000000000053,True
5398,Magazine_Subscriptions,content,0.4019,0.4019,0.0,False
5402,Magazine_Subscriptions,content,0.0,0.0,0.0,False
5403,Magazine_Subscriptions,billing,-0.25,-0.25,0.0,False
5406,Magazine_Subscriptions,content,0.5563,0.47635,-0.07995000000000002,True
5407,Magazine_Subscriptions,billing,-0.4215,-0.4215,0.0,False
5407,Magazine_Subscriptions,customer_service,-0.2997,-0.2997,0.0,False
5407,Magazine_Subscriptions,quality,0.5023,0.3612,-0.14109999999999995,True
5407,Magazine_Subscriptions,advertising,0.5023,0.3612,-0.14109999999999995,True
5408,Magazine_Subscriptions,advertising,0.4404,0.4404,0.0,False
5409,Magazine_Subscriptions,delivery,-0.1645,-0.1645,0.0,False
5409,Magazine_Subscriptions,price,-0.1645,-0.1645,0.0,False
5411,Magazine_Subscriptions,content,0.0,0.0,0.0,False
5413,Magazine_Subscriptions,content,0.7964,0.7964,0.0,False
5414,Magazine_Subscriptions,advertising,0.0,0.0,0.0,False
5415,Magazine_Subscriptions,delivery,-0.2714,-0.2714,0.0,False
5419,Magazine_Subscriptions,content,0.4767,0.4767,0.0,False
5420,Magazine_Subscriptions,content,0.1531,0.1531,0.0,False
5421,Magazine_Subscriptions,advertising,0.1513,0.1513,0.0,False
5421,Magazine_Subscriptions,content,0.1513,0.1513,0.0,False
5425,Magazine_Subscriptions,price,0.7263,0.7263,0.0,False
5427,Magazine_Subscriptions,content,0.0,0.0,0.0,False
5428,Magazine_Subscriptions,advertising,-0.1591,-0.1591,0.0,False
5428,Magazine_Subscriptions,content,-0.3182,-0.3182,0.0,False
5429,Magazine_Subscriptions,delivery,0.5719,0.5719,0.0,False
5431,Magazine_Subscriptions,content,0.25,0.25,0.0,False
5433,Magazine_Subscriptions,content,0.8338,0.7096,-0.12419999999999998,True
5434,Magazine_Subscriptions,billing,-0.5106,-0.25,0.26060000000000005,True
5434,Magazine_Subscriptions,delivery,-0.5106,-0.296,0.21460000000000007,True
5434,Magazine_Subscriptions,advertising,0.0,0.0,0.0,False
5434,Magazine_Subscriptions,content,0.0,0.0,0.0,False
5436,Magazine_Subscriptions,price,0.6588,0.6588,0.0,False
5439,Magazine_Subscriptions,content,0.8519,0.8519,0.0,False
5439,Magazine_Subscriptions,price,0.7003,0.7003,0.0,False
5440,Magazine_Subscriptions,billing,-0.25,-0.25,0.0,False
5442,Magazine_Subscriptions,delivery,0.0,0.0,0.0,False
5442,Magazine_Subscriptions,content,0.0,0.0,0.0,False
5443,Magazine_Subscriptions,content,0.7783,0.7783,0.0,False
5447,Magazine_Subscriptions,price,0.4588,0.4588,0.0,False
5448,Magazine_Subscriptions,content,0.6249,0.6249,0.0,False
5449,Magazine_Subscriptions,content,0.0,0.0,0.0,False
5451,Magazine_Subscriptions,content,0.5566,0.5566,0.0,False
5453,Magazine_Subscriptions,content,0.802,0.802,0.0,False
5454,Magazine_Subscriptions,quality,0.6327,0.6327,0.0,False
5454,Magazine_Subscriptions,content,0.0,0.0,0.0,False
5458,Magazine_Subscriptions,content,-0.11048333333333334,-0.11048333333333334,0.0,False
5458,Magazine_Subscriptions,customer_service,0.1908,0.1908,0.0,False
5458,Magazine_Subscriptions,delivery,0.4404,0.4404,0.0,False
5459,Magazine_Subscriptions,content,0.6249,0.6249,0.0,False
5460,Magazine_Subscriptions,content,0.0,0.0,0.0,False
5462,Magazine_Subscriptions,quality,0.5719,0.5719,0.0,False
5464,Magazine_Subscriptions,content,0.6249,0.6249,0.0,False
5468,Magazine_Subscriptions,price,0.4588,0.4588,0.0,False
5470,Magazine_Subscriptions,quality,0.7906,0.7906,0.0,False
5471,Magazine_Subscriptions,billing,-0.25,-0.4019,-0.15189999999999998,True
5479,Magazine_Subscriptions,price,0.3864,0.2506,-0.13580000000000003,True
5479,Magazine_Subscriptions,content,0.22176666666666667,0.08596666666666668,-0.13579999999999998,True
5480,Magazine_Subscriptions,advertising,0.0,0.0,0.0,False
5480,Magazine_Subscriptions,billing,-0.25,-0.25,0.0,False
5480,Magazine_Subscriptions,price,-0.25,-0.25,0.0,False
5481,Magazine_Subscriptions,content,0.4019,0.4019,0.0,False
5482,Magazine_Subscriptions,content,0.7003,0.7003,0.0,False
5485,Magazine_Subscriptions,advertising,0.4201,-0.1027,-0.5227999999999999,True
5485,Magazine_Subscriptions,content,0.4201,-0.1027,-0.5227999999999999,True
5488,Magazine_Subscriptions,content,0.6696,0.6696,0.0,False
5489,Magazine_Subscriptions,advertising,0.0,0.0,0.0,False
5489,Magazine_Subscriptions,content,0.0,0.0,0.0,False
5493,Magazine_Subscriptions,content,0.4201,0.4201,0.0,False
5496,Magazine_Subscriptions,advertising,-0.296,-0.296,0.0,False
5496,Magazine_Subscriptions,content,0.0,0.0,0.0,False
5496,Magazine_Subscriptions,quality,0.01935,0.0,-0.01935,True
5497,Magazine_Subscriptions,content,0.6369,0.6369,0.0,False
5498,Magazine_Subscriptions,content,0.6868000000000001,0.6868000000000001,0.0,False
5498,Magazine_Subscriptions,price,0.7959,0.7959,0.0,False
5505,Magazine_Subscriptions,price,0.5093,0.5093,0.0,False
5506,Magazine_Subscriptions,content,0.7906,-0.296,-1.0866,True
5506,Magazine_Subscriptions,delivery,0.7906,-0.296,-1.0866,True
5506,Magazine_Subscriptions,price,0.7906,0.8481,0.057499999999999996,True
5507,Magazine_Subscriptions,content,0.4404,0.4404,0.0,False
5508,Magazine_Subscriptions,price,0.144,0.144,0.0,False
5508,Magazine_Subscriptions,content,0.332,0.25475,-0.07725000000000004,True
5509,Magazine_Subscriptions,content,0.3612,0.3612,0.0,False
5510,Magazine_Subscriptions,content,0.5562,0.5562,0.0,False
5511,Magazine_Subscriptions,content,0.81765,0.78935,-0.028299999999999992,True
5512,Magazine_Subscriptions,billing,0.0,0.0,0.0,False
5514,Magazine_Subscriptions,content,0.0,0.0,0.0,False
5515,Magazine_Subscriptions,content,0.1779,0.1779,0.0,False
5515,Magazine_Subscriptions,price,0.3014,0.3014,0.0,False
5516,Magazine_Subscriptions,content,0.0,0.0,0.0,False
5516,Magazine_Subscriptions,price,0.0,0.0,0.0,False
5517,Magazine_Subscriptions,billing,0.0,0.0,0.0,False
5519,Magazine_Subscriptions,billing,-0.042300000000000004,-0.042300000000000004,0.0,False
5519,Magazine_Subscriptions,price,-0.09489999999999998,-0.09489999999999998,0.0,False
5519,Magazine_Subscriptions,advertising,0.4019,0.4019,0.0,False
5519,Magazine_Subscriptions,content,0.0,0.0,0.0,False
5520,Magazine_Subscriptions,content,0.6044,0.6044,0.0,False
5522,Magazine_Subscriptions,content,0.2382,0.0,-0.2382,True
5528,Magazine_Subscriptions,content,0.0,0.0,0.0,False
5529,Magazine_Subscriptions,content,0.4019,0.0,-0.4019,True
5530,Magazine_Subscriptions,price,0.05209999999999998,0.05209999999999998,0.0,False
5530,Magazine_Subscriptions,content,0.1132,-0.05135,-0.16455,True
5533,Magazine_Subscriptions,content,0.4576,0.4576,0.0,False
5535,Magazine_Subscriptions,content,0.8834,0.8834,0.0,False
5536,Magazine_Subscriptions,content,0.3612,0.3612,0.0,False
5537,Magazine_Subscriptions,content,0.7845,0.7845,0.0,False
5538,Magazine_Subscriptions,content,0.27455,0.2924,0.017849999999999977,True
5538,Magazine_Subscriptions,quality,0.23815,0.23815,0.0,False
5538,Magazine_Subscriptions,price,0.5816,0.41095,-0.17065000000000002,True
5541,Magazine_Subscriptions,price,0.4939,0.4939,0.0,False
5542,Magazine_Subscriptions,billing,0.6908,0.6908,0.0,False
5543,Magazine_Subscriptions,billing,0.2369,0.2369,0.0,False
5545,Magazine_Subscriptions,billing,0.2787,0.2787,0.0,False
5545,Magazine_Subscriptions,content,0.37170000000000003,0.37170000000000003,0.0,False
5546,Magazine_Subscriptions,content,0.187,0.187,0.0,False
5547,Magazine_Subscriptions,quality,0.0,0.0,0.0,False
5547,Magazine_Subscriptions,content,0.0,0.0,0.0,False
5549,Magazine_Subscriptions,delivery,0.7402,0.7402,0.0,False
5549,Magazine_Subscriptions,content,0.5822499999999999,0.39135,-0.19089999999999996,True
5552,Magazine_Subscriptions,content,0.46665,0.4531,-0.013550000000000006,True
5553,Magazine_Subscriptions,content,0.7078,0.7078,0.0,False
5554,Magazine_Subscriptions,content,0.0,0.0,0.0,False
5555,Magazine_Subscriptions,delivery,-0.1232,-0.2411,-0.1179,True
5556,Magazine_Subscriptions,content,0.7783,0.7783,0.0,False
5557,Magazine_Subscriptions,content,0.15694999999999998,0.15694999999999998,0.0,False
5559,Magazine_Subscriptions,content,0.6249,0.6249,0.0,False
5561,Magazine_Subscriptions,price,0.1531,0.1531,0.0,False
5562,Magazine_Subscriptions,advertising,0.5719,0.5719,0.0,False
5564,Magazine_Subscriptions,billing,0.7351,0.7351,0.0,False
5567,Magazine_Subscriptions,price,0.5574,0.5574,0.0,False
5571,Magazine_Subscriptions,price,0.1263,0.1263,0.0,False
5571,Magazine_Subscriptions,content,0.0,0.0,0.0,False
5573,Magazine_Subscriptions,content,0.0,0.0,0.0,False
5574,Magazine_Subscriptions,content,0.0,0.0,0.0,False
5577,Magazine_Subscriptions,delivery,0.796,0.796,0.0,False
5577,Magazine_Subscriptions,price,0.8481,0.8481,0.0,False
5577,Magazine_Subscriptions,advertising,0.6249,0.0,-0.6249,True
5577,Magazine_Subscriptions,content,0.6023666666666667,0.5315,-0.07086666666666674,True
5578,Magazine_Subscriptions,content,0.36142,0.29638,-0.06504000000000004,True
5581,Magazine_Subscriptions,content,0.2202,0.2202,0.0,False
5583,Magazine_Subscriptions,content,0.0,0.0,0.0,False
5584,Magazine_Subscriptions,content,0.7717,0.7717,0.0,False
5587,Magazine_Subscriptions,content,0.6369,0.6369,0.0,False
5588,Magazine_Subscriptions,advertising,0.0,0.0,0.0,False
5590,Magazine_Subscriptions,advertising,-0.18076666666666666,-0.18076666666666666,0.0,False
5590,Magazine_Subscriptions,content,0.4939,0.4404,-0.05349999999999999,True
5591,Magazine_Subscriptions,price,0.3612,0.3612,0.0,False
5593,Magazine_Subscriptions,content,0.0772,0.0772,0.0,False
5594,Magazine_Subscriptions,price,0.5574,0.5574,0.0,False
5594,Magazine_Subscriptions,content,0.8316,0.8316,0.0,False
5596,Magazine_Subscriptions,content,-0.5763,-0.38075000000000003,0.19555,True
5597,Magazine_Subscriptions,content,0.13405,0.13405,0.0,False
5597,Magazine_Subscriptions,packaging,-0.2732,-0.2732,0.0,False
5597,Magazine_Subscriptions,price,0.7579,0.7579,0.0,False
5598,Magazine_Subscriptions,content,0.4939,0.0,-0.4939,True
5601,Magazine_Subscriptions,advertising,0.0,0.0,0.0,False
5601,Magazine_Subscriptions,price,0.2732,0.2732,0.0,False
5605,Magazine_Subscriptions,advertising,0.0,0.0,0.0,False
5605,Magazine_Subscriptions,price,0.6256,0.6256,0.0,False
5606,Magazine_Subscriptions,content,0.0,0.0,0.0,False
5608,Magazine_Subscriptions,quality,0.6249,0.6249,0.0,False
5608,Magazine_Subscriptions,content,0.6249,0.6249,0.0,False
5609,Magazine_Subscriptions,price,0.6369,0.6369,0.0,False
5610,Magazine_Subscriptions,content,0.0,0.0,0.0,False
5613,Magazine_Subscriptions,billing,0.0,0.0,0.0,False
5614,Magazine_Subscriptions,content,0.807,0.807,0.0,False
5615,Magazine_Subscriptions,quality,0.4215,0.4215,0.0,False
5615,Magazine_Subscriptions,content,0.0,0.0,0.0,False
5616,Magazine_Subscriptions,content,0.0,0.0,0.0,False
5617,Magazine_Subscriptions,content,0.7249,0.7249,0.0,False
5618,Magazine_Subscriptions,content,0.0,0.0,0.0,False
5619,Magazine_Subscriptions,content,0.2294,0.2294,0.0,False
5620,Magazine_Subscriptions,quality,0.6249,0.6249,0.0,False
5622,Magazine_Subscriptions,content,0.0,0.0,0.0,False
5623,Magazine_Subscriptions,content,0.0,0.0,0.0,False
5624,Magazine_Subscriptions,content,0.2382,0.0,-0.2382,True
5626,Magazine_Subscriptions,content,0.3809,0.1591,-0.22180000000000002,True
5627,Magazine_Subscriptions,content,0.20095,0.20095,0.0,False
5632,Magazine_Subscriptions,content,0.2997,0.2997,0.0,False
5636,Magazine_Subscriptions,content,0.0,0.0,0.0,False
5637,Magazine_Subscriptions,content,0.6249,0.6249,0.0,False
5639,Magazine_Subscriptions,billing,0.0,0.0,0.0,False
5639,Magazine_Subscriptions,content,0.0,0.0,0.0,False
5640,Magazine_Subscriptions,delivery,0.4404,0.4404,0.0,False
5643,Magazine_Subscriptions,content,0.6908,0.6908,0.0,False
5644,Magazine_Subscriptions,advertising,0.0,0.0,0.0,False
5646,Magazine_Subscriptions,content,0.1806,0.1806,0.0,False
5649,Magazine_Subscriptions,quality,0.4404,0.4404,0.0,False
5649,Magazine_Subscriptions,delivery,0.0,0.0,0.0,False
5652,Magazine_Subscriptions,content,0.0,0.0,0.0,False
5655,Magazine_Subscriptions,content,0.4939,0.4939,0.0,False
5655,Magazine_Subscriptions,customer_service,-0.7003,-0.7003,0.0,False
5656,Magazine_Subscriptions,content,0.42463333333333336,0.42463333333333336,0.0,False
5657,Magazine_Subscriptions,content,0.7783,0.7783,0.0,False
5658,Magazine_Subscriptions,content,0.0,0.0,0.0,False
5659,Magazine_Subscriptions,advertising,-0.296,-0.296,0.0,False
5659,Magazine_Subscriptions,content,0.27236000000000005,0.27236000000000005,0.0,False
5661,Magazine_Subscriptions,content,0.0,0.0,0.0,False
5662,Magazine_Subscriptions,content,0.8008,0.8008,0.0,False
5667,Magazine_Subscriptions,delivery,0.0,0.0,0.0,False
5667,Magazine_Subscriptions,content,0.0,0.0,0.0,False
5668,Magazine_Subscriptions,advertising,0.9118,0.6184000000000001,-0.2934,True
5669,Magazine_Subscriptions,billing,-0.1027,-0.1027,0.0,False
5669,Magazine_Subscriptions,content,-0.3107,-0.3107,0.0,False
5669,Magazine_Subscriptions,price,-0.3107,-0.3107,0.0,False
5672,Magazine_Subscriptions,content,0.2553,0.2553,0.0,False
5674,Magazine_Subscriptions,content,0.5106,0.5106,0.0,False
5676,Magazine_Subscriptions,quality,0.9042,0.9042,0.0,False
5677,Magazine_Subscriptions,content,-0.2553,-0.2553,0.0,False
5678,Magazine_Subscriptions,price,-0.5859,-0.5859,0.0,False
5679,Magazine_Subscriptions,billing,-0.3952,-0.3952,0.0,False
5679,Magazine_Subscriptions,content,0.3182,0.3182,0.0,False
5682,Magazine_Subscriptions,content,0.6892,0.6892,0.0,False
5683,Magazine_Subscriptions,quality,0.8834,0.8834,0.0,False
5683,Magazine_Subscriptions,content,0.523775,0.523775,0.0,False
5684,Magazine_Subscriptions,content,0.9097999999999999,0.9097999999999999,0.0,False
5685,Magazine_Subscriptions,quality,0.0,0.0,0.0,False
5686,Magazine_Subscriptions,price,0.31193333333333334,0.31193333333333334,0.0,False
5689,Magazine_Subscriptions,content,0.8264,0.8264,0.0,False
5693,Magazine_Subscriptions,content,0.0,0.0,0.0,False
5694,Magazine_Subscriptions,billing,0.4927,0.4927,0.0,False
5694,Magazine_Subscriptions,content,0.7645,0.7645,0.0,False
5695,Magazine_Subscriptions,advertising,0.0,0.0,0.0,False
5699,Magazine_Subscriptions,content,0.0,0.0,0.0,False
5700,Magazine_Subscriptions,price,0.6588,0.6588,0.0,False
5702,Magazine_Subscriptions,content,0.0,0.0,0.0,False
5703,Magazine_Subscriptions,delivery,0.0,0.0,0.0,False
5707,Magazine_Subscriptions,billing,0.5719,0.5719,0.0,False
5707,Magazine_Subscriptions,content,0.2628,0.2628,0.0,False
5710,Magazine_Subscriptions,content,-0.1121,-0.1121,0.0,False
5711,Magazine_Subscriptions,billing,0.0593,0.0593,0.0,False
5711,Magazine_Subscriptions,price,0.1779,0.1779,0.0,False
5713,Magazine_Subscriptions,price,0.7579,0.7579,0.0,False
5716,Magazine_Subscriptions,billing,-0.4019,-0.4019,0.0,False
5716,Magazine_Subscriptions,content,0.07833333333333335,0.07833333333333335,0.0,False
5718,Magazine_Subscriptions,content,0.7964,0.7964,0.0,False
5719,Magazine_Subscriptions,content,0.4404,0.4404,0.0,False
5720,Magazine_Subscriptions,content,0.32236666666666663,0.32236666666666663,0.0,False
5723,Magazine_Subscriptions,content,0.6369,0.6369,0.0,False
5726,Magazine_Subscriptions,content,-0.296,-0.296,0.0,False
5727,Magazine_Subscriptions,content,0.6369,0.6369,0.0,False
5728,Magazine_Subscriptions,content,0.0,0.0,0.0,False
5729,Magazine_Subscriptions,billing,-0.3102,-0.3102,0.0,False
5729,Magazine_Subscriptions,content,-0.3412,-0.3412,0.0,False
5729,Magazine_Subscriptions,price,-0.1695,-0.1695,0.0,False
5730,Magazine_Subscriptions,advertising,0.0,0.0,0.0,False
5730,Magazine_Subscriptions,content,-0.148,-0.148,0.0,False
5730,Magazine_Subscriptions,price,0.0,0.0,0.0,False
5731,Magazine_Subscriptions,content,0.0,0.0,0.0,False
5732,Magazine_Subscriptions,price,0.6249,0.6249,0.0,False
5733,Magazine_Subscriptions,advertising,0.0,0.0,0.0,False
5733,Magazine_Subscriptions,content,0.0,0.0,0.0,False
5733,Magazine_Subscriptions,quality,0.2263,0.2263,0.0,False
5734,Magazine_Subscriptions,quality,0.872,0.872,0.0,False
5735,Magazine_Subscriptions,advertising,0.0,0.0,0.0,False
5736,Magazine_Subscriptions,price,0.6115,0.6115,0.0,False
5737,Magazine_Subscriptions,advertising,0.0,0.0,0.0,False
5739,Magazine_Subscriptions,advertising,0.5978,0.5978,0.0,False
5739,Magazine_Subscriptions,content,0.5978,0.5978,0.0,False
5739,Magazine_Subscriptions,packaging,0.6369,0.6369,0.0,False
5740,Magazine_Subscriptions,content,0.6249,0.6249,0.0,False
5740,Magazine_Subscriptions,price,0.0,0.0,0.0,False
5743,Magazine_Subscriptions,content,-0.0772,-0.0772,0.0,False
5745,Magazine_Subscriptions,content,0.1759,0.10115,-0.07475,True
5745,Magazine_Subscriptions,customer_service,-0.5574,-0.5574,0.0,False
5749,Magazine_Subscriptions,delivery,0.0,0.0,0.0,False
5749,Magazine_Subscriptions,content,0.0,0.0,0.0,False
5750,Magazine_Subscriptions,price,0.6249,0.6249,0.0,False
5751,Magazine_Subscriptions,content,0.0,0.0,0.0,False
5752,Magazine_Subscriptions,content,0.507,0.507,0.0,False
5755,Magazine_Subscriptions,advertising,0.0,0.0,0.0,False
5755,Magazine_Subscriptions,content,-0.2752,-0.1341,0.1411,True
5756,Magazine_Subscriptions,quality,0.0,0.0,0.0,False
5756,Magazine_Subscriptions,content,0.2553,0.2553,0.0,False
5759,Magazine_Subscriptions,advertising,0.1901,0.0,-0.1901,True
5759,Magazine_Subscriptions,content,0.1901,0.3612,0.17110000000000003,True
5761,Magazine_Subscriptions,content,0.3612,0.3612,0.0,False
5762,Magazine_Subscriptions,content,0.0,0.0,0.0,False
5763,Magazine_Subscriptions,advertising,0.2144,0.4019,0.18749999999999997,True
5763,Magazine_Subscriptions,content,0.5267,0.5267,0.0,False
5763,Magazine_Subscriptions,price,0.6005,0.2263,-0.37420000000000003,True
5764,Magazine_Subscriptions,quality,0.5859,0.5859,0.0,False
5764,Magazine_Subscriptions,content,0.61105,0.31845,-0.29259999999999997,True
5765,Magazine_Subscriptions,advertising,0.4201,0.4201,0.0,False
5765,Magazine_Subscriptions,price,0.0,0.0,0.0,False
5766,Magazine_Subscriptions,content,0.0772,0.0772,0.0,False
5766,Magazine_Subscriptions,quality,0.8176,0.8176,0.0,False
5766,Magazine_Subscriptions,price,0.765,0.2732,-0.4918,True
5769,Magazine_Subscriptions,content,0.891,0.891,0.0,False
5771,Magazine_Subscriptions,price,0.2732,0.2732,0.0,False
5773,Magazine_Subscriptions,content,0.7184,0.5423,-0.17610000000000003,True
5774,Magazine_Subscriptions,quality,0.0,0.0,0.0,False
5774,Magazine_Subscriptions,content,0.4404,0.4404,0.0,False
5777,Magazine_Subscriptions,content,0.7096,0.7096,0.0,False
5779,Magazine_Subscriptions,content,0.0,0.0,0.0,False
5779,Magazine_Subscriptions,price,-0.4215,-0.4215,0.0,False
5780,Magazine_Subscriptions,price,0.07519999999999999,0.0,-0.07519999999999999,True
5783,Magazine_Subscriptions,billing,-0.3134,-0.3134,0.0,False
5783,Magazine_Subscriptions,customer_service,0.0,0.0,0.0,False
5783,Magazine_Subscriptions,delivery,0.0,0.0,0.0,False
5783,Magazine_Subscriptions,content,0.418,-0.36345,-0.78145,True
5784,Magazine_Subscriptions,delivery,0.21075,0.21075,0.0,False
5784,Magazine_Subscriptions,content,0.4215,0.4215,0.0,False
5787,Magazine_Subscriptions,delivery,0.0,0.0,0.0,False
5788,Magazine_Subscriptions,billing,-0.6597,-0.38835,0.27135,True
5790,Magazine_Subscriptions,content,0.4404,0.4404,0.0,False
5793,Magazine_Subscriptions,billing,-0.1139,-0.1139,0.0,False
5794,Magazine_Subscriptions,advertising,0.6908,0.6908,0.0,False
5794,Magazine_Subscriptions,content,0.6908,0.6908,0.0,False
5794,Magazine_Subscriptions,price,0.5574,0.5574,0.0,False
5797,Magazine_Subscriptions,delivery,0.0,0.0,0.0,False
5797,Magazine_Subscriptions,content,0.0,0.0,0.0,False
5798,Magazine_Subscriptions,content,0.3953,0.3953,0.0,False
5799,Magazine_Subscriptions,advertising,0.4927,0.4927,0.0,False
5799,Magazine_Subscriptions,content,0.4927,0.4927,0.0,False
5801,Magazine_Subscriptions,content,0.37385,0.37385,0.0,False
5802,Magazine_Subscriptions,content,0.6696,0.6696,0.0,False
5803,Magazine_Subscriptions,content,0.8519,0.8519,0.0,False
5809,Magazine_Subscriptions,billing,0.1655,-0.0772,-0.24270000000000003,True
5809,Magazine_Subscriptions,price,0.1655,-0.0772,-0.24270000000000003,True
5811,Magazine_Subscriptions,billing,0.0,0.0,0.0,False
5811,Magazine_Subscriptions,price,0.4588,0.4588,0.0,False
5813,Magazine_Subscriptions,delivery,0.5106,0.5106,0.0,False
5813,Magazine_Subscriptions,content,0.5719,0.5719,0.0,False
5814,Magazine_Subscriptions,advertising,0.8402,0.8402,0.0,False
5818,Magazine_Subscriptions,price,0.0,0.0,0.0,False
5821,Magazine_Subscriptions,content,0.6908,0.6908,0.0,False
5824,Magazine_Subscriptions,price,0.2263,0.2263,0.0,False
5829,Magazine_Subscriptions,billing,0.0,0.0,0.0,False
5830,Magazine_Subscriptions,content,0.0,0.0,0.0,False
5832,Magazine_Subscriptions,billing,-0.1027,-0.1027,0.0,False
5835,Magazine_Subscriptions,content,0.62675,0.62675,0.0,False
5837,Magazine_Subscriptions,delivery,0.6588,0.6588,0.0,False
5837,Magazine_Subscriptions,content,0.6588,0.6588,0.0,False
5840,Magazine_Subscriptions,content,0.24043333333333336,0.24043333333333336,0.0,False
5840,Magazine_Subscriptions,quality,0.5106,0.5106,0.0,False
5840,Magazine_Subscriptions,price,0.802,0.802,0.0,False
5842,Magazine_Subscriptions,advertising,0.4201,0.4201,0.0,False
5842,Magazine_Subscriptions,price,-0.4215,-0.4215,0.0,False
5845,Magazine_Subscriptions,advertising,0.0,0.0,0.0,False
5845,Magazine_Subscriptions,content,0.7876,0.6486,-0.139,True
5845,Magazine_Subscriptions,price,-0.2732,-0.2732,0.0,False
5851,Magazine_Subscriptions,content,0.0,0.0,0.0,False
5852,Magazine_Subscriptions,content,0.7783,0.7783,0.0,False
5853,Magazine_Subscriptions,content,0.7346,0.7346,0.0,False
5854,Magazine_Subscriptions,content,0.4404,0.4404,0.0,False
5858,Magazine_Subscriptions,price,0.8555,0.8555,0.0,False
5864,Magazine_Subscriptions,content,0.0,0.0,0.0,False
5865,Magazine_Subscriptions,delivery,0.0,0.0,0.0,False
5866,Magazine_Subscriptions,advertising,0.43085,0.43085,0.0,False
5867,Magazine_Subscriptions,content,0.4926,0.4926,0.0,False
5872,Magazine_Subscriptions,content,0.6892,0.6892,0.0,False
5872,Magazine_Subscriptions,price,0.6892,0.6892,0.0,False
5874,Magazine_Subscriptions,content,0.6249,0.6249,0.0,False
5875,Magazine_Subscriptions,advertising,0.2144,0.0,-0.2144,True
5875,Magazine_Subscriptions,content,0.1072,0.20095,0.09374999999999999,True
5877,Magazine_Subscriptions,content,0.7845,0.7845,0.0,False
5883,Magazine_Subscriptions,advertising,-0.25115,0.0,0.25115,True
5883,Magazine_Subscriptions,billing,0.0,0.0,0.0,False
5883,Magazine_Subscriptions,content,-0.25115,0.0,0.25115,True
5884,Magazine_Subscriptions,content,0.2612333333333333,0.2612333333333333,0.0,False
5884,Magazine_Subscriptions,quality,0.759,0.6136,-0.14539999999999997,True
5884,Magazine_Subscriptions,price,0.759,0.0,-0.759,True
5886,Magazine_Subscriptions,content,0.18316666666666667,0.0593,-0.12386666666666668,True
5892,Magazine_Subscriptions,quality,0.3818,0.0,-0.3818,True
5892,Magazine_Subscriptions,content,0.3818,0.6369,0.25510000000000005,True
5893,Magazine_Subscriptions,content,0.0,0.0,0.0,False
5893,Magazine_Subscriptions,delivery,0.0,0.0,0.0,False
5893,Magazine_Subscriptions,price,0.0,0.0,0.0,False
5894,Magazine_Subscriptions,content,0.6124,0.6124,0.0,False
5896,Magazine_Subscriptions,billing,0.4199,0.36315,-0.05675000000000002,True
5896,Magazine_Subscriptions,content,0.8398,0.0,-0.8398,True
5898,Magazine_Subscriptions,billing,0.1877,0.1877,0.0,False
5898,Magazine_Subscriptions,customer_service,0.4767,0.4767,0.0,False
5898,Magazine_Subscriptions,price,0.1027,0.1027,0.0,False
5899,Magazine_Subscriptions,content,0.2732,0.4939,0.2207,True
5900,Magazine_Subscriptions,quality,0.0,0.0,0.0,False
5901,Magazine_Subscriptions,content,0.5179999999999999,0.5179999999999999,0.0,False
5902,Magazine_Subscriptions,price,-0.2732,-0.2732,0.0,False
5905,Magazine_Subscriptions,content,0.0,0.0,0.0,False
5906,Magazine_Subscriptions,content,0.6908,0.42115,-0.26964999999999995,True
5908,Magazine_Subscriptions,content,0.1366,0.1366,0.0,False
5911,Magazine_Subscriptions,content,0.6808,0.6808,0.0,False
5913,Magazine_Subscriptions,content,0.6908,0.4019,-0.2889,True
5913,Magazine_Subscriptions,price,0.3454,0.2294,-0.11599999999999999,True
5914,Magazine_Subscriptions,quality,0.7506,0.7506,0.0,False
5914,Magazine_Subscriptions,delivery,0.7506,0.7506,0.0,False
5914,Magazine_Subscriptions,price,0.7506,0.7506,0.0,False
5915,Magazine_Subscriptions,advertising,0.0,0.0,0.0,False
5915,Magazine_Subscriptions,quality,0.0,0.0,0.0,False
5916,Magazine_Subscriptions,billing,-0.3146,-0.3612,-0.04660000000000003,True
5916,Magazine_Subscriptions,content,0.0,0.0,0.0,False
5918,Magazine_Subscriptions,content,0.26720000000000005,0.12040000000000001,-0.14680000000000004,True
5920,Magazine_Subscriptions,price,0.0,0.0,0.0,False
5921,Magazine_Subscriptions,content,0.34975,0.34975,0.0,False
5922,Magazine_Subscriptions,content,0.4518,0.4518,0.0,False
5923,Magazine_Subscriptions,content,0.37520000000000003,0.37520000000000003,0.0,False
5924,Magazine_Subscriptions,content,0.4939,0.4939,0.0,False
5926,Magazine_Subscriptions,content,0.5423,0.5423,0.0,False
5927,Magazine_Subscriptions,content,0.2023,0.2023,0.0,False
5928,Magazine_Subscriptions,content,0.2651,0.12290000000000001,-0.1422,True
5931,Magazine_Subscriptions,delivery,0.0,0.0,0.0,False
5931,Magazine_Subscriptions,content,0.32694,0.32694,0.0,False
5935,Magazine_Subscriptions,content,0.6369,0.6369,0.0,False
5938,Magazine_Subscriptions,content,0.3999,0.3999,0.0,False
5943,Magazine_Subscriptions,content,0.5267,0.5267,0.0,False
5944,Magazine_Subscriptions,content,-0.000983333333333336,-0.000983333333333336,0.0,False
5946,Magazine_Subscriptions,content,0.8316,0.8316,0.0,False
5949,Magazine_Subscriptions,content,0.4215,0.4215,0.0,False
5949,Magazine_Subscriptions,packaging,0.4215,0.4215,0.0,False
5950,Magazine_Subscriptions,billing,0.0,0.0,0.0,False
5950,Magazine_Subscriptions,content,0.0,0.0,0.0,False
5952,Magazine_Subscriptions,content,0.4574,0.4574,0.0,False
5953,Magazine_Subscriptions,billing,0.5501,0.5501,0.0,False
5953,Magazine_Subscriptions,price,0.3818,0.1909,-0.1909,True
5954,Magazine_Subscriptions,billing,0.0,0.0,0.0,False
5955,Magazine_Subscriptions,content,0.1468,0.1468,0.0,False
5956,Magazine_Subscriptions,content,0.0,0.0,0.0,False
5957,Magazine_Subscriptions,advertising,0.0,0.0,0.0,False
5958,Magazine_Subscriptions,content,0.6249,0.6249,0.0,False
5959,Magazine_Subscriptions,delivery,0.4404,0.4404,0.0,False
5961,Magazine_Subscriptions,content,0.7964,0.7964,0.0,False
5963,Magazine_Subscriptions,quality,0.3612,0.3612,0.0,False
5963,Magazine_Subscriptions,content,0.1806,0.1806,0.0,False
5967,Magazine_Subscriptions,content,0.6988,0.6988,0.0,False
5969,Magazine_Subscriptions,advertising,0.7269,0.7269,0.0,False
5972,Magazine_Subscriptions,delivery,0.0,0.0,0.0,False
5972,Magazine_Subscriptions,price,0.6199,0.4404,-0.1795,True
5973,Magazine_Subscriptions,billing,-0.3164,-0.3164,0.0,False
5973,Magazine_Subscriptions,content,-0.165375,-0.165375,0.0,False
5975,Magazine_Subscriptions,delivery,0.0,0.0,0.0,False
5976,Magazine_Subscriptions,content,0.6276,0.6276,0.0,False
5979,Magazine_Subscriptions,content,0.5994,0.5994,0.0,False
5982,Magazine_Subscriptions,content,0.807,0.807,0.0,False
5983,Magazine_Subscriptions,advertising,0.4019,0.4019,0.0,False
5983,Magazine_Subscriptions,content,0.0,0.0,0.0,False
5989,Magazine_Subscriptions,delivery,0.0,0.0,0.0,False
5991,Magazine_Subscriptions,content,0.6249,0.6249,0.0,False
5992,Magazine_Subscriptions,advertising,-0.4019,-0.4019,0.0,False
5992,Magazine_Subscriptions,billing,0.0,0.0,0.0,False
5992,Magazine_Subscriptions,content,0.2707,0.2707,0.0,False
5994,Magazine_Subscriptions,content,0.0,0.0,0.0,False
5997,Magazine_Subscriptions,content,0.6988,0.6988,0.0,False
5999,Magazine_Subscriptions,content,0.4019,0.4019,0.0,False
6001,Magazine_Subscriptions,advertising,0.7906,0.7906,0.0,False
6001,Magazine_Subscriptions,content,0.47583333333333333,0.47583333333333333,0.0,False
6002,Magazine_Subscriptions,quality,0.8074,0.8074,0.0,False
6005,Magazine_Subscriptions,advertising,0.0,0.0,0.0,False
6005,Magazine_Subscriptions,content,-0.1706,-0.1706,0.0,False
6006,Magazine_Subscriptions,advertising,0.3612,0.3612,0.0,False
6006,Magazine_Subscriptions,content,0.0,0.0,0.0,False
6006,Magazine_Subscriptions,delivery,0.0,0.0,0.0,False
6008,Magazine_Subscriptions,price,0.0,0.0,0.0,False
6009,Magazine_Subscriptions,price,0.0,0.0,0.0,False
6011,Magazine_Subscriptions,content,-0.2177,-0.2177,0.0,False
6012,Magazine_Subscriptions,advertising,0.0,0.0,0.0,False
6012,Magazine_Subscriptions,billing,-0.5256,-0.5256,0.0,False
6012,Magazine_Subscriptions,content,0.0,0.0,0.0,False
6013,Magazine_Subscriptions,content,0.5859,0.5859,0.0,False
6015,Magazine_Subscriptions,content,-0.2023,-0.2023,0.0,False
6016,Magazine_Subscriptions,price,0.0,0.0,0.0,False
6018,Magazine_Subscriptions,quality,0.7351,0.7351,0.0,False
6018,Magazine_Subscriptions,content,0.3612,0.3612,0.0,False
6019,Magazine_Subscriptions,billing,0.0,0.0,0.0,False
6019,Magazine_Subscriptions,content,0.0,0.0,0.0,False
6022,Magazine_Subscriptions,content,0.4404,0.4404,0.0,False
6023,Magazine_Subscriptions,content,0.10606666666666666,0.10606666666666666,0.0,False
6026,Magazine_Subscriptions,content,0.4201,0.4201,0.0,False
6027,Magazine_Subscriptions,advertising,0.5696,0.5696,0.0,False
6027,Magazine_Subscriptions,quality,0.0,0.0,0.0,False
6028,Magazine_Subscriptions,advertising,0.0,0.0,0.0,False
6028,Magazine_Subscriptions,price,0.20610000000000003,0.20610000000000003,0.0,False
6029,Magazine_Subscriptions,advertising,0.8779,0.8779,0.0,False
6029,Magazine_Subscriptions,content,0.8779,0.8779,0.0,False
6032,Magazine_Subscriptions,content,0.6486,0.4939,-0.15469999999999995,True
6036,Magazine_Subscriptions,content,0.0,0.0,0.0,False
6038,Magazine_Subscriptions,price,0.3252,0.3252,0.0,False
6038,Magazine_Subscriptions,customer_service,-0.5423,-0.5423,0.0,False
6045,Magazine_Subscriptions,content,0.0,0.0,0.0,False
6046,Magazine_Subscriptions,content,0.15742,0.13921999999999998,-0.01820000000000002,True
6047,Magazine_Subscriptions,content,0.4939,0.4939,0.0,False
6052,Magazine_Subscriptions,content,0.6808,0.6808,0.0,False
6056,Magazine_Subscriptions,advertising,0.0,0.0,0.0,False
6056,Magazine_Subscriptions,content,0.0,0.0,0.0,False
6057,Magazine_Subscriptions,billing,0.0,0.0,0.0,False
6058,Magazine_Subscriptions,content,0.5106,0.5106,0.0,False
6060,Magazine_Subscriptions,advertising,0.0,0.0,0.0,False
6060,Magazine_Subscriptions,content,-0.16369999999999998,0.32135,0.48505,True
6060,Magazine_Subscriptions,quality,-0.5486,-0.5096,0.038999999999999924,True
6061,Magazine_Subscriptions,content,0.4927,0.4927,0.0,False
6062,Magazine_Subscriptions,content,0.4767,0.4767,0.0,False
6063,Magazine_Subscriptions,content,-0.3089,-0.3089,0.0,False
6063,Magazine_Subscriptions,price,0.234,0.234,0.0,False
6064,Magazine_Subscriptions,advertising,0.0,0.0,0.0,False
6064,Magazine_Subscriptions,content,0.4019,0.4019,0.0,False
6064,Magazine_Subscriptions,price,0.4404,0.4404,0.0,False
6065,Magazine_Subscriptions,billing,-0.6652,-0.2553,0.4099,True
6065,Magazine_Subscriptions,content,0.13085,0.0,-0.13085,True
6066,Magazine_Subscriptions,advertising,0.0,0.0,0.0,False
6066,Magazine_Subscriptions,price,-0.4585,-0.4585,0.0,False
6067,Magazine_Subscriptions,content,0.5106,0.5106,0.0,False
6068,Magazine_Subscriptions,content,0.4019,0.4019,0.0,False
6075,Magazine_Subscriptions,price,-0.5244,-0.5244,0.0,False
6079,Magazine_Subscriptions,content,0.47565,0.47565,0.0,False
6080,Magazine_Subscriptions,price,0.5574,0.5574,0.0,False
6080,Magazine_Subscriptions,content,0.4336,0.4336,0.0,False
6081,Magazine_Subscriptions,content,0.2732,0.2732,0.0,False
6082,Magazine_Subscriptions,content,0.0,0.0,0.0,False
6083,Magazine_Subscriptions,price,0.2732,0.2732,0.0,False
6086,Magazine_Subscriptions,price,0.7717,0.7717,0.0,False
6087,Magazine_Subscriptions,content,0.2413,0.2413,0.0,False
6089,Magazine_Subscriptions,content,0.765,0.765,0.0,False
6090,Magazine_Subscriptions,billing,-0.25,-0.25,0.0,False
6090,Magazine_Subscriptions,content,-0.5096,-0.5096,0.0,False
6090,Magazine_Subscriptions,customer_service,-0.25,-0.25,0.0,False
6091,Magazine_Subscriptions,price,0.4404,0.4404,0.0,False
6092,Magazine_Subscriptions,content,0.7128,0.7128,0.0,False
6093,Magazine_Subscriptions,content,0.5984,0.5984,0.0,False
6100,Magazine_Subscriptions,billing,-0.031149999999999997,-0.031149999999999997,0.0,False
6100,Magazine_Subscriptions,content,0.0,0.0,0.0,False
6100,Magazine_Subscriptions,delivery,0.0,0.0,0.0,False
6105,Magazine_Subscriptions,price,0.0,0.0,0.0,False
6108,Magazine_Subscriptions,advertising,0.21075,0.21075,0.0,False
6108,Magazine_Subscriptions,content,0.0,0.0,0.0,False
6109,Magazine_Subscriptions,content,0.0,0.0,0.0,False
6111,Magazine_Subscriptions,content,0.6249,0.6249,0.0,False
6113,Magazine_Subscriptions,content,0.7351,0.7351,0.0,False
6115,Magazine_Subscriptions,advertising,0.0,0.0,0.0,False
6118,Magazine_Subscriptions,advertising,0.6369,0.6369,0.0,False
6118,Magazine_Subscriptions,content,0.22793333333333332,0.22793333333333332,0.0,False
6119,Magazine_Subscriptions,content,0.010775000000000007,0.010775000000000007,0.0,False
6120,Magazine_Subscriptions,billing,-0.6486,-0.6486,0.0,False
6123,Magazine_Subscriptions,content,0.0368,0.0368,0.0,False
6124,Magazine_Subscriptions,quality,-0.3818,-0.3818,0.0,False
6124,Magazine_Subscriptions,content,-0.1909,-0.1909,0.0,False
6125,Magazine_Subscriptions,price,0.4474,0.4019,-0.04550000000000004,True
6128,Magazine_Subscriptions,advertising,0.0,0.0,0.0,False
6128,Magazine_Subscriptions,content,0.0,0.0,0.0,False
6132,Magazine_Subscriptions,billing,0.0,0.0,0.0,False
6132,Magazine_Subscriptions,content,0.2316666666666667,0.2316666666666667,0.0,False
6135,Magazine_Subscriptions,price,0.4215,0.4215,0.0,False
6138,Magazine_Subscriptions,billing,-0.4404,-0.4404,0.0,False
6140,Magazine_Subscriptions,content,0.6588,0.6588,0.0,False
6141,Magazine_Subscriptions,content,0.0,0.0,0.0,False
6143,Magazine_Subscriptions,billing,0.4728,0.4728,0.0,False
6143,Magazine_Subscriptions,quality,-0.5574,-0.5574,0.0,False
6143,Magazine_Subscriptions,advertising,-0.0009000000000000119,-0.0009000000000000119,0.0,False
6143,Magazine_Subscriptions,content,0.09041428571428571,0.12610000000000002,0.03568571428571431,True
6146,Magazine_Subscriptions,price,-0.7657,-0.6608,0.1049,True
6146,Magazine_Subscriptions,content,0.6855,0.25,-0.4355,True
6147,Magazine_Subscriptions,content,0.6249,0.6249,0.0,False
6148,Magazine_Subscriptions,billing,-0.6696,-0.6696,0.0,False
6150,Magazine_Subscriptions,content,0.0,0.0,0.0,False
6152,Magazine_Subscriptions,content,0.9151,0.9151,0.0,False
6153,Magazine_Subscriptions,content,-0.4215,-0.4215,0.0,False
6155,Magazine_Subscriptions,advertising,0.6369,0.6369,0.0,False
6156,Magazine_Subscriptions,content,0.4588,0.4588,0.0,False
6160,Magazine_Subscriptions,content,0.9069,0.8251,-0.0818000000000001,True
6163,Magazine_Subscriptions,advertising,0.7351,0.7351,0.0,False
6164,Magazine_Subscriptions,advertising,0.0,0.0,0.0,False
6164,Magazine_Subscriptions,price,0.2023,0.2023,0.0,False
6167,Magazine_Subscriptions,content,0.0,0.0,0.0,False
6175,Magazine_Subscriptions,advertising,0.0,0.0,0.0,False
6176,Magazine_Subscriptions,billing,0.4063,0.4063,0.0,False
6177,Magazine_Subscriptions,price,0.0212,0.0212,0.0,False
6177,Magazine_Subscriptions,content,0.08715,0.08715,0.0,False
6178,Magazine_Subscriptions,billing,0.2382,0.4404,0.20220000000000002,True
6179,Magazine_Subscriptions,advertising,0.7096,0.7096,0.0,False
6179,Magazine_Subscriptions,content,0.7096,0.7096,0.0,False
6182,Magazine_Subscriptions,billing,-0.4885,-0.4885,0.0,False
6183,Magazine_Subscriptions,content,0.0,0.0,0.0,False
6184,Magazine_Subscriptions,advertising,0.891,0.891,0.0,False
6184,Magazine_Subscriptions,content,0.82795,0.82795,0.0,False
6184,Magazine_Subscriptions,price,0.0,0.0,0.0,False
6186,Magazine_Subscriptions,delivery,0.5719,0.5719,0.0,False
6186,Magazine_Subscriptions,content,0.765,0.765,0.0,False
6188,Magazine_Subscriptions,content,-0.4767,-0.4767,0.0,False
6189,Magazine_Subscriptions,content,0.6369,0.6369,0.0,False
6191,Magazine_Subscriptions,content,0.5256,0.5256,0.0,False
6192,Magazine_Subscriptions,billing,0.0,0.0,0.0,False
6192,Magazine_Subscriptions,content,-0.4019,-0.4019,0.0,False
6193,Magazine_Subscriptions,billing,0.1607,0.15662500000000001,-0.004074999999999995,True
6193,Magazine_Subscriptions,content,0.34,0.34,0.0,False
6193,Magazine_Subscriptions,price,-0.10115,-0.10115,0.0,False
6194,Magazine_Subscriptions,billing,-0.3818,-0.3818,0.0,False
6194,Magazine_Subscriptions,price,-0.3818,-0.3818,0.0,False
6195,Magazine_Subscriptions,content,0.55435,0.55435,0.0,False
6196,Magazine_Subscriptions,content,0.0,0.0,0.0,False
6197,Magazine_Subscriptions,advertising,0.0,0.0,0.0,False
6197,Magazine_Subscriptions,content,0.6249,0.6249,0.0,False
6199,Magazine_Subscriptions,content,0.2202,0.2202,0.0,False
6200,Magazine_Subscriptions,content,-0.1531,-0.1531,0.0,False
6201,Magazine_Subscriptions,content,0.5363333333333333,0.2769,-0.25943333333333335,True
6206,Magazine_Subscriptions,content,0.0,0.0,0.0,False
6208,Magazine_Subscriptions,content,0.6249,0.6249,0.0,False
6209,Magazine_Subscriptions,price,0.8519,0.8519,0.0,False
6210,Magazine_Subscriptions,quality,0.5719,0.5719,0.0,False
6210,Magazine_Subscriptions,content,0.0903,0.0903,0.0,False
6211,Magazine_Subscriptions,delivery,0.0,0.0,0.0,False
6212,Magazine_Subscriptions,advertising,0.0772,0.0772,0.0,False
6213,Magazine_Subscriptions,content,0.0,0.0,0.0,False
6215,Magazine_Subscriptions,advertising,0.0,0.0,0.0,False
6215,Magazine_Subscriptions,content,0.36385,0.36385,0.0,False
6215,Magazine_Subscriptions,price,0.7277,0.7277,0.0,False
6220,Magazine_Subscriptions,price,0.6588,0.6588,0.0,False
6222,Magazine_Subscriptions,content,0.4404,0.4404,0.0,False
6225,Magazine_Subscriptions,delivery,0.0,0.0,0.0,False
6231,Magazine_Subscriptions,content,0.3948,0.3948,0.0,False
6234,Magazine_Subscriptions,billing,0.0,0.0,0.0,False
6234,Magazine_Subscriptions,content,-0.5574,-0.5574,0.0,False
6234,Magazine_Subscriptions,price,0.0,0.0,0.0,False
6237,Magazine_Subscriptions,content,0.0,0.0,0.0,False
6238,Magazine_Subscriptions,content,0.0,0.0,0.0,False
6240,Magazine_Subscriptions,price,0.8779,0.8779,0.0,False
6245,Magazine_Subscriptions,quality,0.16385,0.16385,0.0,False
6245,Magazine_Subscriptions,content,0.16385,0.16385,0.0,False
6249,Magazine_Subscriptions,price,0.4588,0.4588,0.0,False
6249,Magazine_Subscriptions,content,0.0,0.0,0.0,False
6250,Magazine_Subscriptions,billing,0.1779,0.1779,0.0,False
6254,Magazine_Subscriptions,content,0.4215,0.4215,0.0,False
6256,Magazine_Subscriptions,content,0.0,0.0,0.0,False
6257,Magazine_Subscriptions,content,-0.1027,-0.1027,0.0,False
6257,Magazine_Subscriptions,price,-0.1027,-0.1027,0.0,False
6258,Magazine_Subscriptions,advertising,0.4215,0.4215,0.0,False
6258,Magazine_Subscriptions,content,0.21075,0.21075,0.0,False
6258,Magazine_Subscriptions,price,-0.4585,0.0,0.4585,True
6260,Magazine_Subscriptions,delivery,0.9401,0.888,-0.052100000000000035,True
6260,Magazine_Subscriptions,content,0.9401,0.888,-0.052100000000000035,True
6264,Magazine_Subscriptions,content,0.6249,0.6249,0.0,False
6266,Magazine_Subscriptions,content,0.5719,0.5719,0.0,False
6268,Magazine_Subscriptions,content,0.6249,0.6249,0.0,False
6271,Magazine_Subscriptions,advertising,0.16455,0.28595,0.12139999999999998,True
6271,Magazine_Subscriptions,content,0.16455,0.19063333333333332,0.02608333333333332,True
6272,Magazine_Subscriptions,billing,-0.1027,-0.25,-0.1473,True
6274,Magazine_Subscriptions,price,0.6319,0.6319,0.0,False
6275,Magazine_Subscriptions,content,-0.4404,-0.4404,0.0,False
6276,Magazine_Subscriptions,quality,0.13540000000000002,0.0776,-0.05780000000000002,True
6276,Magazine_Subscriptions,content,-0.5256,-0.5256,0.0,False
6277,Magazine_Subscriptions,billing,0.0,0.0,0.0,False
6277,Magazine_Subscriptions,content,0.0,0.0,0.0,False
6278,Magazine_Subscriptions,price,-0.296,-0.296,0.0,False
6279,Magazine_Subscriptions,content,0.3612,0.3612,0.0,False
6282,Magazine_Subscriptions,delivery,0.6114,0.6114,0.0,False
6282,Magazine_Subscriptions,content,0.8248,0.20095,-0.62385,True
6284,Magazine_Subscriptions,content,0.50225,0.50225,0.0,False
6290,Magazine_Subscriptions,content,0.7964,0.7964,0.0,False
6291,Magazine_Subscriptions,price,0.0,0.0,0.0,False
6292,Magazine_Subscriptions,content,0.7845,0.7845,0.0,False
6293,Magazine_Subscriptions,content,0.6908,0.6908,0.0,False
6294,Magazine_Subscriptions,billing,-0.25,-0.25,0.0,False
6297,Magazine_Subscriptions,content,0.4019,0.4019,0.0,False
6298,Magazine_Subscriptions,content,0.4404,0.4404,0.0,False
6299,Magazine_Subscriptions,content,0.6122000000000001,0.6122000000000001,0.0,False
6302,Magazine_Subscriptions,advertising,-0.23835,-0.1589,0.07944999999999999,True
6302,Magazine_Subscriptions,content,-0.013475,-0.013475,0.0,False
6302,Magazine_Subscriptions,price,0.31570000000000004,0.31570000000000004,0.0,False
6303,Magazine_Subscriptions,content,0.3182,0.3182,0.0,False
6306,Magazine_Subscriptions,content,-0.08999999999999997,-0.28595,-0.19595,True
6307,Magazine_Subscriptions,content,0.6369,0.6369,0.0,False
6308,Magazine_Subscriptions,content,0.5267,0.5267,0.0,False
6311,Magazine_Subscriptions,advertising,0.2732,0.2732,0.0,False
6311,Magazine_Subscriptions,content,0.908,0.908,0.0,False
6314,Magazine_Subscriptions,content,0.0,0.0,0.0,False
6317,Magazine_Subscriptions,content,-0.5124,-0.2551,0.2573,True
6317,Magazine_Subscriptions,price,0.8588,0.8588,0.0,False
6318,Magazine_Subscriptions,billing,-0.44115,-0.44115,0.0,False
6319,Magazine_Subscriptions,advertising,0.01605000000000001,0.03260000000000002,0.01655000000000001,True
6319,Magazine_Subscriptions,billing,-0.3612,-0.25,0.11120000000000002,True
6319,Magazine_Subscriptions,content,0.6007,0.6007,0.0,False
6323,Magazine_Subscriptions,billing,0.0,0.0,0.0,False
6325,Magazine_Subscriptions,content,-0.1796,-0.1796,0.0,False
6327,Magazine_Subscriptions,advertising,0.5719,0.5719,0.0,False
6328,Magazine_Subscriptions,content,0.8316,0.8316,0.0,False
6329,Magazine_Subscriptions,advertising,0.6848,0.4201,-0.2647,True
6329,Magazine_Subscriptions,content,0.6848,0.4201,-0.2647,True
6330,Magazine_Subscriptions,content,0.6988,0.6988,0.0,False
6331,Magazine_Subscriptions,content,0.5719,0.4215,-0.15039999999999998,True
6332,Magazine_Subscriptions,content,0.0509,0.0509,0.0,False
6333,Magazine_Subscriptions,content,0.44226666666666664,0.44226666666666664,0.0,False
6335,Magazine_Subscriptions,delivery,0.0,0.0,0.0,False
6335,Magazine_Subscriptions,content,0.0,0.0,0.0,False
6336,Magazine_Subscriptions,price,0.8316,0.8316,0.0,False
6337,Magazine_Subscriptions,content,0.0,0.0,0.0,False
6338,Magazine_Subscriptions,content,0.6249,0.6249,0.0,False
6339,Magazine_Subscriptions,content,0.3612,0.3612,0.0,False
6340,Magazine_Subscriptions,content,0.8481,0.8481,0.0,False
6341,Magazine_Subscriptions,advertising,0.6208,0.6208,0.0,False
6341,Magazine_Subscriptions,content,0.5709,0.5709,0.0,False
6343,Magazine_Subscriptions,content,0.4754,0.4754,0.0,False
6344,Magazine_Subscriptions,content,0.27115,0.27115,0.0,False
6346,Magazine_Subscriptions,quality,0.5267,0.5267,0.0,False
6346,Magazine_Subscriptions,content,0.46429999999999993,0.46429999999999993,0.0,False
6347,Magazine_Subscriptions,content,0.3612,0.3612,0.0,False
6348,Magazine_Subscriptions,content,0.6249,0.6249,0.0,False
6348,Magazine_Subscriptions,price,0.6249,0.6249,0.0,False
6349,Magazine_Subscriptions,content,0.6309,0.6309,0.0,False
6352,Magazine_Subscriptions,billing,0.8055,0.8055,0.0,False
6354,Magazine_Subscriptions,price,0.7003,0.7003,0.0,False
6358,Magazine_Subscriptions,content,0.23343333333333335,0.23343333333333335,0.0,False
6358,Magazine_Subscriptions,quality,0.7003,0.4404,-0.2599,True
6358,Magazine_Subscriptions,price,-0.128,-0.128,0.0,False
6359,Magazine_Subscriptions,billing,-0.128,-0.25,-0.122,True
6362,Magazine_Subscriptions,billing,0.0,0.0,0.0,False
6367,Magazine_Subscriptions,billing,0.0,0.0,0.0,False
6368,Magazine_Subscriptions,billing,0.0,0.0,0.0,False
6373,Magazine_Subscriptions,price,0.7906,0.7906,0.0,False
6374,Magazine_Subscriptions,billing,0.0,0.0,0.0,False
6376,Magazine_Subscriptions,content,0.0,0.0,0.0,False
6377,Magazine_Subscriptions,content,0.11315,0.11315,0.0,False
6378,Magazine_Subscriptions,content,0.6694,0.6694,0.0,False
6378,Magazine_Subscriptions,price,-0.5267,-0.5267,0.0,False
6380,Magazine_Subscriptions,price,0.7634,0.7634,0.0,False
6380,Magazine_Subscriptions,content,0.85555,0.85555,0.0,False
6383,Magazine_Subscriptions,price,-0.2732,-0.2732,0.0,False
6384,Magazine_Subscriptions,content,0.38260000000000005,0.31386250000000004,-0.0687375,True
6388,Magazine_Subscriptions,advertising,-0.296,-0.296,0.0,False
6388,Magazine_Subscriptions,content,0.1969,0.1969,0.0,False
6388,Magazine_Subscriptions,quality,-0.296,-0.296,0.0,False
6392,Magazine_Subscriptions,content,0.8684,0.8684,0.0,False
6395,Magazine_Subscriptions,quality,-0.09866666666666667,-0.09866666666666667,0.0,False
6395,Magazine_Subscriptions,price,0.0016999999999999977,0.03236666666666666,0.030666666666666665,True
6395,Magazine_Subscriptions,advertising,0.2281,0.2281,0.0,False
6395,Magazine_Subscriptions,content,0.10722857142857142,0.05388571428571428,-0.05334285714285714,True
6400,Magazine_Subscriptions,content,0.0,0.0,0.0,False
6401,Magazine_Subscriptions,content,-0.1084,-0.1084,0.0,False
6402,Magazine_Subscriptions,delivery,0.2821,0.2732,-0.008900000000000019,True
6402,Magazine_Subscriptions,customer_service,0.4404,0.4404,0.0,False
6403,Magazine_Subscriptions,billing,0.0762,0.0762,0.0,False
6403,Magazine_Subscriptions,delivery,0.0762,0.0762,0.0,False
6404,Magazine_Subscriptions,quality,0.5256,0.5256,0.0,False
6405,Magazine_Subscriptions,advertising,0.8955,0.8955,0.0,False
6405,Magazine_Subscriptions,content,0.47442,0.44708,-0.02734000000000003,True
6405,Magazine_Subscriptions,price,0.66795,0.66795,0.0,False
6406,Magazine_Subscriptions,content,0.28175,0.18783333333333332,-0.09391666666666668,True
6407,Magazine_Subscriptions,content,0.5859,0.5859,0.0,False
6409,Magazine_Subscriptions,advertising,-0.5575,-0.5575,0.0,False
6411,Magazine_Subscriptions,billing,0.0,0.0,0.0,False
6411,Magazine_Subscriptions,content,0.8176,0.8176,0.0,False
6411,Magazine_Subscriptions,price,0.40553333333333336,0.40553333333333336,0.0,False
6412,Magazine_Subscriptions,advertising,0.0,0.0,0.0,False
6415,Magazine_Subscriptions,advertising,0.8536,0.765,-0.08860000000000001,True
6415,Magazine_Subscriptions,content,0.07135,0.062490000000000025,-0.008859999999999972,True
6416,Magazine_Subscriptions,price,0.6588,0.6588,0.0,False
6420,Magazine_Subscriptions,billing,0.7351,0.7351,0.0,False
6421,Magazine_Subscriptions,content,0.4767,0.4767,0.0,False
6422,Magazine_Subscriptions,content,0.6249,0.6249,0.0,False
6423,Magazine_Subscriptions,content,0.0,0.0,0.0,False
6425,Magazine_Subscriptions,content,-0.1591,-0.1591,0.0,False
6427,Magazine_Subscriptions,price,-0.2867,0.4404,0.7271000000000001,True
6428,Magazine_Subscriptions,price,0.6249,0.6249,0.0,False
6429,Magazine_Subscriptions,content,0.6956,0.4588,-0.2368,True
6430,Magazine_Subscriptions,content,0.6369,0.6369,0.0,False
6432,Magazine_Subscriptions,quality,0.1027,0.2023,0.09960000000000001,True
6432,Magazine_Subscriptions,content,0.1027,0.2023,0.09960000000000001,True
6433,Magazine_Subscriptions,content,0.6249,0.6249,0.0,False
6434,Magazine_Subscriptions,content,0.0,0.0,0.0,False
6436,Magazine_Subscriptions,quality,0.8271,0.0,-0.8271,True
6437,Magazine_Subscriptions,content,0.7572,0.30575,-0.45144999999999996,True
6438,Magazine_Subscriptions,content,-0.0772,-0.0772,0.0,False
6439,Magazine_Subscriptions,delivery,0.8449,0.8449,0.0,False
6440,Magazine_Subscriptions,content,0.4404,0.4404,0.0,False
6441,Magazine_Subscriptions,price,0.6597,0.6597,0.0,False
6442,Magazine_Subscriptions,content,-0.0257,-0.0257,0.0,False
6442,Magazine_Subscriptions,customer_service,0.0,0.0,0.0,False
6443,Magazine_Subscriptions,price,0.7474,0.7474,0.0,False
6444,Magazine_Subscriptions,content,0.7783,0.7783,0.0,False
6446,Magazine_Subscriptions,billing,-0.4019,-0.4019,0.0,False
6446,Magazine_Subscriptions,content,-0.4019,-0.4019,0.0,False
6447,Magazine_Subscriptions,content,-0.128,-0.128,0.0,False
6449,Magazine_Subscriptions,content,0.0,0.0,0.0,False
6451,Magazine_Subscriptions,quality,0.0,0.0,0.0,False
6451,Magazine_Subscriptions,content,0.1806,0.1806,0.0,False
6453,Magazine_Subscriptions,advertising,0.0,0.0,0.0,False
6453,Magazine_Subscriptions,content,0.13366666666666668,0.13366666666666668,0.0,False
6454,Magazine_Subscriptions,advertising,0.459625,0.45498000000000005,-0.004644999999999955,True
6454,Magazine_Subscriptions,content,0.18932222222222223,0.18932222222222223,0.0,False
6455,Magazine_Subscriptions,content,0.7977,0.7977,0.0,False
6456,Magazine_Subscriptions,content,0.8957,0.8957,0.0,False
6459,Magazine_Subscriptions,delivery,0.0,0.0,0.0,False
6459,Magazine_Subscriptions,content,0.3818,0.3818,0.0,False
6462,Magazine_Subscriptions,content,0.0,0.0,0.0,False
6463,Magazine_Subscriptions,content,0.0,0.0,0.0,False
6463,Magazine_Subscriptions,price,0.0,0.0,0.0,False
6464,Magazine_Subscriptions,billing,0.1877,0.1877,0.0,False
6465,Magazine_Subscriptions,billing,-0.2003,-0.25,-0.049699999999999994,True
6465,Magazine_Subscriptions,content,0.4003,0.4003,0.0,False
6466,Magazine_Subscriptions,content,0.5951,0.5951,0.0,False
6467,Magazine_Subscriptions,content,0.6626000000000001,0.6626000000000001,0.0,False
6469,Magazine_Subscriptions,advertising,0.0,0.0,0.0,False
6469,Magazine_Subscriptions,content,0.7227,0.9022,0.1795,True
6470,Magazine_Subscriptions,advertising,0.4194,0.2944,-0.125,True
6470,Magazine_Subscriptions,billing,0.0,0.0,0.0,False
6472,Magazine_Subscriptions,price,0.6249,0.6249,0.0,False
6472,Magazine_Subscriptions,content,0.6249,0.6249,0.0,False
6473,Magazine_Subscriptions,delivery,0.4753,0.4753,0.0,False
6473,Magazine_Subscriptions,content,0.4753,0.4753,0.0,False
6475,Magazine_Subscriptions,content,0.6705,0.6705,0.0,False
6476,Magazine_Subscriptions,quality,0.6249,0.6249,0.0,False
6479,Magazine_Subscriptions,content,0.4019,0.4019,0.0,False
6480,Magazine_Subscriptions,content,0.23835,0.23835,0.0,False
6482,Magazine_Subscriptions,content,0.4939,0.4939,0.0,False
6483,Magazine_Subscriptions,price,0.6369,0.6369,0.0,False
6485,Magazine_Subscriptions,price,0.0,0.0,0.0,False
6487,Magazine_Subscriptions,price,0.7177,0.7177,0.0,False
6489,Magazine_Subscriptions,content,0.5256,0.5256,0.0,False
6490,Magazine_Subscriptions,content,0.0,0.0,0.0,False
6491,Magazine_Subscriptions,billing,0.0,0.0,0.0,False
6491,Magazine_Subscriptions,content,0.0,0.0,0.0,False
6493,Magazine_Subscriptions,content,0.7096,0.7096,0.0,False
6495,Magazine_Subscriptions,delivery,0.0,0.0,0.0,False
6495,Magazine_Subscriptions,content,0.0,0.0,0.0,False
6497,Magazine_Subscriptions,content,0.0,0.0,0.0,False
6501,Magazine_Subscriptions,content,0.4588,0.4588,0.0,False
6502,Magazine_Subscriptions,quality,0.6908,0.6908,0.0,False
6502,Magazine_Subscriptions,content,0.6908,0.6908,0.0,False
6504,Magazine_Subscriptions,content,0.7351,0.7351,0.0,False
6505,Magazine_Subscriptions,advertising,0.5267,0.5267,0.0,False
6505,Magazine_Subscriptions,content,0.5267,0.5267,0.0,False
6506,Magazine_Subscriptions,billing,0.0,0.0,0.0,False
6506,Magazine_Subscriptions,content,0.47459999999999997,0.402825,-0.07177499999999998,True
6508,Magazine_Subscriptions,content,0.5574,0.5574,0.0,False
6509,Magazine_Subscriptions,content,0.54635,0.54635,0.0,False
6509,Magazine_Subscriptions,quality,0.0,0.0,0.0,False
6509,Magazine_Subscriptions,price,0.0,0.0,0.0,False
6510,Magazine_Subscriptions,content,0.8316,0.6249,-0.2067,True
6511,Magazine_Subscriptions,content,0.6135,0.6135,0.0,False
6515,Magazine_Subscriptions,content,0.2202,0.2202,0.0,False
6516,Magazine_Subscriptions,content,0.6249,0.6249,0.0,False
6520,Magazine_Subscriptions,billing,0.005466666666666667,0.005466666666666667,0.0,False
6520,Magazine_Subscriptions,content,-0.6275,-0.5739,0.05359999999999998,True
6521,Magazine_Subscriptions,content,0.0772,0.0772,0.0,False
6522,Magazine_Subscriptions,content,0.0,0.0,0.0,False
6524,Magazine_Subscriptions,price,0.8316,0.8316,0.0,False
6524,Magazine_Subscriptions,content,0.7239,0.7239,0.0,False
6526,Magazine_Subscriptions,billing,0.722,0.4215,-0.3005,True
6526,Magazine_Subscriptions,quality,0.722,0.4926,-0.2294,True
6526,Magazine_Subscriptions,price,0.722,0.45704999999999996,-0.26495,True
6526,Magazine_Subscriptions,content,0.8313,0.8313,0.0,False
6527,Magazine_Subscriptions,content,-0.013899999999999987,-0.01849999999999996,-0.004599999999999974,True
6529,Magazine_Subscriptions,content,0.5719,0.5719,0.0,False
6531,Magazine_Subscriptions,content,0.4019,0.4019,0.0,False
6534,Magazine_Subscriptions,content,0.0,0.0,0.0,False
6536,Magazine_Subscriptions,content,0.0,0.0,0.0,False
6541,Magazine_Subscriptions,quality,0.0,0.0,0.0,False
6541,Magazine_Subscriptions,content,0.0,0.0,0.0,False
6542,Magazine_Subscriptions,content,0.17253333333333334,0.17253333333333334,0.0,False
6544,Magazine_Subscriptions,content,0.0,0.0,0.0,False
6547,Magazine_Subscriptions,content,0.6249,0.6249,0.0,False
6548,Magazine_Subscriptions,delivery,0.4754,0.4754,0.0,False
6549,Magazine_Subscriptions,delivery,0.4404,0.4404,0.0,False
6549,Magazine_Subscriptions,content,0.28255714285714284,0.2641142857142857,-0.01844285714285715,True
6552,Magazine_Subscriptions,billing,-0.125,-0.125,0.0,False
6553,Magazine_Subscriptions,billing,0.4588,0.4588,0.0,False
6553,Magazine_Subscriptions,content,0.4588,0.4588,0.0,False
6560,Magazine_Subscriptions,content,0.8481,0.8481,0.0,False
6564,Magazine_Subscriptions,content,0.0,0.0,0.0,False
6566,Magazine_Subscriptions,advertising,0.0,0.0,0.0,False
6566,Magazine_Subscriptions,content,0.0,0.0,0.0,False
6568,Magazine_Subscriptions,content,0.31845,0.31845,0.0,False
6574,Magazine_Subscriptions,delivery,0.0,0.0,0.0,False
6574,Magazine_Subscriptions,content,0.0,0.0,0.0,False
6575,Magazine_Subscriptions,content,0.43338,0.43338,0.0,False
6576,Magazine_Subscriptions,price,0.0,0.0,0.0,False
6577,Magazine_Subscriptions,content,0.3756,0.3756,0.0,False
6579,Magazine_Subscriptions,content,0.2625,0.2625,0.0,False
6580,Magazine_Subscriptions,advertising,0.0,0.0,0.0,False
6580,Magazine_Subscriptions,content,0.2144,0.4019,0.18749999999999997,True
6580,Magazine_Subscriptions,price,0.0,0.0,0.0,False
6581,Magazine_Subscriptions,advertising,-0.2755,-0.2755,0.0,False
6585,Magazine_Subscriptions,content,0.0,0.0,0.0,False
6587,Magazine_Subscriptions,price,0.0,0.0,0.0,False
6588,Magazine_Subscriptions,content,0.8357,0.5423,-0.2934,True
6592,Magazine_Subscriptions,content,0.027266666666666665,0.027266666666666665,0.0,False
6594,Magazine_Subscriptions,content,0.6369,0.6369,0.0,False
6595,Magazine_Subscriptions,billing,0.0,0.0,0.0,False
6597,Magazine_Subscriptions,billing,-0.5719,-0.5719,0.0,False
6597,Magazine_Subscriptions,content,0.0,0.0,0.0,False
6599,Magazine_Subscriptions,delivery,0.2787,0.2787,0.0,False
6599,Magazine_Subscriptions,content,0.5574,0.5574,0.0,False
6600,Magazine_Subscriptions,content,0.4014,0.4014,0.0,False
6601,Magazine_Subscriptions,content,0.0,0.0,0.0,False
6602,Magazine_Subscriptions,content,0.0,0.0,0.0,False
6604,Magazine_Subscriptions,content,0.2263,0.4215,0.19519999999999998,True
6605,Magazine_Subscriptions,price,0.765,0.765,0.0,False
6608,Magazine_Subscriptions,price,0.4404,0.4404,0.0,False
6612,Magazine_Subscriptions,billing,0.51475,0.51475,0.0,False
6612,Magazine_Subscriptions,content,-0.4019,-0.4019,0.0,False
6614,Magazine_Subscriptions,content,0.0,0.0,0.0,False
6615,Magazine_Subscriptions,content,0.4404,0.4404,0.0,False
6616,Magazine_Subscriptions,content,0.0,0.0,0.0,False
6616,Magazine_Subscriptions,price,-0.4215,-0.4215,0.0,False
6619,Magazine_Subscriptions,price,-0.4215,-0.4215,0.0,False
6620,Magazine_Subscriptions,content,0.0,0.0,0.0,False
6622,Magazine_Subscriptions,price,0.9022,0.9022,0.0,False
6623,Magazine_Subscriptions,content,0.86385,0.86385,0.0,False
6625,Magazine_Subscriptions,content,0.0,0.0,0.0,False
6626,Magazine_Subscriptions,content,0.0,0.0,0.0,False
6628,Magazine_Subscriptions,content,0.8316,0.8316,0.0,False
6631,Magazine_Subscriptions,delivery,0.0,0.0,0.0,False
6631,Magazine_Subscriptions,content,0.0,0.0,0.0,False
6633,Magazine_Subscriptions,price,0.6369,0.6369,0.0,False
6637,Magazine_Subscriptions,billing,0.7351,0.7351,0.0,False
6638,Magazine_Subscriptions,billing,-0.5122,-0.5122,0.0,False
6638,Magazine_Subscriptions,price,-0.5122,-0.5122,0.0,False
6640,Magazine_Subscriptions,advertising,-0.5096,-0.5096,0.0,False
6640,Magazine_Subscriptions,price,-0.5096,-0.5096,0.0,False
6641,Magazine_Subscriptions,content,0.5267,0.5267,0.0,False
6642,Magazine_Subscriptions,advertising,0.5719,0.5719,0.0,False
6643,Magazine_Subscriptions,content,0.0,0.0,0.0,False
6644,Magazine_Subscriptions,content,0.0,0.0,0.0,False
6646,Magazine_Subscriptions,content,0.6588,0.6588,0.0,False
6647,Magazine_Subscriptions,content,0.765,0.765,0.0,False
6648,Magazine_Subscriptions,price,0.6249,0.6249,0.0,False
6652,Magazine_Subscriptions,advertising,0.7212,0.7212,0.0,False
6652,Magazine_Subscriptions,content,0.8182499999999999,0.8182499999999999,0.0,False
6653,Magazine_Subscriptions,price,0.6369,0.6369,0.0,False
6654,Magazine_Subscriptions,content,0.2202,0.2202,0.0,False
6655,Magazine_Subscriptions,advertising,0.5434,0.5434,0.0,False
6655,Magazine_Subscriptions,content,0.5434,0.5434,0.0,False
6656,Magazine_Subscriptions,content,0.6458,0.6411,-0.0047000000000000375,True
6656,Magazine_Subscriptions,price,0.5707,0.5707,0.0,False
6661,Magazine_Subscriptions,advertising,-0.2755,-0.2755,0.0,False
6661,Magazine_Subscriptions,billing,0.28800000000000003,0.28800000000000003,0.0,False
6661,Magazine_Subscriptions,content,0.9273,0.9273,0.0,False
6666,Magazine_Subscriptions,content,0.6597,0.6597,0.0,False
6667,Magazine_Subscriptions,billing,0.4404,0.4404,0.0,False
6667,Magazine_Subscriptions,price,0.4404,0.4404,0.0,False
6670,Magazine_Subscriptions,price,-0.4404,-0.4404,0.0,False
6670,Magazine_Subscriptions,content,0.130475,0.14858749999999998,0.018112499999999976,True
6671,Magazine_Subscriptions,advertising,0.7073,0.7073,0.0,False
6672,Magazine_Subscriptions,content,0.4404,0.4404,0.0,False
6673,Magazine_Subscriptions,content,0.0,0.0,0.0,False
6674,Magazine_Subscriptions,billing,-0.06376666666666667,-0.08726666666666667,-0.023500000000000007,True
6674,Magazine_Subscriptions,customer_service,0.0,0.0,0.0,False
6674,Magazine_Subscriptions,price,0.0516,0.0516,0.0,False
6674,Magazine_Subscriptions,content,0.197,0.5533,0.3563,True
6676,Magazine_Subscriptions,price,0.4404,0.4404,0.0,False
6678,Magazine_Subscriptions,content,-0.1431,-0.1431,0.0,False
6679,Magazine_Subscriptions,content,0.0,0.0,0.0,False
6681,Magazine_Subscriptions,price,0.296,0.296,0.0,False
6683,Magazine_Subscriptions,content,0.5528,0.5528,0.0,False
6686,Magazine_Subscriptions,price,0.4728,0.4728,0.0,False
6686,Magazine_Subscriptions,content,0.275,0.275,0.0,False
6688,Magazine_Subscriptions,billing,0.6249,0.6249,0.0,False
6688,Magazine_Subscriptions,price,0.77165,0.77165,0.0,False
6689,Magazine_Subscriptions,content,0.0,0.0,0.0,False
6690,Magazine_Subscriptions,advertising,-0.038349999999999995,0.021199999999999997,0.05954999999999999,True
6690,Magazine_Subscriptions,content,0.4404,0.4404,0.0,False
6690,Magazine_Subscriptions,price,0.7003,0.7003,0.0,False
6691,Magazine_Subscriptions,billing,-0.4215,-0.4215,0.0,False
6691,Magazine_Subscriptions,customer_service,-0.2997,-0.2997,0.0,False
6691,Magazine_Subscriptions,quality,0.5023,0.3612,-0.14109999999999995,True
6691,Magazine_Subscriptions,advertising,0.5023,0.3612,-0.14109999999999995,True
6693,Magazine_Subscriptions,billing,0.07633333333333335,0.07633333333333335,0.0,False
6695,Magazine_Subscriptions,billing,0.0,0.0,0.0,False
6697,Magazine_Subscriptions,content,0.6124,0.6124,0.0,False
6698,Magazine_Subscriptions,content,0.14675,0.14675,0.0,False
6700,Magazine_Subscriptions,content,0.5859,0.5859,0.0,False
6703,Magazine_Subscriptions,delivery,0.0,0.0,0.0,False
6704,Magazine_Subscriptions,content,0.7346,0.7346,0.0,False
6706,Magazine_Subscriptions,content,0.4404,0.4404,0.0,False
6707,Magazine_Subscriptions,content,0.0,-0.6486,-0.6486,True
6710,Magazine_Subscriptions,advertising,0.0772,0.0772,0.0,False
6710,Magazine_Subscriptions,content,0.0,0.0,0.0,False
6711,Magazine_Subscriptions,advertising,0.7783,0.7783,0.0,False
6711,Magazine_Subscriptions,price,0.6361,0.5023,-0.13380000000000003,True
6712,Magazine_Subscriptions,content,0.5144333333333333,0.5144333333333333,0.0,False
6713,Magazine_Subscriptions,content,-0.296,-0.296,0.0,False
6714,Magazine_Subscriptions,content,0.5093,0.5093,0.0,False
6717,Magazine_Subscriptions,advertising,0.0,0.0,0.0,False
6717,Magazine_Subscriptions,billing,-0.5422,-0.3952,0.14700000000000002,True
6718,Magazine_Subscriptions,advertising,-0.3182,-0.3182,0.0,False
6718,Magazine_Subscriptions,content,-0.3182,-0.3182,0.0,False
6720,Magazine_Subscriptions,content,0.6597,0.6597,0.0,False
6721,Magazine_Subscriptions,advertising,-0.7346,-0.7346,0.0,False
6721,Magazine_Subscriptions,content,-0.7346,-0.7346,0.0,False
6723,Magazine_Subscriptions,price,0.0,0.0,0.0,False
6723,Magazine_Subscriptions,content,0.4019,0.4019,0.0,False
6724,Magazine_Subscriptions,advertising,0.5095,0.5095,0.0,False
6724,Magazine_Subscriptions,content,0.5095,0.5095,0.0,False
6725,Magazine_Subscriptions,content,0.2997,0.2997,0.0,False
6726,Magazine_Subscriptions,content,0.0,0.0,0.0,False
6726,Magazine_Subscriptions,delivery,0.0,0.0,0.0,False
6726,Magazine_Subscriptions,packaging,0.0,0.0,0.0,False
6728,Magazine_Subscriptions,advertising,0.5927,0.4404,-0.1523,True
6728,Magazine_Subscriptions,billing,0.2023,0.2023,0.0,False
6728,Magazine_Subscriptions,content,0.22425,0.22425,0.0,False
6731,Magazine_Subscriptions,content,0.6858,-0.5106,-1.1964000000000001,True
6733,Magazine_Subscriptions,content,0.8221,0.8221,0.0,False
6736,Magazine_Subscriptions,advertising,0.0,0.0,0.0,False
6736,Magazine_Subscriptions,content,0.0,0.0,0.0,False
6739,Magazine_Subscriptions,content,0.7906,0.7906,0.0,False
6739,Magazine_Subscriptions,price,0.7906,0.7906,0.0,False
6742,Magazine_Subscriptions,customer_service,0.0,0.0,0.0,False
6743,Magazine_Subscriptions,content,0.8481,0.8481,0.0,False
6745,Magazine_Subscriptions,content,0.4926,0.4926,0.0,False
6747,Magazine_Subscriptions,content,0.0,0.0,0.0,False
6748,Magazine_Subscriptions,advertising,0.5994,0.5994,0.0,False
6748,Magazine_Subscriptions,content,0.5994,0.5994,0.0,False
6751,Magazine_Subscriptions,content,0.5859,0.5859,0.0,False
6753,Magazine_Subscriptions,content,0.3612,0.3612,0.0,False
6754,Magazine_Subscriptions,price,0.0,0.0,0.0,False
6754,Magazine_Subscriptions,content,0.4019,0.4019,0.0,False
6756,Magazine_Subscriptions,content,0.0,0.0,0.0,False
6758,Magazine_Subscriptions,price,0.6956,0.6956,0.0,False
6760,Magazine_Subscriptions,content,0.0,0.0,0.0,False
6762,Magazine_Subscriptions,delivery,0.8415,0.8415,0.0,False
6770,Magazine_Subscriptions,content,0.508,0.508,0.0,False
6770,Magazine_Subscriptions,price,0.7579,0.7579,0.0,False
6771,Magazine_Subscriptions,billing,0.68835,0.5101,-0.17825000000000002,True
6771,Magazine_Subscriptions,price,0.6988,0.6988,0.0,False
6773,Magazine_Subscriptions,content,0.8519,0.8519,0.0,False
6774,Magazine_Subscriptions,content,0.5719,0.5719,0.0,False
6775,Magazine_Subscriptions,price,0.0,0.0,0.0,False
6775,Magazine_Subscriptions,content,0.5323,0.5323,0.0,False
6777,Magazine_Subscriptions,advertising,0.3612,0.3612,0.0,False
6777,Magazine_Subscriptions,content,0.40080000000000005,0.40080000000000005,0.0,False
6778,Magazine_Subscriptions,content,0.2553,0.2553,0.0,False
6778,Magazine_Subscriptions,quality,-0.04009999999999999,0.1168,0.15689999999999998,True
6778,Magazine_Subscriptions,price,0.3919,0.0,-0.3919,True
6781,Magazine_Subscriptions,content,0.7710999999999999,0.7710999999999999,0.0,False
6783,Magazine_Subscriptions,billing,0.0,0.0,0.0,False
6786,Magazine_Subscriptions,advertising,0.8155,0.8155,0.0,False
6786,Magazine_Subscriptions,content,0.8155,0.8155,0.0,False
6789,Magazine_Subscriptions,advertising,0.4003,0.4003,0.0,False
6789,Magazine_Subscriptions,content,0.0,0.0,0.0,False
6789,Magazine_Subscriptions,price,-0.2755,-0.2755,0.0,False
6793,Magazine_Subscriptions,content,0.7706,0.7706,0.0,False
6795,Magazine_Subscriptions,content,0.8428,0.8428,0.0,False
6796,Magazine_Subscriptions,content,0.2202,0.2202,0.0,False
6798,Magazine_Subscriptions,content,0.0,0.0,0.0,False
6802,Magazine_Subscriptions,content,0.1531,0.4404,0.2873,True
6804,Magazine_Subscriptions,content,0.4926,0.4926,0.0,False
6805,Magazine_Subscriptions,billing,0.0,0.0,0.0,False
6805,Magazine_Subscriptions,content,0.31245,0.31245,0.0,False
6808,Magazine_Subscriptions,content,0.343825,0.343825,0.0,False
6808,Magazine_Subscriptions,delivery,0.0,0.0,0.0,False
6808,Magazine_Subscriptions,price,0.9349,0.9349,0.0,False
6810,Magazine_Subscriptions,advertising,0.3246,0.3246,0.0,False
6813,Magazine_Subscriptions,content,0.62595,0.62595,0.0,False
6816,Magazine_Subscriptions,billing,0.0,0.0,0.0,False
6816,Magazine_Subscriptions,content,0.0,0.0,0.0,False
6820,Magazine_Subscriptions,quality,0.1779,0.1779,0.0,False
6821,Magazine_Subscriptions,content,0.0,0.0,0.0,False
6825,Magazine_Subscriptions,content,0.5418499999999999,0.5418499999999999,0.0,False
6826,Magazine_Subscriptions,price,0.8481,0.8481,0.0,False
6828,Magazine_Subscriptions,content,0.6249,0.6249,0.0,False
6829,Magazine_Subscriptions,content,0.8316,0.8316,0.0,False
6831,Magazine_Subscriptions,content,0.11915,0.11915,0.0,False
6833,Magazine_Subscriptions,content,0.891,0.891,0.0,False
6834,Magazine_Subscriptions,price,-0.4215,-0.4215,0.0,False
6835,Magazine_Subscriptions,content,-0.6002,-0.3612,0.23899999999999993,True
6836,Magazine_Subscriptions,advertising,0.5106,0.5106,0.0,False
6836,Magazine_Subscriptions,content,0.5106,0.5106,0.0,False
6838,Magazine_Subscriptions,advertising,-0.29396666666666665,-0.29396666666666665,0.0,False
6838,Magazine_Subscriptions,billing,-0.0603,-0.0603,0.0,False
6838,Magazine_Subscriptions,content,-0.148,-0.148,0.0,False
6839,Magazine_Subscriptions,price,0.8555,0.8555,0.0,False
6840,Magazine_Subscriptions,advertising,0.1531,0.1531,0.0,False
6840,Magazine_Subscriptions,content,0.1531,0.1531,0.0,False
6841,Magazine_Subscriptions,delivery,0.0,0.0,0.0,False
6843,Magazine_Subscriptions,content,0.4111,0.0,-0.4111,True
6844,Magazine_Subscriptions,price,0.7269,0.7269,0.0,False
6846,Magazine_Subscriptions,content,0.0,0.0,0.0,False
6849,Magazine_Subscriptions,content,0.8126,0.8126,0.0,False
6850,Magazine_Subscriptions,content,0.4404,0.4404,0.0,False
6851,Magazine_Subscriptions,content,0.4199,0.0,-0.4199,True
6854,Magazine_Subscriptions,content,0.3612,0.3612,0.0,False
6855,Magazine_Subscriptions,content,0.7096,0.7096,0.0,False
6856,Magazine_Subscriptions,delivery,0.6474,0.0,-0.6474,True
6860,Magazine_Subscriptions,billing,0.1779,0.1779,0.0,False
6861,Magazine_Subscriptions,content,-0.05939999999999998,-0.05939999999999998,0.0,False
6863,Magazine_Subscriptions,content,0.29866666666666664,0.4633333333333334,0.16466666666666674,True
6864,Magazine_Subscriptions,price,0.6652,0.5106,-0.15459999999999996,True
6867,Magazine_Subscriptions,content,0.8555,0.8555,0.0,False
6868,Magazine_Subscriptions,content,0.0,0.0,0.0,False
6869,Magazine_Subscriptions,content,0.3612,0.3612,0.0,False
6870,Magazine_Subscriptions,content,0.0,0.0,0.0,False
6872,Magazine_Subscriptions,content,0.6249,0.6249,0.0,False
6873,Magazine_Subscriptions,content,0.3559,0.48030000000000006,0.12440000000000007,True
6875,Magazine_Subscriptions,content,0.5023,0.1806,-0.3217,True
6878,Magazine_Subscriptions,delivery,0.30825,0.23135,-0.07690000000000002,True
6878,Magazine_Subscriptions,content,0.0,0.0,0.0,False
6880,Magazine_Subscriptions,content,-0.3182,-0.3182,0.0,False
6881,Magazine_Subscriptions,billing,0.31465,0.31465,0.0,False
6882,Magazine_Subscriptions,content,0.5688,0.5688,0.0,False
6884,Magazine_Subscriptions,price,0.0,0.0,0.0,False
6886,Magazine_Subscriptions,content,0.7387,-0.2755,-1.0142,True
6888,Magazine_Subscriptions,price,0.729,0.729,0.0,False
6888,Magazine_Subscriptions,content,0.19080000000000003,0.19080000000000003,0.0,False
6890,Magazine_Subscriptions,content,0.0,0.0,0.0,False
6890,Magazine_Subscriptions,price,0.0,0.0,0.0,False
6891,Magazine_Subscriptions,content,0.8511,0.8511,0.0,False
6892,Magazine_Subscriptions,content,0.7351,0.7351,0.0,False
6893,Magazine_Subscriptions,content,0.9169,0.9169,0.0,False
6894,Magazine_Subscriptions,content,0.0,0.0,0.0,False
6899,Magazine_Subscriptions,quality,0.0,0.0,0.0,False
6900,Magazine_Subscriptions,advertising,0.2421,0.0,-0.2421,True
6901,Magazine_Subscriptions,content,0.7096,0.7096,0.0,False
6902,Magazine_Subscriptions,content,0.3723666666666667,0.2760666666666667,-0.0963,True
6903,Magazine_Subscriptions,content,0.6369,0.6369,0.0,False
6906,Magazine_Subscriptions,price,0.2911,0.5198,0.22870000000000001,True
6906,Magazine_Subscriptions,content,0.4201,0.4201,0.0,False
6907,Magazine_Subscriptions,billing,0.13085,0.08895,-0.04189999999999999,True
6907,Magazine_Subscriptions,customer_service,0.0,0.0,0.0,False
6908,Magazine_Subscriptions,quality,0.5994,0.5994,0.0,False
6908,Magazine_Subscriptions,content,0.4201,0.4201,0.0,False
6911,Magazine_Subscriptions,price,0.1027,0.2023,0.09960000000000001,True
6913,Magazine_Subscriptions,billing,0.0,0.0,0.0,False
6916,Magazine_Subscriptions,content,0.6369,0.6369,0.0,False
6920,Magazine_Subscriptions,content,0.4019,0.4019,0.0,False
6921,Magazine_Subscriptions,delivery,0.0,0.0,0.0,False
6922,Magazine_Subscriptions,content,0.7003,0.5719,-0.12840000000000007,True
6923,Magazine_Subscriptions,delivery,0.0,0.0,0.0,False
6923,Magazine_Subscriptions,content,0.0,0.0,0.0,False
6926,Magazine_Subscriptions,price,0.7783,0.7783,0.0,False
6926,Magazine_Subscriptions,content,0.4588,0.4588,0.0,False
6927,Magazine_Subscriptions,price,0.6369,0.6369,0.0,False
6931,Magazine_Subscriptions,content,0.2732,0.2732,0.0,False
6934,Magazine_Subscriptions,content,0.5707,0.5707,0.0,False
6935,Magazine_Subscriptions,price,0.4404,0.4404,0.0,False
6937,Magazine_Subscriptions,content,0.3563,0.1999,-0.1564,True
6940,Magazine_Subscriptions,quality,0.7213,0.7213,0.0,False
6941,Magazine_Subscriptions,advertising,0.9313,0.9313,0.0,False
6941,Magazine_Subscriptions,content,0.4957,0.25165,-0.24405,True
6944,Magazine_Subscriptions,content,0.5719,0.5719,0.0,False
6945,Magazine_Subscriptions,advertising,-0.4186,-0.4186,0.0,False
6946,Magazine_Subscriptions,content,-0.05500000000000001,-0.13775,-0.08275,True
6947,Magazine_Subscriptions,content,0.2446,0.2446,0.0,False
6948,Magazine_Subscriptions,content,0.4215,0.4215,0.0,False
6950,Magazine_Subscriptions,billing,0.8398,0.8398,0.0,False
6951,Magazine_Subscriptions,advertising,0.0,0.0,0.0,False
6952,Magazine_Subscriptions,advertising,0.6478,0.6478,0.0,False
6952,Magazine_Subscriptions,content,0.8091,0.8091,0.0,False
6955,Magazine_Subscriptions,content,0.7906,0.7906,0.0,False
6956,Magazine_Subscriptions,price,0.7003,0.7003,0.0,False
6957,Magazine_Subscriptions,advertising,-0.5256,-0.5256,0.0,False
6958,Magazine_Subscriptions,content,0.78895,0.78895,0.0,False
6961,Magazine_Subscriptions,content,-0.1069,-0.1069,0.0,False
6963,Magazine_Subscriptions,content,0.6249,0.6249,0.0,False
6964,Magazine_Subscriptions,advertising,0.1531,0.0,-0.1531,True
6964,Magazine_Subscriptions,billing,0.0,0.0,0.0,False
6965,Magazine_Subscriptions,quality,-0.3865,-0.3865,0.0,False
6966,Magazine_Subscriptions,content,0.0,0.0,0.0,False
6968,Magazine_Subscriptions,price,0.7804,0.7804,0.0,False
6970,Magazine_Subscriptions,content,0.0,0.0,0.0,False
6971,Magazine_Subscriptions,content,0.6249,0.6249,0.0,False
6973,Magazine_Subscriptions,billing,-0.25,-0.25,0.0,False
6974,Magazine_Subscriptions,content,0.12660000000000002,0.12660000000000002,0.0,False
6976,Magazine_Subscriptions,content,0.4767,0.4767,0.0,False
6983,Magazine_Subscriptions,content,0.4215,0.4215,0.0,False
6985,Magazine_Subscriptions,delivery,0.0,0.0,0.0,False
6985,Magazine_Subscriptions,content,0.0,0.0,0.0,False
6986,Magazine_Subscriptions,billing,0.0,0.0,0.0,False
6986,Magazine_Subscriptions,content,0.4643,0.4643,0.0,False
6987,Magazine_Subscriptions,advertising,0.3612,0.3612,0.0,False
6987,Magazine_Subscriptions,content,0.3612,0.3612,0.0,False
6990,Magazine_Subscriptions,content,-0.1531,0.0,0.1531,True
6991,Magazine_Subscriptions,content,0.0,0.0,0.0,False
6994,Magazine_Subscriptions,content,0.4404,0.4404,0.0,False
6996,Magazine_Subscriptions,quality,0.8074,0.8074,0.0,False
6996,Magazine_Subscriptions,content,0.8074,0.8074,0.0,False
6997,Magazine_Subscriptions,billing,0.0,0.0,0.0,False
6997,Magazine_Subscriptions,content,-0.3724,-0.3724,0.0,False
6997,Magazine_Subscriptions,price,0.0,0.0,0.0,False
7000,Magazine_Subscriptions,advertising,0.0386,0.0386,0.0,False
7000,Magazine_Subscriptions,content,0.43803333333333333,0.43803333333333333,0.0,False
7001,Magazine_Subscriptions,content,0.0,0.0,0.0,False
7002,Magazine_Subscriptions,advertising,0.0,0.0,0.0,False
7002,Magazine_Subscriptions,content,0.05973333333333334,0.05973333333333334,0.0,False
7007,Magazine_Subscriptions,content,0.3612,0.3612,0.0,False
7008,Magazine_Subscriptions,delivery,0.19190000000000002,0.19190000000000002,0.0,False
7008,Magazine_Subscriptions,content,0.1383,0.1383,0.0,False
7009,Magazine_Subscriptions,content,0.0,0.0,0.0,False
7015,Magazine_Subscriptions,content,0.2382,0.4404,0.20220000000000002,True
7016,Magazine_Subscriptions,delivery,0.0,0.0,0.0,False
7016,Magazine_Subscriptions,content,0.0,0.0,0.0,False
7017,Magazine_Subscriptions,content,0.05099999999999999,0.11035,0.059350000000000014,True
7017,Magazine_Subscriptions,price,-0.19595,0.0,0.19595,True
7018,Magazine_Subscriptions,content,0.0,0.0,0.0,False
7020,Magazine_Subscriptions,delivery,0.9245,0.9245,0.0,False
7020,Magazine_Subscriptions,price,0.9245,0.9245,0.0,False
7021,Magazine_Subscriptions,advertising,0.0618,0.0618,0.0,False
7021,Magazine_Subscriptions,content,0.23815,0.23815,0.0,False
7022,Magazine_Subscriptions,content,0.5563,0.5563,0.0,False
7023,Magazine_Subscriptions,content,0.5719,0.5719,0.0,False
7025,Magazine_Subscriptions,content,-0.32605,-0.296,0.03005000000000002,True
7026,Magazine_Subscriptions,content,0.4019,0.4019,0.0,False
7028,Magazine_Subscriptions,content,0.5232,0.5232,0.0,False
7031,Magazine_Subscriptions,content,0.6249,0.6249,0.0,False
7033,Magazine_Subscriptions,delivery,0.7184,0.8074,0.08899999999999997,True
7035,Magazine_Subscriptions,content,0.2917,0.4173,0.1256,True
7037,Magazine_Subscriptions,advertising,0.2382,0.0,-0.2382,True
7044,Magazine_Subscriptions,price,0.6369,0.6369,0.0,False
7044,Magazine_Subscriptions,content,0.5994,0.5994,0.0,False
7045,Magazine_Subscriptions,advertising,0.4648,0.4648,0.0,False
7045,Magazine_Subscriptions,content,0.2954333333333333,0.2954333333333333,0.0,False
7048,Magazine_Subscriptions,billing,0.9247,0.0,-0.9247,True
7056,Magazine_Subscriptions,content,0.4215,0.4215,0.0,False
7059,Magazine_Subscriptions,content,0.6249,0.6249,0.0,False
7060,Magazine_Subscriptions,price,0.7003,0.7003,0.0,False
7064,Magazine_Subscriptions,advertising,0.0,0.0,0.0,False
7064,Magazine_Subscriptions,price,0.2202,0.2202,0.0,False
7065,Magazine_Subscriptions,content,0.0,0.0,0.0,False
7066,Magazine_Subscriptions,content,0.8225,0.8225,0.0,False
7069,Magazine_Subscriptions,content,0.2288,0.2288,0.0,False
7071,Magazine_Subscriptions,price,0.0,0.0,0.0,False
7071,Magazine_Subscriptions,content,0.24635,0.24635,0.0,False
7072,Magazine_Subscriptions,price,0.2942,0.2942,0.0,False
7072,Magazine_Subscriptions,content,0.21230000000000002,0.21230000000000002,0.0,False
7073,Magazine_Subscriptions,quality,0.2235,0.2235,0.0,False
7073,Magazine_Subscriptions,content,0.3818,0.3818,0.0,False
7076,Magazine_Subscriptions,content,0.2202,0.2202,0.0,False
7080,Magazine_Subscriptions,content,0.6249,0.6249,0.0,False
7084,Magazine_Subscriptions,advertising,-0.4939,-0.4939,0.0,False
7084,Magazine_Subscriptions,price,0.6597,0.6597,0.0,False
7088,Magazine_Subscriptions,billing,0.1877,0.1877,0.0,False
7088,Magazine_Subscriptions,content,-0.296,-0.296,0.0,False
7088,Magazine_Subscriptions,delivery,0.1877,0.0,-0.1877,True
7089,Magazine_Subscriptions,content,0.2787,0.2787,0.0,False
7090,Magazine_Subscriptions,billing,0.4019,0.4019,0.0,False
7090,Magazine_Subscriptions,content,0.292775,0.255525,-0.037250000000000005,True
7090,Magazine_Subscriptions,price,0.8622,0.8622,0.0,False
7092,Magazine_Subscriptions,advertising,0.0,0.0,0.0,False
7094,Magazine_Subscriptions,quality,0.0,0.0,0.0,False
7095,Magazine_Subscriptions,content,0.0,0.0,0.0,False
7097,Magazine_Subscriptions,billing,0.1901,0.0,-0.1901,True
7097,Magazine_Subscriptions,content,0.1901,0.3612,0.17110000000000003,True
7098,Magazine_Subscriptions,price,-0.3412,0.0,0.3412,True
7099,Magazine_Subscriptions,content,0.4404,0.4404,0.0,False
7102,Magazine_Subscriptions,content,0.4927,0.4927,0.0,False
7106,Magazine_Subscriptions,price,-0.6218,-0.4767,0.1451,True
7108,Magazine_Subscriptions,advertising,-0.3182,-0.3182,0.0,False
7108,Magazine_Subscriptions,billing,0.0,0.0,0.0,False
7108,Magazine_Subscriptions,price,0.0,0.0,0.0,False
7110,Magazine_Subscriptions,content,-0.4019,-0.4019,0.0,False
7111,Magazine_Subscriptions,price,0.42115,0.42115,0.0,False
7112,Magazine_Subscriptions,content,0.1655,0.0,-0.1655,True
7113,Magazine_Subscriptions,delivery,0.7173,-0.4019,-1.1192,True
7113,Magazine_Subscriptions,price,0.7173,0.7351,0.017799999999999927,True
7114,Magazine_Subscriptions,quality,0.0,0.0,0.0,False
7114,Magazine_Subscriptions,content,0.4939,0.4939,0.0,False
7116,Magazine_Subscriptions,content,0.8807,0.8807,0.0,False
7117,Magazine_Subscriptions,content,0.39045,0.39045,0.0,False
7118,Magazine_Subscriptions,delivery,0.6658,0.6658,0.0,False
7119,Magazine_Subscriptions,content,0.4019,0.4019,0.0,False
7122,Magazine_Subscriptions,billing,0.0,0.0,0.0,False
7123,Magazine_Subscriptions,content,0.4061,0.4061,0.0,False
7129,Magazine_Subscriptions,content,0.4387,0.5106,0.07190000000000007,True
7130,Magazine_Subscriptions,content,0.042,0.042,0.0,False
7134,Magazine_Subscriptions,billing,0.126,0.1027,-0.0233,True
7136,Magazine_Subscriptions,advertising,0.0,0.0,0.0,False
7136,Magazine_Subscriptions,content,0.38075,0.3612333333333333,-0.019516666666666682,True
7141,Magazine_Subscriptions,content,0.6908,0.6908,0.0,False
7144,Magazine_Subscriptions,billing,0.18846666666666667,0.10906666666666666,-0.07940000000000001,True
7145,Magazine_Subscriptions,content,0.0,0.0,0.0,False
7147,Magazine_Subscriptions,billing,-0.1507666666666667,-0.1507666666666667,0.0,False
7151,Magazine_Subscriptions,content,0.4939,0.4939,0.0,False
7152,Magazine_Subscriptions,billing,-0.25,-0.25,0.0,False
7152,Magazine_Subscriptions,price,0.4767,0.4767,0.0,False
7153,Magazine_Subscriptions,advertising,0.5994,0.5994,0.0,False
7154,Magazine_Subscriptions,content,0.0,0.0,0.0,False
7155,Magazine_Subscriptions,delivery,0.5994,0.5994,0.0,False
7155,Magazine_Subscriptions,price,0.3612,0.3612,0.0,False
7156,Magazine_Subscriptions,content,0.4404,0.4404,0.0,False
7157,Magazine_Subscriptions,advertising,0.7717,0.7717,0.0,False
7159,Magazine_Subscriptions,content,0.0,0.0,0.0,False
7160,Magazine_Subscriptions,billing,0.1511,0.1511,0.0,False
7161,Magazine_Subscriptions,content,0.42393333333333333,0.28273333333333334,-0.1412,True
7162,Magazine_Subscriptions,content,0.6793,0.6793,0.0,False
7167,Magazine_Subscriptions,content,0.7106,0.48375,-0.22685,True
7168,Magazine_Subscriptions,advertising,0.0,0.0,0.0,False
7168,Magazine_Subscriptions,content,-0.051233333333333346,0.07510000000000003,0.12633333333333338,True
7172,Magazine_Subscriptions,content,0.5994,0.5994,0.0,False
7174,Magazine_Subscriptions,billing,-0.1592,-0.1592,0.0,False
7174,Magazine_Subscriptions,customer_service,0.08805,0.08805,0.0,False
7174,Magazine_Subscriptions,quality,0.34,0.34,0.0,False
7174,Magazine_Subscriptions,delivery,0.0,0.0,0.0,False
7174,Magazine_Subscriptions,content,0.40650000000000003,0.40650000000000003,0.0,False
7176,Magazine_Subscriptions,advertising,0.8402,0.8402,0.0,False
7176,Magazine_Subscriptions,content,0.49665,0.5680999999999999,0.07144999999999996,True
7179,Magazine_Subscriptions,content,0.0,0.0,0.0,False
7180,Magazine_Subscriptions,advertising,0.0,0.0,0.0,False
7180,Magazine_Subscriptions,content,0.2202,0.2202,0.0,False
7185,Magazine_Subscriptions,advertising,0.0,0.0,0.0,False
7185,Magazine_Subscriptions,price,0.0,0.0,0.0,False
7186,Magazine_Subscriptions,content,0.4019,0.4019,0.0,False
7189,Magazine_Subscriptions,content,0.0,0.0,0.0,False
7190,Magazine_Subscriptions,delivery,0.7351,0.7351,0.0,False
7190,Magazine_Subscriptions,content,0.7351,0.7351,0.0,False
7191,Magazine_Subscriptions,price,0.4588,0.4588,0.0,False
7191,Magazine_Subscriptions,content,0.35098,0.35098,0.0,False
7192,Magazine_Subscriptions,content,-0.3657,-0.3657,0.0,False
7192,Magazine_Subscriptions,price,-0.4215,-0.4215,0.0,False
7196,Magazine_Subscriptions,content,0.0,0.0,0.0,False
7197,Magazine_Subscriptions,content,0.5413,0.5413,0.0,False
7199,Magazine_Subscriptions,content,0.0,0.0,0.0,False
7201,Magazine_Subscriptions,content,0.0,0.0,0.0,False
7202,Magazine_Subscriptions,content,0.0,0.0,0.0,False
7204,Magazine_Subscriptions,content,0.5859,0.5859,0.0,False
7206,Magazine_Subscriptions,content,0.0,0.0,0.0,False
7208,Magazine_Subscriptions,delivery,0.6369,0.0,-0.6369,True
7209,Magazine_Subscriptions,content,0.8316,0.8316,0.0,False
7210,Magazine_Subscriptions,billing,-0.7269,-0.7269,0.0,False
7210,Magazine_Subscriptions,delivery,0.0,0.0,0.0,False
7210,Magazine_Subscriptions,price,0.1513,0.1513,0.0,False
7210,Magazine_Subscriptions,content,0.0,0.0,0.0,False
7211,Magazine_Subscriptions,delivery,0.0,0.0,0.0,False
7211,Magazine_Subscriptions,content,0.6588,0.6588,0.0,False
7215,Magazine_Subscriptions,content,0.7574,0.7574,0.0,False
7216,Magazine_Subscriptions,delivery,0.0,0.0,0.0,False
7221,Magazine_Subscriptions,billing,-0.4064,-0.4064,0.0,False
7222,Magazine_Subscriptions,content,0.7184,0.7184,0.0,False
7226,Magazine_Subscriptions,delivery,0.6114,0.6114,0.0,False
7226,Magazine_Subscriptions,customer_service,0.4753,0.4753,0.0,False
7227,Magazine_Subscriptions,delivery,0.4767,0.4767,0.0,False
7227,Magazine_Subscriptions,content,0.3395,0.3395,0.0,False
7228,Magazine_Subscriptions,quality,0.4404,0.4404,0.0,False
7229,Magazine_Subscriptions,content,0.6115,0.6115,0.0,False
7231,Magazine_Subscriptions,billing,-0.2071,0.5859,0.7929999999999999,True
7231,Magazine_Subscriptions,price,0.4134,0.4134,0.0,False
7232,Magazine_Subscriptions,billing,0.6588,0.6588,0.0,False
7232,Magazine_Subscriptions,price,0.6588,0.6588,0.0,False
7237,Magazine_Subscriptions,advertising,0.4404,0.0,-0.4404,True
7237,Magazine_Subscriptions,content,0.4404,0.7003,0.2599,True
7239,Magazine_Subscriptions,content,0.2846,0.2553,-0.029299999999999993,True
7240,Magazine_Subscriptions,content,0.5093,0.5093,0.0,False
7241,Magazine_Subscriptions,content,0.3574,0.3574,0.0,False
7242,Magazine_Subscriptions,price,0.1027,0.1027,0.0,False
7242,Magazine_Subscriptions,content,0.3057,0.3057,0.0,False
7243,Magazine_Subscriptions,content,0.0,0.0,0.0,False
7244,Magazine_Subscriptions,advertising,0.563,0.563,0.0,False
7244,Magazine_Subscriptions,billing,-0.296,-0.296,0.0,False
7246,Magazine_Subscriptions,delivery,0.34,0.34,0.0,False
7246,Magazine_Subscriptions,price,-0.6808,-0.6808,0.0,False
7248,Magazine_Subscriptions,price,0.6705,0.6705,0.0,False
7250,Magazine_Subscriptions,content,0.4008,0.4008,0.0,False
7252,Magazine_Subscriptions,content,-0.25,-0.25,0.0,False
7253,Magazine_Subscriptions,advertising,0.4215,0.4215,0.0,False
7253,Magazine_Subscriptions,content,0.4215,0.4215,0.0,False
7254,Magazine_Subscriptions,content,0.39505,0.39505,0.0,False
7255,Magazine_Subscriptions,advertising,0.08892,0.08892,0.0,False
7255,Magazine_Subscriptions,content,0.08892,0.08892,0.0,False
7255,Magazine_Subscriptions,price,0.0,0.0,0.0,False
7256,Magazine_Subscriptions,content,-0.2079,-0.2079,0.0,False
7262,Magazine_Subscriptions,price,0.0,0.0,0.0,False
7262,Magazine_Subscriptions,content,0.0,0.0,0.0,False
7263,Magazine_Subscriptions,content,0.6705,0.6705,0.0,False
7265,Magazine_Subscriptions,content,0.6588,0.6588,0.0,False
7267,Magazine_Subscriptions,price,0.5766,0.5766,0.0,False
7267,Magazine_Subscriptions,content,0.8143,0.8143,0.0,False
7271,Magazine_Subscriptions,quality,0.4019,0.4019,0.0,False
7271,Magazine_Subscriptions,content,0.4019,0.4019,0.0,False
7273,Magazine_Subscriptions,advertising,0.5962,0.5962,0.0,False
7273,Magazine_Subscriptions,quality,0.4939,0.4939,0.0,False
7280,Magazine_Subscriptions,content,0.0,0.0,0.0,False
7282,Magazine_Subscriptions,content,0.4215,0.4215,0.0,False
7285,Magazine_Subscriptions,advertising,-0.38634999999999997,-0.38634999999999997,0.0,False
7285,Magazine_Subscriptions,content,-0.296,-0.296,0.0,False
7290,Magazine_Subscriptions,content,0.6249,0.6249,0.0,False
7291,Magazine_Subscriptions,price,0.0762,0.0762,0.0,False
7291,Magazine_Subscriptions,content,0.0,0.0,0.0,False
7297,Magazine_Subscriptions,content,0.4215,0.4215,0.0,False
7298,Magazine_Subscriptions,content,0.3182,0.3182,0.0,False
7299,Magazine_Subscriptions,delivery,0.5106,0.5106,0.0,False
7300,Magazine_Subscriptions,advertising,0.4926,0.4926,0.0,False
7300,Magazine_Subscriptions,content,0.4926,0.4926,0.0,False
7300,Magazine_Subscriptions,price,-0.4215,-0.4215,0.0,False
7307,Magazine_Subscriptions,content,0.5106,0.5106,0.0,False
7312,Magazine_Subscriptions,price,0.6249,0.6249,0.0,False
7313,Magazine_Subscriptions,content,0.4019,0.4019,0.0,False
7315,Magazine_Subscriptions,content,0.2732,0.2732,0.0,False
7316,Magazine_Subscriptions,content,0.44730000000000003,0.44730000000000003,0.0,False
7317,Magazine_Subscriptions,price,0.8038,0.8038,0.0,False
7317,Magazine_Subscriptions,content,0.7456,0.7456,0.0,False
7318,Magazine_Subscriptions,content,0.3404,0.3404,0.0,False
7318,Magazine_Subscriptions,price,0.8261,0.8261,0.0,False
7320,Magazine_Subscriptions,content,0.0,0.0,0.0,False
7321,Magazine_Subscriptions,content,0.6588,0.6588,0.0,False
7323,Magazine_Subscriptions,content,0.6249,0.6249,0.0,False
7324,Magazine_Subscriptions,advertising,0.4215,0.4215,0.0,False
7324,Magazine_Subscriptions,content,0.4215,0.4215,0.0,False
7327,Magazine_Subscriptions,content,0.12995,0.12995,0.0,False
7332,Magazine_Subscriptions,advertising,0.4019,0.4019,0.0,False
7332,Magazine_Subscriptions,content,0.4019,0.4019,0.0,False
7335,Magazine_Subscriptions,advertising,0.8765,0.0,-0.8765,True
7335,Magazine_Subscriptions,content,0.8717,0.7645,-0.10720000000000007,True
7335,Magazine_Subscriptions,price,0.8717,0.7645,-0.10720000000000007,True
7346,Magazine_Subscriptions,content,-0.24695,-0.24695,0.0,False
7346,Magazine_Subscriptions,customer_service,0.15405000000000002,0.15405000000000002,0.0,False
7346,Magazine_Subscriptions,price,-0.5267,-0.5267,0.0,False
7349,Magazine_Subscriptions,content,0.8316,0.8316,0.0,False
7350,Magazine_Subscriptions,content,0.0,0.0,0.0,False
7350,Magazine_Subscriptions,price,0.0,0.0,0.0,False
7354,Magazine_Subscriptions,content,0.3548,0.2787,-0.0761,True
7355,Magazine_Subscriptions,content,0.8271,0.8271,0.0,False
7356,Magazine_Subscriptions,content,0.62895,0.4571666666666667,-0.1717833333333333,True
7358,Magazine_Subscriptions,content,0.0,0.0,0.0,False
7360,Magazine_Subscriptions,content,0.7096,0.7096,0.0,False
7360,Magazine_Subscriptions,price,0.7096,0.7096,0.0,False
7361,Magazine_Subscriptions,advertising,0.1779,0.1779,0.0,False
7361,Magazine_Subscriptions,billing,0.0,0.0,0.0,False
7361,Magazine_Subscriptions,content,0.1779,0.1779,0.0,False
7364,Magazine_Subscriptions,content,0.0,0.0,0.0,False
7364,Magazine_Subscriptions,price,0.5983,0.5983,0.0,False
7366,Magazine_Subscriptions,price,0.2732,0.2732,0.0,False
7366,Magazine_Subscriptions,delivery,0.7783,0.7783,0.0,False
7366,Magazine_Subscriptions,packaging,0.2732,0.2732,0.0,False
7367,Magazine_Subscriptions,price,0.0,0.0,0.0,False
7368,Magazine_Subscriptions,advertising,0.5993,0.0,-0.5993,True
7368,Magazine_Subscriptions,content,0.30583333333333335,0.10606666666666666,-0.1997666666666667,True
7369,Magazine_Subscriptions,content,0.0,0.0,0.0,False
7369,Magazine_Subscriptions,price,0.0,0.0,0.0,False
7370,Magazine_Subscriptions,content,0.8619,0.8619,0.0,False
7370,Magazine_Subscriptions,price,0.8619,0.8619,0.0,False
7371,Magazine_Subscriptions,advertising,0.5927,0.0,-0.5927,True
7371,Magazine_Subscriptions,content,0.5927,0.4404,-0.1523,True
7372,Magazine_Subscriptions,billing,0.7579,0.7579,0.0,False
7374,Magazine_Subscriptions,content,0.0987,0.0987,0.0,False
7375,Magazine_Subscriptions,quality,0.875,0.875,0.0,False
7375,Magazine_Subscriptions,content,0.875,0.875,0.0,False
7376,Magazine_Subscriptions,billing,0.1026,0.1026,0.0,False
7376,Magazine_Subscriptions,content,0.1026,0.1026,0.0,False
7377,Magazine_Subscriptions,billing,-0.25,-0.25,0.0,False
7377,Magazine_Subscriptions,content,0.20095,0.20095,0.0,False
7379,Magazine_Subscriptions,content,0.5859,0.5859,0.0,False
7380,Magazine_Subscriptions,content,0.8519,0.8519,0.0,False
7381,Magazine_Subscriptions,advertising,0.8271,0.8271,0.0,False
7381,Magazine_Subscriptions,billing,0.0,0.0,0.0,False
7381,Magazine_Subscriptions,delivery,0.0,0.0,0.0,False
7382,Magazine_Subscriptions,content,0.2023,0.2023,0.0,False
7383,Magazine_Subscriptions,delivery,0.6114,0.6114,0.0,False
7388,Magazine_Subscriptions,content,0.0,0.0,0.0,False
7388,Magazine_Subscriptions,delivery,0.2202,0.2202,0.0,False
7388,Magazine_Subscriptions,price,0.7964,0.7964,0.0,False
7389,Magazine_Subscriptions,content,0.9118,0.9118,0.0,False
7391,Magazine_Subscriptions,advertising,0.0,0.0,0.0,False
7391,Magazine_Subscriptions,content,0.0569,-0.08036666666666667,-0.13726666666666668,True
7393,Magazine_Subscriptions,advertising,0.3612,0.3612,0.0,False
7393,Magazine_Subscriptions,content,0.40080000000000005,0.40080000000000005,0.0,False
7393,Magazine_Subscriptions,price,0.8402,0.8402,0.0,False
7394,Magazine_Subscriptions,content,0.87495,0.7736000000000001,-0.10134999999999994,True
7401,Magazine_Subscriptions,billing,0.0,0.0,0.0,False
7402,Magazine_Subscriptions,price,0.8481,0.8481,0.0,False
7403,Magazine_Subscriptions,billing,-0.8459,-0.7345,0.11139999999999994,True
7403,Magazine_Subscriptions,content,-0.416,-0.416,0.0,False
7404,Magazine_Subscriptions,content,0.5979800000000001,0.57934,-0.0186400000000001,True
7405,Magazine_Subscriptions,delivery,0.0,0.0,0.0,False
7405,Magazine_Subscriptions,price,0.2216,0.2216,0.0,False
7406,Magazine_Subscriptions,content,0.296,0.296,0.0,False
7406,Magazine_Subscriptions,quality,0.8316,0.8316,0.0,False
7406,Magazine_Subscriptions,price,0.296,0.296,0.0,False
7407,Magazine_Subscriptions,content,0.6741,0.6741,0.0,False
7408,Magazine_Subscriptions,content,0.4404,0.4404,0.0,False
7411,Magazine_Subscriptions,content,0.5574,0.5574,0.0,False
7415,Magazine_Subscriptions,quality,-0.2553,-0.2553,0.0,False
7418,Magazine_Subscriptions,content,-0.05135,-0.05135,0.0,False
7420,Magazine_Subscriptions,advertising,0.4939,0.4939,0.0,False
7420,Magazine_Subscriptions,content,0.0,0.0,0.0,False
7420,Magazine_Subscriptions,quality,0.0,0.0,0.0,False
7421,Magazine_Subscriptions,content,-0.0938,-0.0938,0.0,False
7424,Magazine_Subscriptions,content,0.7783,0.7783,0.0,False
7425,Magazine_Subscriptions,billing,-0.4215,-0.4215,0.0,False
7426,Magazine_Subscriptions,advertising,0.0,0.0,0.0,False
7426,Magazine_Subscriptions,content,0.282,0.0,-0.282,True
7427,Magazine_Subscriptions,content,0.4417,0.4417,0.0,False
7429,Magazine_Subscriptions,content,0.4404,0.4404,0.0,False
7434,Magazine_Subscriptions,advertising,0.0,0.0,0.0,False
7435,Magazine_Subscriptions,billing,0.0,0.0,0.0,False
7439,Magazine_Subscriptions,content,0.4754,0.4754,0.0,False
7440,Magazine_Subscriptions,advertising,0.1806,0.1806,0.0,False
7440,Magazine_Subscriptions,content,0.3612,0.3612,0.0,False
7446,Magazine_Subscriptions,content,0.5719,0.5719,0.0,False
7447,Magazine_Subscriptions,content,0.6249,0.6249,0.0,False
7447,Magazine_Subscriptions,delivery,-0.2755,-0.2755,0.0,False
7447,Magazine_Subscriptions,price,-0.1296,0.1384,0.268,True
7450,Magazine_Subscriptions,content,0.0,0.0,0.0,False
7451,Magazine_Subscriptions,quality,0.7184,0.7184,0.0,False
7451,Magazine_Subscriptions,content,0.3592,0.3592,0.0,False
7454,Magazine_Subscriptions,advertising,-0.4404,-0.4404,0.0,False
7454,Magazine_Subscriptions,billing,0.1531,0.1531,0.0,False
7455,Magazine_Subscriptions,advertising,0.4215,0.4215,0.0,False
7457,Magazine_Subscriptions,content,0.0,0.0,0.0,False
7460,Magazine_Subscriptions,content,0.0,0.0,0.0,False
7462,Magazine_Subscriptions,content,-0.004300000000000008,-0.004300000000000008,0.0,False
7464,Magazine_Subscriptions,content,0.6314,-0.6115,-1.2429000000000001,True
7465,Magazine_Subscriptions,content,0.18053333333333332,0.18053333333333332,0.0,False
7465,Magazine_Subscriptions,price,0.8591,0.8591,0.0,False
7466,Magazine_Subscriptions,content,0.18315,0.18315,0.0,False
7467,Magazine_Subscriptions,advertising,0.0772,0.0772,0.0,False
7467,Magazine_Subscriptions,content,0.07943333333333334,0.07943333333333334,0.0,False
7469,Magazine_Subscriptions,content,-0.08779999999999999,-0.08779999999999999,0.0,False
7470,Magazine_Subscriptions,billing,0.4497,0.3182,-0.1315,True
7470,Magazine_Subscriptions,price,0.4497,0.3182,-0.1315,True
7471,Magazine_Subscriptions,billing,0.0223,0.0223,0.0,False
7472,Magazine_Subscriptions,price,0.6633,0.6633,0.0,False
7473,Magazine_Subscriptions,price,0.6249,0.6249,0.0,False
7474,Magazine_Subscriptions,content,0.7906,0.7906,0.0,False
7475,Magazine_Subscriptions,price,0.8507,0.8507,0.0,False
7477,Magazine_Subscriptions,content,0.4019,0.4019,0.0,False
7477,Magazine_Subscriptions,price,0.6249,0.6249,0.0,False
7478,Magazine_Subscriptions,content,0.4767,0.4767,0.0,False
7480,Magazine_Subscriptions,billing,0.0,0.0,0.0,False
7482,Magazine_Subscriptions,quality,-0.5106,-0.5106,0.0,False
7482,Magazine_Subscriptions,content,-0.2023,-0.2023,0.0,False
7483,Magazine_Subscriptions,advertising,0.0,0.0,0.0,False
7484,Magazine_Subscriptions,content,0.0,0.0,0.0,False
7486,Magazine_Subscriptions,price,-0.4939,-0.4939,0.0,False
7488,Magazine_Subscriptions,advertising,0.4377,0.4377,0.0,False
7497,Magazine_Subscriptions,content,0.3818,0.0,-0.3818,True
7498,Magazine_Subscriptions,content,0.7657499999999999,0.7657499999999999,0.0,False
7500,Magazine_Subscriptions,quality,0.2115,0.2115,0.0,False
7501,Magazine_Subscriptions,content,0.6249,0.6249,0.0,False
7502,Magazine_Subscriptions,content,0.4404,0.4404,0.0,False
7504,Magazine_Subscriptions,content,0.24695,0.24695,0.0,False
7508,Magazine_Subscriptions,content,0.4404,0.4404,0.0,False
7509,Magazine_Subscriptions,content,0.16559999999999997,0.2520333333333333,0.0864333333333333,True
7509,Magazine_Subscriptions,quality,0.2288,0.2288,0.0,False
7509,Magazine_Subscriptions,price,0.4215,0.0,-0.4215,True
7510,Magazine_Subscriptions,content,0.8124,0.8124,0.0,False
7511,Magazine_Subscriptions,advertising,-0.34,-0.34,0.0,False
7511,Magazine_Subscriptions,content,-0.3412,-0.3412,0.0,False
7512,Magazine_Subscriptions,content,0.3818,0.6369,0.25510000000000005,True
7514,Magazine_Subscriptions,quality,0.6249,0.6249,0.0,False
7514,Magazine_Subscriptions,content,0.56775,0.56775,0.0,False
7515,Magazine_Subscriptions,advertising,0.0,0.0,0.0,False
7515,Magazine_Subscriptions,content,0.2023,0.2023,0.0,False
7516,Magazine_Subscriptions,content,0.7772,0.7772,0.0,False
7516,Magazine_Subscriptions,price,-0.4215,-0.4215,0.0,False
7517,Magazine_Subscriptions,content,0.6369,0.6369,0.0,False
7520,Magazine_Subscriptions,content,0.5106,0.5106,0.0,False
7521,Magazine_Subscriptions,content,-0.4019,-0.4019,0.0,False
7522,Magazine_Subscriptions,billing,-0.27535000000000004,-0.27535000000000004,0.0,False
7522,Magazine_Subscriptions,quality,-0.21295,0.0582,0.27115,True
7522,Magazine_Subscriptions,advertising,-0.5423,-0.5423,0.0,False
7522,Magazine_Subscriptions,content,0.7351,0.7351,0.0,False
7523,Magazine_Subscriptions,advertising,0.0,0.0,0.0,False
7523,Magazine_Subscriptions,quality,0.0,0.0,0.0,False
7524,Magazine_Subscriptions,price,0.7003,0.7003,0.0,False
7526,Magazine_Subscriptions,content,0.1531,0.1531,0.0,False
7527,Magazine_Subscriptions,content,0.6249,0.6249,0.0,False
7528,Magazine_Subscriptions,content,0.0,0.0,0.0,False
7529,Magazine_Subscriptions,content,0.8652,0.8264,-0.038799999999999946,True
7532,Magazine_Subscriptions,content,0.0,0.0,0.0,False
7534,Magazine_Subscriptions,content,0.75805,0.75805,0.0,False
7536,Magazine_Subscriptions,content,-0.6012,-0.6012,0.0,False
7536,Magazine_Subscriptions,price,0.0,0.0,0.0,False
7537,Magazine_Subscriptions,billing,-0.37025,-0.2106,0.15965000000000001,True
7537,Magazine_Subscriptions,price,-0.3865,-0.3865,0.0,False
7541,Magazine_Subscriptions,billing,-0.296,-0.296,0.0,False
7541,Magazine_Subscriptions,delivery,0.0,0.0,0.0,False
7543,Magazine_Subscriptions,advertising,0.0,0.0,0.0,False
7543,Magazine_Subscriptions,content,0.09505,0.064,-0.031049999999999994,True
7544,Magazine_Subscriptions,content,0.0,0.0,0.0,False
7545,Magazine_Subscriptions,content,0.0,0.0,0.0,False
7546,Magazine_Subscriptions,content,0.5719,0.5719,0.0,False
7548,Magazine_Subscriptions,delivery,0.2732,0.2732,0.0,False
7548,Magazine_Subscriptions,content,0.0,0.0,0.0,False
7549,Magazine_Subscriptions,content,0.58565,0.58565,0.0,False
7551,Magazine_Subscriptions,delivery,0.4404,0.4404,0.0,False
7551,Magazine_Subscriptions,price,0.4939,0.4939,0.0,False
7553,Magazine_Subscriptions,advertising,0.0,0.0,0.0,False
7557,Magazine_Subscriptions,content,0.46575,0.46575,0.0,False
7558,Magazine_Subscriptions,billing,0.4019,0.4019,0.0,False
7560,Magazine_Subscriptions,content,0.6249,0.6249,0.0,False
7561,Magazine_Subscriptions,billing,0.1724,0.1724,0.0,False
7564,Magazine_Subscriptions,advertising,0.0,0.0,0.0,False
7564,Magazine_Subscriptions,content,0.7906,0.7906,0.0,False
7565,Magazine_Subscriptions,content,0.0,0.0,0.0,False
7566,Magazine_Subscriptions,content,0.4404,0.4404,0.0,False
7567,Magazine_Subscriptions,content,0.22966666666666669,0.22966666666666669,0.0,False
7569,Magazine_Subscriptions,price,0.6249,0.6249,0.0,False
7570,Magazine_Subscriptions,billing,0.6908,0.6908,0.0,False
7571,Magazine_Subscriptions,content,0.0,0.0,0.0,False
7575,Magazine_Subscriptions,billing,0.4019,0.4019,0.0,False
7575,Magazine_Subscriptions,price,-0.4754,-0.4754,0.0,False
7581,Magazine_Subscriptions,content,0.5719,0.5719,0.0,False
7582,Magazine_Subscriptions,content,0.7906,0.7906,0.0,False
7585,Magazine_Subscriptions,delivery,0.0,0.0,0.0,False
7585,Magazine_Subscriptions,content,0.0,0.0,0.0,False
7587,Magazine_Subscriptions,quality,0.0,0.0,0.0,False
7587,Magazine_Subscriptions,content,0.5719,0.5719,0.0,False
7588,Magazine_Subscriptions,content,0.23785000000000003,0.23785000000000003,0.0,False
7592,Magazine_Subscriptions,content,0.5106,0.5106,0.0,False
7593,Magazine_Subscriptions,billing,-0.0894,-0.0894,0.0,False
7596,Magazine_Subscriptions,content,-0.5719,-0.5719,0.0,False
7598,Magazine_Subscriptions,content,0.3612,0.3612,0.0,False
7599,Magazine_Subscriptions,billing,0.5719,0.5719,0.0,False
7599,Magazine_Subscriptions,content,0.3182,0.3182,0.0,False
7601,Magazine_Subscriptions,content,0.8126,0.8126,0.0,False
7602,Magazine_Subscriptions,advertising,-0.3421,-0.3421,0.0,False
7605,Magazine_Subscriptions,content,0.6797,0.6797,0.0,False
7607,Magazine_Subscriptions,content,0.7506,0.7506,0.0,False
7607,Magazine_Subscriptions,delivery,0.7506,0.7506,0.0,False
7607,Magazine_Subscriptions,price,0.872,0.872,0.0,False
7609,Magazine_Subscriptions,billing,0.5719,0.5719,0.0,False
7609,Magazine_Subscriptions,customer_service,0.8555,0.8555,0.0,False
7610,Magazine_Subscriptions,content,0.4124333333333334,0.4124333333333334,0.0,False
7611,Magazine_Subscriptions,content,0.0,0.0,0.0,False
7615,Magazine_Subscriptions,advertising,0.3818,0.0,-0.3818,True
7615,Magazine_Subscriptions,billing,0.0,0.0,0.0,False
7617,Magazine_Subscriptions,advertising,0.0,0.0,0.0,False
7617,Magazine_Subscriptions,content,0.0,0.0,0.0,False
7620,Magazine_Subscriptions,price,0.7592,0.7592,0.0,False
7622,Magazine_Subscriptions,billing,0.0,0.0,0.0,False
7622,Magazine_Subscriptions,content,-0.3089,-0.3089,0.0,False
7623,Magazine_Subscriptions,delivery,-0.25805,-0.25805,0.0,False
7623,Magazine_Subscriptions,quality,0.02285000000000001,0.02285000000000001,0.0,False
7623,Magazine_Subscriptions,price,0.2202,0.2202,0.0,False
7623,Magazine_Subscriptions,content,0.027799999999999984,0.027799999999999984,0.0,False
7624,Magazine_Subscriptions,advertising,0.8356,0.8356,0.0,False
7624,Magazine_Subscriptions,content,0.48293333333333327,0.48293333333333327,0.0,False
7625,Magazine_Subscriptions,content,0.6705,0.6705,0.0,False
7626,Magazine_Subscriptions,content,0.0772,0.0772,0.0,False
7629,Magazine_Subscriptions,quality,0.4404,0.4404,0.0,False
7629,Magazine_Subscriptions,content,0.4404,0.4404,0.0,False
7631,Magazine_Subscriptions,content,0.3612,0.3612,0.0,False
7635,Magazine_Subscriptions,advertising,0.5023,0.3612,-0.14109999999999995,True
7635,Magazine_Subscriptions,billing,0.08895,-0.11315,-0.2021,True
7635,Magazine_Subscriptions,content,0.14636,0.06552000000000001,-0.08083999999999998,True
7636,Magazine_Subscriptions,price,0.6124,0.6124,0.0,False
7636,Magazine_Subscriptions,content,0.4939,0.4939,0.0,False
7637,Magazine_Subscriptions,price,0.8481,0.8481,0.0,False
7639,Magazine_Subscriptions,content,0.8765,0.0,-0.8765,True
7640,Magazine_Subscriptions,price,0.0,0.0,0.0,False
7641,Magazine_Subscriptions,content,0.7212,0.7212,0.0,False
7641,Magazine_Subscriptions,price,0.7212,0.7212,0.0,False
7642,Magazine_Subscriptions,content,0.0,0.0,0.0,False
7643,Magazine_Subscriptions,billing,0.0,0.0,0.0,False
7643,Magazine_Subscriptions,content,0.0,0.0,0.0,False
7643,Magazine_Subscriptions,price,0.3982,0.3982,0.0,False
7645,Magazine_Subscriptions,content,0.2202,0.2202,0.0,False
7646,Magazine_Subscriptions,content,0.4404,0.4404,0.0,False
7647,Magazine_Subscriptions,content,0.5478,0.5478,0.0,False
7648,Magazine_Subscriptions,quality,0.1956,0.1956,0.0,False
7648,Magazine_Subscriptions,content,0.1304,-0.03423333333333333,-0.16463333333333333,True
7649,Magazine_Subscriptions,price,0.5719,0.5719,0.0,False
7655,Magazine_Subscriptions,content,0.5983,0.5983,0.0,False
7656,Magazine_Subscriptions,price,0.6369,0.6369,0.0,False
7659,Magazine_Subscriptions,content,0.88455,0.88455,0.0,False
7660,Magazine_Subscriptions,content,0.7684,0.6249,-0.14349999999999996,True
7661,Magazine_Subscriptions,advertising,0.0,0.0,0.0,False
7661,Magazine_Subscriptions,content,0.439575,0.439575,0.0,False
7661,Magazine_Subscriptions,price,0.0,0.0,0.0,False
7662,Magazine_Subscriptions,billing,0.05295,0.05295,0.0,False
7662,Magazine_Subscriptions,content,-0.1848,-0.1848,0.0,False
7662,Magazine_Subscriptions,price,0.34814999999999996,0.34814999999999996,0.0,False
7663,Magazine_Subscriptions,price,0.3875,0.3875,0.0,False
7665,Magazine_Subscriptions,content,0.5574,0.5574,0.0,False
7666,Magazine_Subscriptions,content,-0.5719,-0.5719,0.0,False
7667,Magazine_Subscriptions,content,0.11730000000000002,0.11730000000000002,0.0,False
7668,Magazine_Subscriptions,content,0.6478,0.6478,0.0,False
7670,Magazine_Subscriptions,content,0.8402,0.8402,0.0,False
7671,Magazine_Subscriptions,content,0.4404,0.4404,0.0,False
7673,Magazine_Subscriptions,content,0.5038,0.42885,-0.07495000000000002,True
7678,Magazine_Subscriptions,content,0.2263,0.0,-0.2263,True
7678,Magazine_Subscriptions,price,0.2263,0.4215,0.19519999999999998,True
7682,Magazine_Subscriptions,content,0.4927,0.4927,0.0,False
7684,Magazine_Subscriptions,delivery,0.8402,0.0,-0.8402,True
7684,Magazine_Subscriptions,content,0.0,0.0,0.0,False
7686,Magazine_Subscriptions,advertising,-0.5423,-0.5423,0.0,False
7686,Magazine_Subscriptions,price,0.4109,0.0,-0.4109,True
7687,Magazine_Subscriptions,price,0.7345,0.7345,0.0,False
7690,Magazine_Subscriptions,content,-0.0258,-0.0258,0.0,False
7693,Magazine_Subscriptions,content,0.5994,0.5994,0.0,False
7696,Magazine_Subscriptions,content,0.4404,0.4404,0.0,False
7697,Magazine_Subscriptions,delivery,0.4939,0.4939,0.0,False
7697,Magazine_Subscriptions,content,0.6249,0.6249,0.0,False
7701,Magazine_Subscriptions,content,0.21005,0.21005,0.0,False
7701,Magazine_Subscriptions,price,0.76595,0.76595,0.0,False
7706,Magazine_Subscriptions,advertising,0.6249,0.6249,0.0,False
7707,Magazine_Subscriptions,content,0.6597,0.6597,0.0,False
7708,Magazine_Subscriptions,price,0.5093,0.5093,0.0,False
7708,Magazine_Subscriptions,content,0.6249,0.6249,0.0,False
7711,Magazine_Subscriptions,advertising,-0.125,-0.125,0.0,False
7711,Magazine_Subscriptions,content,-0.25,-0.25,0.0,False
7712,Magazine_Subscriptions,advertising,0.5023,0.0,-0.5023,True
7714,Magazine_Subscriptions,price,0.6369,0.6369,0.0,False
7715,Magazine_Subscriptions,content,0.08895,0.08895,0.0,False
7716,Magazine_Subscriptions,content,0.0,0.0,0.0,False
7718,Magazine_Subscriptions,billing,-0.008,0.0772,0.0852,True
7718,Magazine_Subscriptions,content,0.34,0.34,0.0,False
7722,Magazine_Subscriptions,content,0.40005,0.40005,0.0,False
7724,Magazine_Subscriptions,billing,0.2732,0.2732,0.0,False
7727,Magazine_Subscriptions,billing,0.0,0.0,0.0,False
7728,Magazine_Subscriptions,billing,0.7082,0.7082,0.0,False
7728,Magazine_Subscriptions,content,0.7082,0.7082,0.0,False
7729,Magazine_Subscriptions,content,0.5719,0.5719,0.0,False
7730,Magazine_Subscriptions,content,0.3893,0.3893,0.0,False
7731,Magazine_Subscriptions,billing,-0.25,-0.25,0.0,False
7731,Magazine_Subscriptions,content,0.0,0.0,0.0,False
7733,Magazine_Subscriptions,price,0.6908,0.6908,0.0,False
7735,Magazine_Subscriptions,content,0.6229,0.6229,0.0,False
7736,Magazine_Subscriptions,quality,0.7269,0.7269,0.0,False
7736,Magazine_Subscriptions,content,0.641275,0.641275,0.0,False
7737,Magazine_Subscriptions,billing,-0.323,-0.323,0.0,False
7737,Magazine_Subscriptions,content,-0.47395,-0.47395,0.0,False
7739,Magazine_Subscriptions,price,-0.1027,-0.1027,0.0,False
7740,Magazine_Subscriptions,content,0.0,0.0,0.0,False
7740,Magazine_Subscriptions,price,0.6369,0.6369,0.0,False
7741,Magazine_Subscriptions,content,-0.023400000000000015,-0.023400000000000015,0.0,False
7741,Magazine_Subscriptions,delivery,-0.5106,-0.5106,0.0,False
7741,Magazine_Subscriptions,price,-0.3716,0.058499999999999996,0.4301,True
7742,Magazine_Subscriptions,advertising,0.3612,0.3612,0.0,False
7743,Magazine_Subscriptions,content,0.6173666666666667,0.6173666666666667,0.0,False
7745,Magazine_Subscriptions,advertising,-0.318,-0.318,0.0,False
7745,Magazine_Subscriptions,price,-0.296,-0.296,0.0,False
7746,Magazine_Subscriptions,billing,0.3818,0.3818,0.0,False
7746,Magazine_Subscriptions,content,0.4374,0.4374,0.0,False
7747,Magazine_Subscriptions,advertising,0.0,0.0,0.0,False
7747,Magazine_Subscriptions,content,0.0,0.0,0.0,False
7747,Magazine_Subscriptions,price,0.4738,0.4738,0.0,False
7748,Magazine_Subscriptions,content,0.3612,0.3612,0.0,False
7748,Magazine_Subscriptions,price,0.029799999999999993,0.24695,0.21715,True
7749,Magazine_Subscriptions,price,0.5622,0.5622,0.0,False
7750,Magazine_Subscriptions,billing,0.7906,0.7906,0.0,False
7750,Magazine_Subscriptions,price,0.7906,0.7906,0.0,False
7753,Magazine_Subscriptions,advertising,0.0,0.0,0.0,False
7753,Magazine_Subscriptions,content,0.0,0.0,0.0,False
7762,Magazine_Subscriptions,advertising,0.6705,0.6369,-0.03359999999999996,True
7762,Magazine_Subscriptions,content,0.33525,-0.2787,-0.61395,True
7763,Magazine_Subscriptions,quality,0.5106,0.5106,0.0,False
7764,Magazine_Subscriptions,content,0.8481,0.8481,0.0,False
7765,Magazine_Subscriptions,quality,0.6124,0.6124,0.0,False
7768,Magazine_Subscriptions,content,0.0,0.0,0.0,False
7772,Magazine_Subscriptions,content,0.05560000000000001,0.05560000000000001,0.0,False
7773,Magazine_Subscriptions,billing,0.4404,0.4404,0.0,False
7773,Magazine_Subscriptions,content,0.31589999999999996,0.31589999999999996,0.0,False
7775,Magazine_Subscriptions,price,0.6249,0.6249,0.0,False
7776,Magazine_Subscriptions,content,0.5411,0.5411,0.0,False
7777,Magazine_Subscriptions,content,0.4019,0.4019,0.0,False
7782,Magazine_Subscriptions,content,0.2202,0.2202,0.0,False
7783,Magazine_Subscriptions,billing,0.4867,0.4867,0.0,False
7784,Magazine_Subscriptions,content,0.4493333333333333,0.4493333333333333,0.0,False
7785,Magazine_Subscriptions,price,0.8588,0.8588,0.0,False
7787,Magazine_Subscriptions,content,0.0,0.0,0.0,False
7788,Magazine_Subscriptions,content,0.6980999999999999,0.5526333333333333,-0.14546666666666663,True
7791,Magazine_Subscriptions,content,0.0,0.0,0.0,False
7791,Magazine_Subscriptions,price,0.3035,0.3035,0.0,False
7792,Magazine_Subscriptions,delivery,0.657,0.657,0.0,False
7794,Magazine_Subscriptions,content,0.0,0.0,0.0,False
7795,Magazine_Subscriptions,billing,-0.3412,-0.3412,0.0,False
7797,Magazine_Subscriptions,content,0.6115,0.6115,0.0,False
7798,Magazine_Subscriptions,content,0.4574,0.4574,0.0,False
7800,Magazine_Subscriptions,billing,-0.659,-0.659,0.0,False
7802,Magazine_Subscriptions,quality,0.6369,0.6369,0.0,False
7804,Magazine_Subscriptions,billing,0.0,0.0,0.0,False
7804,Magazine_Subscriptions,content,0.0,0.0,0.0,False
7805,Magazine_Subscriptions,content,0.7845,0.7845,0.0,False
7807,Magazine_Subscriptions,content,0.0,0.0,0.0,False
7809,Magazine_Subscriptions,content,0.4404,0.4404,0.0,False
7812,Magazine_Subscriptions,price,0.7971,0.7971,0.0,False
7813,Magazine_Subscriptions,content,0.0,0.0,0.0,False
7814,Magazine_Subscriptions,price,-0.3182,-0.3182,0.0,False
7814,Magazine_Subscriptions,content,0.02705000000000002,0.02705000000000002,0.0,False
7817,Magazine_Subscriptions,content,0.8519,0.8519,0.0,False
7818,Magazine_Subscriptions,billing,0.3157,0.0,-0.3157,True
7819,Magazine_Subscriptions,content,0.8858,0.8858,0.0,False
7820,Magazine_Subscriptions,content,0.4215,0.4215,0.0,False
7825,Magazine_Subscriptions,content,0.8279,0.4591,-0.36879999999999996,True
7826,Magazine_Subscriptions,content,0.5106,0.5106,0.0,False
7829,Magazine_Subscriptions,content,-0.20095,-0.20095,0.0,False
7832,Magazine_Subscriptions,content,0.0,0.0,0.0,False
7834,Magazine_Subscriptions,content,0.2263,0.2263,0.0,False
7835,Magazine_Subscriptions,content,0.1901,0.0,-0.1901,True
7836,Magazine_Subscriptions,content,0.886,0.886,0.0,False
7836,Magazine_Subscriptions,price,0.886,0.886,0.0,False
7837,Magazine_Subscriptions,advertising,0.4574,0.4574,0.0,False
7837,Magazine_Subscriptions,content,0.5927,0.0,-0.5927,True
7838,Magazine_Subscriptions,content,0.0,0.0,0.0,False
7839,Magazine_Subscriptions,billing,-0.25,-0.25,0.0,False
7840,Magazine_Subscriptions,quality,0.4404,0.4404,0.0,False
7842,Magazine_Subscriptions,billing,0.0,0.0,0.0,False
7846,Magazine_Subscriptions,quality,0.6059,0.0516,-0.5543,True
7846,Magazine_Subscriptions,price,0.30295,0.0258,-0.27715,True
7849,Magazine_Subscriptions,content,0.4019,0.4019,0.0,False
7850,Magazine_Subscriptions,billing,0.5719,0.5719,0.0,False
7852,Magazine_Subscriptions,content,0.6369,0.6369,0.0,False
7853,Magazine_Subscriptions,content,0.5542,0.5542,0.0,False
7855,Magazine_Subscriptions,content,0.0,0.0,0.0,False
7856,Magazine_Subscriptions,advertising,0.0933,0.0933,0.0,False
7856,Magazine_Subscriptions,price,0.0,0.0,0.0,False
7857,Magazine_Subscriptions,advertising,0.2382,0.0,-0.2382,True
7857,Magazine_Subscriptions,content,0.2382,0.4404,0.20220000000000002,True
7857,Magazine_Subscriptions,price,0.9231,0.8481,-0.07500000000000007,True
7859,Magazine_Subscriptions,content,0.32687999999999995,0.32687999999999995,0.0,False
7860,Magazine_Subscriptions,advertising,-0.25,-0.25,0.0,False
7860,Magazine_Subscriptions,billing,-0.25,-0.25,0.0,False
7861,Magazine_Subscriptions,advertising,-0.3559,-0.3559,0.0,False
7861,Magazine_Subscriptions,content,-0.3559,-0.3559,0.0,False
7862,Magazine_Subscriptions,content,0.705,0.4215,-0.2835,True
7865,Magazine_Subscriptions,content,0.20095,0.20095,0.0,False
7865,Magazine_Subscriptions,customer_service,0.0,0.0,0.0,False
7868,Magazine_Subscriptions,delivery,0.3612,0.3612,0.0,False
7871,Magazine_Subscriptions,content,0.8268,0.8268,0.0,False
7875,Magazine_Subscriptions,price,0.7579,0.7579,0.0,False
7875,Magazine_Subscriptions,content,0.0,0.0,0.0,False
7876,Magazine_Subscriptions,billing,0.3089,0.3089,0.0,False
7876,Magazine_Subscriptions,content,-0.2753,0.05879999999999999,0.33409999999999995,True
7877,Magazine_Subscriptions,billing,-0.5106,-0.5106,0.0,False
7877,Magazine_Subscriptions,content,-0.0258,-0.0258,0.0,False
7877,Magazine_Subscriptions,price,-0.5106,-0.5106,0.0,False
7880,Magazine_Subscriptions,content,0.4404,0.4404,0.0,False
7882,Magazine_Subscriptions,advertising,-0.7377,-0.7171,0.020600000000000063,True
7882,Magazine_Subscriptions,billing,0.0,0.0,0.0,False
7882,Magazine_Subscriptions,content,-0.7377,-0.7171,0.020600000000000063,True
7885,Magazine_Subscriptions,content,0.0,0.0,0.0,False
7887,Magazine_Subscriptions,content,0.7269,0.7269,0.0,False
7892,Magazine_Subscriptions,billing,0.7184,0.0,-0.7184,True
7892,Magazine_Subscriptions,content,0.7184,0.0,-0.7184,True
7893,Magazine_Subscriptions,content,0.7906,0.7906,0.0,False
7893,Magazine_Subscriptions,price,0.7906,0.7906,0.0,False
7894,Magazine_Subscriptions,content,0.8047,0.6705,-0.13419999999999999,True
7896,Magazine_Subscriptions,content,0.0,0.0,0.0,False
7897,Magazine_Subscriptions,advertising,0.4215,0.4215,0.0,False
7897,Magazine_Subscriptions,content,0.4215,0.4215,0.0,False
7899,Magazine_Subscriptions,advertising,0.0,0.0,0.0,False
7899,Magazine_Subscriptions,content,0.0,0.0,0.0,False
7901,Magazine_Subscriptions,content,0.7269,0.7269,0.0,False
7902,Magazine_Subscriptions,price,0.2263,0.2263,0.0,False
7905,Magazine_Subscriptions,content,0.8519,0.8519,0.0,False
7906,Magazine_Subscriptions,delivery,0.0,0.0,0.0,False
7906,Magazine_Subscriptions,content,0.2606,0.2606,0.0,False
7907,Magazine_Subscriptions,content,0.0,0.0,0.0,False
7912,Magazine_Subscriptions,content,0.0772,0.0772,0.0,False
7913,Magazine_Subscriptions,content,0.8316,0.8316,0.0,False
7916,Magazine_Subscriptions,advertising,0.0,0.0,0.0,False
7917,Magazine_Subscriptions,content,0.7783,0.7783,0.0,False
7918,Magazine_Subscriptions,content,0.5209666666666667,0.5209666666666667,0.0,False
7918,Magazine_Subscriptions,price,0.0,0.0,0.0,False
7919,Magazine_Subscriptions,delivery,0.2911,0.2911,0.0,False
7919,Magazine_Subscriptions,content,0.2911,0.2911,0.0,False
7920,Magazine_Subscriptions,content,0.0,0.0,0.0,False
7921,Magazine_Subscriptions,content,0.8481,0.6134999999999999,-0.23460000000000003,True
7921,Magazine_Subscriptions,price,0.8481,0.7003,-0.14779999999999993,True
7922,Magazine_Subscriptions,quality,0.2732,0.2732,0.0,False
7922,Magazine_Subscriptions,content,0.08923333333333333,0.08923333333333333,0.0,False
7923,Magazine_Subscriptions,quality,0.0,0.0,0.0,False
7923,Magazine_Subscriptions,price,0.5346,0.2263,-0.30829999999999996,True
7923,Magazine_Subscriptions,advertising,0.0,0.0,0.0,False
7923,Magazine_Subscriptions,content,0.2871142857142857,0.2786285714285714,-0.008485714285714319,True
7927,Magazine_Subscriptions,delivery,0.7351,0.7351,0.0,False
7927,Magazine_Subscriptions,price,0.6696,0.6696,0.0,False
7933,Magazine_Subscriptions,quality,-0.0516,-0.1027,-0.0511,True
7933,Magazine_Subscriptions,content,-0.0516,-0.1027,-0.0511,True
7938,Magazine_Subscriptions,billing,0.0,0.0,0.0,False
7938,Magazine_Subscriptions,content,-0.105375,0.0,0.105375,True
7938,Magazine_Subscriptions,price,-0.06399999999999999,-0.01426666666666665,0.04973333333333334,True
7939,Magazine_Subscriptions,delivery,0.0,0.0,0.0,False
7939,Magazine_Subscriptions,content,0.1326,0.25,0.1174,True
7940,Magazine_Subscriptions,content,-0.1261,-0.1261,0.0,False
7940,Magazine_Subscriptions,price,0.0,0.0,0.0,False
7942,Magazine_Subscriptions,content,0.0,0.0,0.0,False
7944,Magazine_Subscriptions,quality,0.4404,0.4404,0.0,False
7946,Magazine_Subscriptions,delivery,0.0,0.0,0.0,False
7946,Magazine_Subscriptions,content,0.2202,0.2202,0.0,False
7949,Magazine_Subscriptions,content,-0.0191,-0.0191,0.0,False
7952,Magazine_Subscriptions,delivery,-0.296,-0.296,0.0,False
7955,Magazine_Subscriptions,billing,-0.12465000000000001,-0.12465000000000001,0.0,False
7956,Magazine_Subscriptions,delivery,0.5719,0.5719,0.0,False
7956,Magazine_Subscriptions,content,0.5994,0.5994,0.0,False
7959,Magazine_Subscriptions,content,0.6249,0.6249,0.0,False
7960,Magazine_Subscriptions,content,0.44284999999999997,0.4063,-0.03654999999999997,True
7960,Magazine_Subscriptions,price,0.243525,0.014075000000000004,-0.22945,True
7961,Magazine_Subscriptions,content,0.6705,0.6705,0.0,False
7962,Magazine_Subscriptions,content,0.0,0.0,0.0,False
7963,Magazine_Subscriptions,content,0.6249,0.6249,0.0,False
7964,Magazine_Subscriptions,content,0.5106,0.5106,0.0,False
7965,Magazine_Subscriptions,content,0.6474,0.0,-0.6474,True
7966,Magazine_Subscriptions,price,-0.5676,-0.5676,0.0,False
7966,Magazine_Subscriptions,content,-0.2838,-0.2838,0.0,False
7969,Magazine_Subscriptions,content,0.0,0.0,0.0,False
7971,Magazine_Subscriptions,content,0.2263,0.2263,0.0,False
7974,Magazine_Subscriptions,delivery,-0.128,-0.128,0.0,False
7975,Magazine_Subscriptions,content,0.6705,0.6705,0.0,False
7976,Magazine_Subscriptions,content,0.5719,0.2263,-0.34559999999999996,True
7978,Magazine_Subscriptions,content,0.7579,0.7579,0.0,False
7981,Magazine_Subscriptions,delivery,0.2263,0.0,-0.2263,True
7982,Magazine_Subscriptions,packaging,0.3182,0.3182,0.0,False
7982,Magazine_Subscriptions,delivery,0.0,0.0,0.0,False
7982,Magazine_Subscriptions,price,0.9353,0.9353,0.0,False
7985,Magazine_Subscriptions,billing,0.0,0.0,0.0,False
7991,Magazine_Subscriptions,advertising,0.0,0.0,0.0,False
7991,Magazine_Subscriptions,billing,-0.25,-0.25,0.0,False
7994,Magazine_Subscriptions,content,0.7906,0.7906,0.0,False
7994,Magazine_Subscriptions,quality,0.2023,0.2023,0.0,False
7994,Magazine_Subscriptions,price,0.2023,0.2023,0.0,False
7995,Magazine_Subscriptions,price,0.8126,0.6808,-0.13180000000000003,True
7996,Magazine_Subscriptions,content,0.6423,0.6423,0.0,False
7999,Magazine_Subscriptions,content,0.7506,0.7506,0.0,False
8000,Subscription_Boxes,delivery,0.0,0.0,0.0,False
8000,Subscription_Boxes,content,0.07086666666666666,0.014066666666666653,-0.05680000000000001,True
8001,Subscription_Boxes,content,0.6369,0.6369,0.0,False
8003,Subscription_Boxes,quality,0.7871,0.6588,-0.12829999999999997,True
8003,Subscription_Boxes,content,0.7871,0.6588,-0.12829999999999997,True
8004,Subscription_Boxes,content,0.03260000000000002,0.03260000000000002,0.0,False
8007,Subscription_Boxes,content,0.6249,0.6249,0.0,False
8009,Subscription_Boxes,quality,0.4404,0.4404,0.0,False
8009,Subscription_Boxes,content,0.4404,0.4404,0.0,False
8011,Subscription_Boxes,content,0.3976,0.3976,0.0,False
8011,Subscription_Boxes,price,0.4922333333333333,0.5237666666666666,0.0315333333333333,True
8014,Subscription_Boxes,content,0.8271,0.6908,-0.13629999999999998,True
8016,Subscription_Boxes,content,0.5574,0.5574,0.0,False
8017,Subscription_Boxes,billing,0.0,0.0,0.0,False
8017,Subscription_Boxes,delivery,0.0,0.0,0.0,False
8019,Subscription_Boxes,quality,0.5994,0.5994,0.0,False
8019,Subscription_Boxes,content,0.2997,0.2997,0.0,False
8021,Subscription_Boxes,quality,0.8845,0.8845,0.0,False
8022,Subscription_Boxes,price,0.6351,0.6351,0.0,False
8022,Subscription_Boxes,content,0.6688,0.6688,0.0,False
8024,Subscription_Boxes,content,-0.1591,-0.1591,0.0,False
8025,Subscription_Boxes,quality,0.68,0.68,0.0,False
8025,Subscription_Boxes,price,0.68,0.68,0.0,False
8027,Subscription_Boxes,quality,0.6369,0.6369,0.0,False
8027,Subscription_Boxes,content,0.6369,0.6369,0.0,False
8028,Subscription_Boxes,content,0.34,0.34,0.0,False
8029,Subscription_Boxes,content,0.4019,0.4019,0.0,False
8031,Subscription_Boxes,content,0.8554999999999999,0.8554999999999999,0.0,False
8032,Subscription_Boxes,content,0.52912,0.52912,0.0,False
8033,Subscription_Boxes,billing,0.5215,0.5215,0.0,False
8033,Subscription_Boxes,content,0.4404,0.4404,0.0,False
8035,Subscription_Boxes,content,0.38565,0.38565,0.0,False
8037,Subscription_Boxes,content,-0.0747,0.15510000000000002,0.2298,True
8038,Subscription_Boxes,content,0.9359,0.8934,-0.04249999999999998,True
8039,Subscription_Boxes,price,0.2263,0.2263,0.0,False
8040,Subscription_Boxes,quality,0.6369,0.6369,0.0,False
8040,Subscription_Boxes,content,0.6044,0.6044,0.0,False
8041,Subscription_Boxes,billing,-0.4588,-0.4588,0.0,False
8041,Subscription_Boxes,content,0.8658,0.7906,-0.07520000000000004,True
8043,Subscription_Boxes,content,0.1806,0.1806,0.0,False
8047,Subscription_Boxes,price,0.4767,0.4767,0.0,False
8047,Subscription_Boxes,content,0.37389999999999995,0.44913333333333333,0.07523333333333337,True
8049,Subscription_Boxes,billing,0.4019,0.4019,0.0,False
8049,Subscription_Boxes,content,-0.296,-0.296,0.0,False
8050,Subscription_Boxes,content,0.4926,0.4926,0.0,False
8051,Subscription_Boxes,quality,0.0,0.0,0.0,False
8052,Subscription_Boxes,content,0.6467,0.6467,0.0,False
8054,Subscription_Boxes,content,0.4404,0.4404,0.0,False
8055,Subscription_Boxes,customer_service,0.5255,0.5255,0.0,False
8055,Subscription_Boxes,quality,0.8519,0.8519,0.0,False
8055,Subscription_Boxes,price,0.8519,0.8519,0.0,False
8055,Subscription_Boxes,content,0.7317,0.7317,0.0,False
8056,Subscription_Boxes,quality,0.743,0.743,0.0,False
8056,Subscription_Boxes,content,0.743,0.743,0.0,False
8058,Subscription_Boxes,quality,0.0,0.0,0.0,False
8059,Subscription_Boxes,billing,-0.4784,-0.4784,0.0,False
8059,Subscription_Boxes,content,0.7351,0.5859,-0.1492,True
8059,Subscription_Boxes,price,0.7351,0.5859,-0.1492,True
8060,Subscription_Boxes,content,0.3612,0.3612,0.0,False
8063,Subscription_Boxes,content,-0.2277,-0.2277,0.0,False
8064,Subscription_Boxes,content,-0.6124,-0.09054999999999999,0.52185,True
8065,Subscription_Boxes,content,0.7712,0.7712,0.0,False
8067,Subscription_Boxes,billing,-0.3412,-0.3412,0.0,False
8067,Subscription_Boxes,content,-0.11373333333333334,-0.11373333333333334,0.0,False
8069,Subscription_Boxes,content,0.6369,0.6369,0.0,False
8070,Subscription_Boxes,packaging,0.0,0.0,0.0,False
8071,Subscription_Boxes,content,0.2273666666666667,0.2273666666666667,0.0,False
8071,Subscription_Boxes,quality,0.7184,0.7184,0.0,False
8071,Subscription_Boxes,price,0.7184,0.7184,0.0,False
8072,Subscription_Boxes,content,0.26270000000000004,0.3294,0.06669999999999998,True
8074,Subscription_Boxes,content,0.7416666666666666,0.7416666666666666,0.0,False
8075,Subscription_Boxes,content,0.7047,0.528525,-0.17617499999999997,True
8076,Subscription_Boxes,content,0.5267,0.5267,0.0,False
8081,Subscription_Boxes,billing,0.0,0.0,0.0,False
8081,Subscription_Boxes,content,0.0,0.0,0.0,False
8081,Subscription_Boxes,quality,0.3506,0.1806,-0.17,True
8082,Subscription_Boxes,quality,0.5137499999999999,0.3919,-0.1218499999999999,True
8082,Subscription_Boxes,content,0.33755,0.33755,0.0,False
8084,Subscription_Boxes,price,0.4588,0.4588,0.0,False
8085,Subscription_Boxes,content,0.4767,0.17,-0.3067,True
8085,Subscription_Boxes,price,0.4767,0.34,-0.1367,True
8086,Subscription_Boxes,price,0.8519,0.8519,0.0,False
8086,Subscription_Boxes,content,0.89775,0.89775,0.0,False
8088,Subscription_Boxes,billing,0.2263,0.2263,0.0,False
8088,Subscription_Boxes,packaging,0.2202,0.2202,0.0,False
8088,Subscription_Boxes,price,0.2263,0.2263,0.0,False
8089,Subscription_Boxes,content,0.7269,0.7269,0.0,False
8090,Subscription_Boxes,content,0.7579,0.7579,0.0,False
8092,Subscription_Boxes,price,0.765,0.765,0.0,False
8092,Subscription_Boxes,content,0.5563,0.5563,0.0,False
8093,Subscription_Boxes,quality,0.0,0.0,0.0,False
8093,Subscription_Boxes,content,0.5023,0.3612,-0.14109999999999995,True
8095,Subscription_Boxes,content,0.8268,0.8268,0.0,False
8098,Subscription_Boxes,packaging,0.0,0.0,0.0,False
8099,Subscription_Boxes,packaging,0.5994,0.5994,0.0,False
8101,Subscription_Boxes,content,0.726,0.726,0.0,False
8103,Subscription_Boxes,delivery,0.0,0.0,0.0,False
8103,Subscription_Boxes,packaging,0.0,0.0,0.0,False
8104,Subscription_Boxes,content,0.0,0.0,0.0,False
8106,Subscription_Boxes,quality,0.4019,0.4019,0.0,False
8106,Subscription_Boxes,content,0.4019,0.4019,0.0,False
8107,Subscription_Boxes,billing,-0.2023,-0.2023,0.0,False
8107,Subscription_Boxes,delivery,-0.2023,-0.2023,0.0,False
8109,Subscription_Boxes,content,0.8648,0.8648,0.0,False
8110,Subscription_Boxes,price,0.7777,0.7777,0.0,False
8111,Subscription_Boxes,content,0.0,0.0,0.0,False
8113,Subscription_Boxes,price,0.5065,0.5065,0.0,False
8113,Subscription_Boxes,content,0.25325,0.25325,0.0,False
8115,Subscription_Boxes,billing,-0.21315,-0.17033333333333336,0.04281666666666664,True
8115,Subscription_Boxes,content,-0.21315,-0.5959000000000001,-0.3827500000000001,True
8115,Subscription_Boxes,delivery,0.1531,0.6808,0.5277,True
8117,Subscription_Boxes,billing,0.15925,0.15925,0.0,False
8117,Subscription_Boxes,quality,0.5281666666666667,0.5281666666666667,0.0,False
8117,Subscription_Boxes,delivery,0.4964,0.4964,0.0,False
8117,Subscription_Boxes,price,0.08895,0.08895,0.0,False
8117,Subscription_Boxes,content,0.25602,0.25602,0.0,False
8118,Subscription_Boxes,content,0.6588,0.6588,0.0,False
8118,Subscription_Boxes,price,0.2942,0.2942,0.0,False
8119,Subscription_Boxes,quality,-0.3182,-0.3182,0.0,False
8119,Subscription_Boxes,content,-0.3182,-0.3182,0.0,False
8120,Subscription_Boxes,content,-0.6446,-0.6446,0.0,False
8122,Subscription_Boxes,content,0.1838,0.06482500000000001,-0.11897499999999998,True
8123,Subscription_Boxes,content,0.2612,0.40775,0.14655,True
8123,Subscription_Boxes,packaging,-0.2411,-0.2411,0.0,False
8124,Subscription_Boxes,price,0.0,0.0,0.0,False
8125,Subscription_Boxes,packaging,0.765,0.47185,-0.29315,True
8126,Subscription_Boxes,billing,-0.5505,-0.5505,0.0,False
8126,Subscription_Boxes,content,0.1021,-0.0165,-0.1186,True
8127,Subscription_Boxes,price,-0.1695,-0.1695,0.0,False
8128,Subscription_Boxes,quality,0.0,0.0,0.0,False
8130,Subscription_Boxes,billing,0.0,0.0,0.0,False
8130,Subscription_Boxes,delivery,0.0,0.0,0.0,False
8130,Subscription_Boxes,price,-0.8376,-0.5413,0.2963,True
8130,Subscription_Boxes,quality,-0.8376,-0.5413,0.2963,True
8132,Subscription_Boxes,delivery,0.0,0.0,0.0,False
8132,Subscription_Boxes,content,0.28963333333333335,0.28963333333333335,0.0,False
8133,Subscription_Boxes,quality,0.6124,0.6124,0.0,False
8134,Subscription_Boxes,quality,0.6249,0.6249,0.0,False
8137,Subscription_Boxes,content,0.6929,0.6929,0.0,False
8138,Subscription_Boxes,billing,0.2263,0.2263,0.0,False
8138,Subscription_Boxes,content,-0.357,-0.357,0.0,False
8138,Subscription_Boxes,price,-0.08954999999999999,-0.08954999999999999,0.0,False
8139,Subscription_Boxes,delivery,0.34,0.34,0.0,False
8139,Subscription_Boxes,content,0.34,0.34,0.0,False
8141,Subscription_Boxes,content,0.8718,0.8718,0.0,False
8142,Subscription_Boxes,quality,0.5859,0.5859,0.0,False
8142,Subscription_Boxes,price,0.5859,0.5859,0.0,False
8145,Subscription_Boxes,price,0.6682,0.6682,0.0,False
8150,Subscription_Boxes,content,0.6124,0.6124,0.0,False
8152,Subscription_Boxes,content,0.0772,0.0,-0.0772,True
8152,Subscription_Boxes,quality,0.66445,0.5917,-0.07274999999999998,True
8152,Subscription_Boxes,packaging,0.2732,0.2732,0.0,False
8157,Subscription_Boxes,price,0.7579,0.7579,0.0,False
8158,Subscription_Boxes,price,0.2263,0.2263,0.0,False
8159,Subscription_Boxes,delivery,0.5994,0.5994,0.0,False
8159,Subscription_Boxes,content,0.2023,0.2023,0.0,False
8161,Subscription_Boxes,content,-0.3182,-0.3182,0.0,False
8163,Subscription_Boxes,content,0.0,0.0,0.0,False
8164,Subscription_Boxes,price,0.8904,0.7184,-0.17199999999999993,True
8167,Subscription_Boxes,quality,0.4404,0.4404,0.0,False
8167,Subscription_Boxes,content,0.4558666666666666,0.4687888888888889,0.012922222222222335,True
8168,Subscription_Boxes,quality,0.4754,0.4754,0.0,False
8169,Subscription_Boxes,price,-0.4215,-0.4215,0.0,False
8170,Subscription_Boxes,content,-0.0572,-0.0572,0.0,False
8170,Subscription_Boxes,packaging,-0.148,-0.148,0.0,False
8171,Subscription_Boxes,content,0.2263,0.0,-0.2263,True
8174,Subscription_Boxes,quality,0.7906,0.7906,0.0,False
8174,Subscription_Boxes,content,0.7906,0.7906,0.0,False
8175,Subscription_Boxes,content,0.5194,0.5194,0.0,False
8175,Subscription_Boxes,packaging,0.5719,0.5719,0.0,False
8178,Subscription_Boxes,price,0.0,0.0,0.0,False
8179,Subscription_Boxes,content,0.5106,0.5106,0.0,False
8183,Subscription_Boxes,delivery,0.0,0.0,0.0,False
8184,Subscription_Boxes,delivery,0.38085,0.38085,0.0,False
8185,Subscription_Boxes,billing,-0.6124,-0.6124,0.0,False
8185,Subscription_Boxes,price,-0.3235,-0.2222,0.1013,True
8187,Subscription_Boxes,content,-0.2755,-0.2755,0.0,False
8188,Subscription_Boxes,billing,0.0,0.0,0.0,False
8188,Subscription_Boxes,content,0.5106,0.3825,-0.12810000000000005,True
8188,Subscription_Boxes,price,0.0,0.0,0.0,False
8189,Subscription_Boxes,content,0.2697,0.2697,0.0,False
8191,Subscription_Boxes,quality,0.2965,0.1789,-0.11759999999999998,True
8191,Subscription_Boxes,content,-0.4767,-0.4767,0.0,False
8193,Subscription_Boxes,content,0.6178,0.6178,0.0,False
8195,Subscription_Boxes,billing,-0.25,-0.25,0.0,False
8195,Subscription_Boxes,content,-0.13775,-0.13775,0.0,False
8196,Subscription_Boxes,content,-0.34,-0.34,0.0,False
8197,Subscription_Boxes,billing,-0.25,-0.25,0.0,False
8197,Subscription_Boxes,price,0.2647,0.2647,0.0,False
8198,Subscription_Boxes,billing,-0.25,-0.25,0.0,False
8198,Subscription_Boxes,delivery,0.0,0.0,0.0,False
8198,Subscription_Boxes,price,0.3612,0.3612,0.0,False
8198,Subscription_Boxes,content,-0.5563,-0.5563,0.0,False
8199,Subscription_Boxes,content,-0.17439999999999997,-0.17439999999999997,0.0,False
8199,Subscription_Boxes,delivery,0.27475,0.4014,0.12664999999999998,True
8199,Subscription_Boxes,price,-0.6297,-0.4754,0.15430000000000005,True
8200,Subscription_Boxes,content,0.0,0.0,0.0,False
8202,Subscription_Boxes,content,0.42115,0.42115,0.0,False
8202,Subscription_Boxes,quality,0.4902,0.4902,0.0,False
8202,Subscription_Boxes,delivery,0.4902,0.4902,0.0,False
8203,Subscription_Boxes,price,-0.505,-0.505,0.0,False
8204,Subscription_Boxes,billing,0.617,0.617,0.0,False
8204,Subscription_Boxes,content,-0.2307,-0.2307,0.0,False
8204,Subscription_Boxes,quality,-0.0258,-0.0258,0.0,False
8206,Subscription_Boxes,content,0.4019,0.4019,0.0,False
8207,Subscription_Boxes,content,0.5106,0.5106,0.0,False
8208,Subscription_Boxes,billing,0.4767,0.4767,0.0,False
8208,Subscription_Boxes,content,-0.25,-0.25,0.0,False
8208,Subscription_Boxes,customer_service,0.4767,0.4767,0.0,False
8209,Subscription_Boxes,content,0.7184,0.7184,0.0,False
8210,Subscription_Boxes,advertising,0.0,0.0,0.0,False
8210,Subscription_Boxes,billing,0.0,0.0,0.0,False
8210,Subscription_Boxes,delivery,0.0,0.0,0.0,False
8213,Subscription_Boxes,quality,-0.40605,-0.40605,0.0,False
8214,Subscription_Boxes,content,0.4215,0.4215,0.0,False
8215,Subscription_Boxes,delivery,0.3368,0.3368,0.0,False
8216,Subscription_Boxes,quality,0.6892,0.6892,0.0,False
8216,Subscription_Boxes,content,0.6892,0.6892,0.0,False
8217,Subscription_Boxes,content,0.5994,0.5994,0.0,False
8218,Subscription_Boxes,content,-0.296,-0.296,0.0,False
8220,Subscription_Boxes,content,0.5719,0.5719,0.0,False
8220,Subscription_Boxes,packaging,0.6114,0.6114,0.0,False
8221,Subscription_Boxes,content,0.424675,0.424675,0.0,False
8221,Subscription_Boxes,customer_service,-0.3875,-0.3875,0.0,False
8222,Subscription_Boxes,content,0.20790000000000003,0.29065,0.08274999999999999,True
8222,Subscription_Boxes,delivery,0.0,0.0,0.0,False
8222,Subscription_Boxes,packaging,0.0,0.0,0.0,False
8224,Subscription_Boxes,content,-0.9204,-0.22175,0.69865,True
8226,Subscription_Boxes,price,0.7777,0.7777,0.0,False
8226,Subscription_Boxes,content,0.51,0.51,0.0,False
8234,Subscription_Boxes,content,-0.1012,-0.1012,0.0,False
8234,Subscription_Boxes,price,-0.1012,-0.1012,0.0,False
8235,Subscription_Boxes,content,0.66245,0.32985,-0.3326,True
8236,Subscription_Boxes,price,0.5983,0.5983,0.0,False
8236,Subscription_Boxes,content,0.7135,0.7135,0.0,False
8237,Subscription_Boxes,price,0.7311,0.6369,-0.09419999999999995,True
8239,Subscription_Boxes,quality,0.3382,0.3382,0.0,False
8239,Subscription_Boxes,price,0.6893,0.6893,0.0,False
8240,Subscription_Boxes,content,0.5097750000000001,0.5097750000000001,0.0,False
8241,Subscription_Boxes,price,0.5411,0.5411,0.0,False
8243,Subscription_Boxes,delivery,-0.7574,-0.7574,0.0,False
8244,Subscription_Boxes,delivery,0.27495,0.20095,-0.07400000000000004,True
8247,Subscription_Boxes,content,0.56305,0.56305,0.0,False
8248,Subscription_Boxes,quality,-0.6331,-0.6331,0.0,False
8249,Subscription_Boxes,price,0.6565,0.2579,-0.39859999999999995,True
8252,Subscription_Boxes,price,-0.2746,-0.2746,0.0,False
8252,Subscription_Boxes,content,0.1535,0.1535,0.0,False
8253,Subscription_Boxes,packaging,0.7845,0.8481,0.06359999999999999,True
8254,Subscription_Boxes,content,0.8957,0.8957,0.0,False
8255,Subscription_Boxes,content,0.4939,0.4939,0.0,False
8262,Subscription_Boxes,content,0.1779,0.1779,0.0,False
8263,Subscription_Boxes,delivery,0.0,0.0,0.0,False
8263,Subscription_Boxes,quality,0.2202,0.2202,0.0,False
8268,Subscription_Boxes,billing,-0.3818,-0.2023,0.17949999999999997,True
8268,Subscription_Boxes,delivery,0.2263,0.0,-0.2263,True
8270,Subscription_Boxes,content,0.41445,0.31805,-0.09639999999999999,True
8272,Subscription_Boxes,billing,-0.25,-0.25,0.0,False
8272,Subscription_Boxes,content,0.26955,0.26955,0.0,False
8272,Subscription_Boxes,packaging,0.3612,0.3612,0.0,False
8274,Subscription_Boxes,quality,0.0,0.0,0.0,False
8274,Subscription_Boxes,content,0.2377,0.2377,0.0,False
8275,Subscription_Boxes,content,0.4019,0.4019,0.0,False
8277,Subscription_Boxes,price,-0.4215,-0.4215,0.0,False
8278,Subscription_Boxes,delivery,0.0,0.0,0.0,False
8280,Subscription_Boxes,quality,0.7845,0.7845,0.0,False
8280,Subscription_Boxes,content,0.7845,0.7845,0.0,False
8283,Subscription_Boxes,content,0.5994,0.5994,0.0,False
8284,Subscription_Boxes,content,0.33755,0.33755,0.0,False
8284,Subscription_Boxes,quality,0.4019,0.4019,0.0,False
8284,Subscription_Boxes,price,0.26335,0.26335,0.0,False
8285,Subscription_Boxes,content,0.0,0.0,0.0,False
8286,Subscription_Boxes,price,0.0,0.0,0.0,False
8287,Subscription_Boxes,price,0.2263,0.2263,0.0,False
8288,Subscription_Boxes,billing,0.0,0.0,0.0,False
8288,Subscription_Boxes,content,0.2771,0.2771,0.0,False
8289,Subscription_Boxes,billing,-0.25,-0.25,0.0,False
8289,Subscription_Boxes,content,0.0,0.0,0.0,False
8290,Subscription_Boxes,content,0.705,0.5994,-0.10559999999999992,True
8291,Subscription_Boxes,quality,0.6633,0.6633,0.0,False
8292,Subscription_Boxes,quality,0.4215,0.4215,0.0,False
8292,Subscription_Boxes,content,-0.23835,-0.23835,0.0,False
8294,Subscription_Boxes,billing,0.6597,0.128,-0.5317,True
8294,Subscription_Boxes,content,0.4956,0.1877,-0.30789999999999995,True
8295,Subscription_Boxes,content,0.5994,0.5994,0.0,False
8298,Subscription_Boxes,advertising,-0.5413,-0.5413,0.0,False
8299,Subscription_Boxes,content,0.6249,0.6249,0.0,False
8301,Subscription_Boxes,price,0.826,0.826,0.0,False
8302,Subscription_Boxes,content,0.5709,0.5709,0.0,False
8304,Subscription_Boxes,delivery,0.0,0.0,0.0,False
8305,Subscription_Boxes,price,0.6786,0.6786,0.0,False
8305,Subscription_Boxes,packaging,0.7239,0.7239,0.0,False
8307,Subscription_Boxes,content,0.0,0.0,0.0,False
8307,Subscription_Boxes,price,0.11315,0.0,-0.11315,True
8308,Subscription_Boxes,billing,0.11553333333333334,0.04300000000000002,-0.07253333333333331,True
8308,Subscription_Boxes,delivery,0.5106,0.5106,0.0,False
8308,Subscription_Boxes,quality,0.41105,0.24665,-0.16440000000000002,True
8308,Subscription_Boxes,content,0.6249,0.6249,0.0,False
8309,Subscription_Boxes,quality,0.6588,0.6588,0.0,False
8309,Subscription_Boxes,content,0.6588,0.6588,0.0,False
8311,Subscription_Boxes,price,-0.2023,0.4588,0.6611,True
8311,Subscription_Boxes,content,0.17203333333333334,0.2733333333333334,0.10130000000000003,True
8312,Subscription_Boxes,billing,-0.8422,-0.25,0.5922,True
8312,Subscription_Boxes,content,0.4019,0.4019,0.0,False
8312,Subscription_Boxes,price,0.4404,0.4404,0.0,False
8313,Subscription_Boxes,quality,0.784,0.784,0.0,False
8313,Subscription_Boxes,content,0.784,0.784,0.0,False
8314,Subscription_Boxes,quality,0.765,0.765,0.0,False
8318,Subscription_Boxes,delivery,0.6696,0.6696,0.0,False
8318,Subscription_Boxes,content,0.6696,0.6696,0.0,False
8319,Subscription_Boxes,quality,-0.3071,-0.4767,-0.16960000000000003,True
8322,Subscription_Boxes,content,0.784,0.784,0.0,False
8323,Subscription_Boxes,delivery,0.6588,0.6588,0.0,False
8324,Subscription_Boxes,billing,-0.1027,-0.1027,0.0,False
8324,Subscription_Boxes,content,0.13445,-0.05135,-0.1858,True
8325,Subscription_Boxes,content,0.6249,0.6249,0.0,False
8327,Subscription_Boxes,quality,0.4404,0.4404,0.0,False
8328,Subscription_Boxes,content,0.049350000000000005,0.4107,0.36135,True
8329,Subscription_Boxes,content,0.3612,0.3612,0.0,False
8330,Subscription_Boxes,advertising,0.0,0.0,0.0,False
8330,Subscription_Boxes,price,0.2263,0.2263,0.0,False
8332,Subscription_Boxes,billing,-0.2086,-0.2086,0.0,False
8332,Subscription_Boxes,customer_service,-0.5256,-0.5256,0.0,False
8332,Subscription_Boxes,quality,0.8779,0.3182,-0.5597000000000001,True
8334,Subscription_Boxes,content,0.6361,0.6361,0.0,False
8337,Subscription_Boxes,content,0.0,0.0,0.0,False
8337,Subscription_Boxes,price,0.2263,0.2263,0.0,False
8338,Subscription_Boxes,price,-0.0258,-0.0258,0.0,False
8339,Subscription_Boxes,packaging,-0.8625,-0.8625,0.0,False
8340,Subscription_Boxes,price,-0.4939,-0.4939,0.0,False
8341,Subscription_Boxes,content,0.6696,0.6696,0.0,False
8341,Subscription_Boxes,quality,0.6588,0.6588,0.0,False
8341,Subscription_Boxes,price,0.6588,0.6588,0.0,False
8343,Subscription_Boxes,content,0.8625,0.8625,0.0,False
8343,Subscription_Boxes,delivery,0.28750000000000003,0.28750000000000003,0.0,False
8343,Subscription_Boxes,packaging,0.8625,0.8625,0.0,False
8345,Subscription_Boxes,billing,-0.3612,-0.25,0.11120000000000002,True
8346,Subscription_Boxes,billing,-0.25,-0.25,0.0,False
8346,Subscription_Boxes,price,0.7814,0.5574,-0.22399999999999998,True
8347,Subscription_Boxes,content,0.41095,0.34356666666666663,-0.06738333333333335,True
8348,Subscription_Boxes,content,0.4019,0.4019,0.0,False
8348,Subscription_Boxes,packaging,0.4019,0.4019,0.0,False
8349,Subscription_Boxes,billing,0.0,0.0,0.0,False
8349,Subscription_Boxes,content,0.5584,0.5584,0.0,False
8350,Subscription_Boxes,content,0.6841,0.6841,0.0,False
8352,Subscription_Boxes,content,0.4404,0.4404,0.0,False
8354,Subscription_Boxes,quality,0.7579,0.7579,0.0,False
8355,Subscription_Boxes,content,0.4767,0.4767,0.0,False
8357,Subscription_Boxes,price,0.4939,0.4939,0.0,False
8360,Subscription_Boxes,price,-0.0258,-0.0258,0.0,False
8363,Subscription_Boxes,billing,0.5719,0.4215,-0.15039999999999998,True
8363,Subscription_Boxes,price,0.9132,0.9132,0.0,False
8363,Subscription_Boxes,advertising,0.0,0.0,0.0,False
8363,Subscription_Boxes,content,0.5817,0.5817,0.0,False
8366,Subscription_Boxes,content,-0.4939,-0.4939,0.0,False
8366,Subscription_Boxes,packaging,-0.3235,-0.46715,-0.14365,True
8367,Subscription_Boxes,delivery,0.34,0.34,0.0,False
8367,Subscription_Boxes,content,0.7813,0.7813,0.0,False
8369,Subscription_Boxes,content,0.0,0.0,0.0,False
8370,Subscription_Boxes,content,0.5299666666666667,0.5924666666666667,0.0625,True
8371,Subscription_Boxes,content,0.5634,0.5634,0.0,False
8373,Subscription_Boxes,billing,-0.25,-0.25,0.0,False
8374,Subscription_Boxes,packaging,0.4215,0.4215,0.0,False
8375,Subscription_Boxes,content,0.7506,0.7506,0.0,False
8380,Subscription_Boxes,billing,0.0,0.0,0.0,False
8382,Subscription_Boxes,content,-0.3512,-0.3512,0.0,False
8382,Subscription_Boxes,packaging,-0.3935,-0.3935,0.0,False
8383,Subscription_Boxes,content,0.7184,0.7184,0.0,False
8383,Subscription_Boxes,price,0.7184,0.7184,0.0,False
8384,Subscription_Boxes,price,0.0,0.0,0.0,False
8384,Subscription_Boxes,content,0.6239,0.6239,0.0,False
8385,Subscription_Boxes,content,0.6705,0.6705,0.0,False
8386,Subscription_Boxes,advertising,0.0,0.0,0.0,False
8386,Subscription_Boxes,billing,-0.25,-0.25,0.0,False
8387,Subscription_Boxes,content,-0.6901,-0.6901,0.0,False
8387,Subscription_Boxes,price,-0.6901,-0.6901,0.0,False
8388,Subscription_Boxes,delivery,0.4019,0.4019,0.0,False
8389,Subscription_Boxes,packaging,-0.1531,0.0,0.1531,True
8390,Subscription_Boxes,delivery,-0.296,-0.296,0.0,False
8394,Subscription_Boxes,content,0.5719,0.5719,0.0,False
8395,Subscription_Boxes,quality,0.34,0.34,0.0,False
8395,Subscription_Boxes,packaging,0.5859,0.5859,0.0,False
8397,Subscription_Boxes,price,0.2263,0.2263,0.0,False
8398,Subscription_Boxes,content,0.6369,0.6369,0.0,False
8399,Subscription_Boxes,content,0.6696,0.6696,0.0,False
8401,Subscription_Boxes,content,0.8221,0.6239,-0.19820000000000004,True
8402,Subscription_Boxes,content,0.3595,0.3595,0.0,False
8403,Subscription_Boxes,price,0.8588,0.8588,0.0,False
8405,Subscription_Boxes,quality,0.0,0.0,0.0,False
8410,Subscription_Boxes,billing,0.0,0.0,0.0,False
8410,Subscription_Boxes,content,0.41885,0.41885,0.0,False
8410,Subscription_Boxes,delivery,0.4176,0.4176,0.0,False
8411,Subscription_Boxes,delivery,-0.3559,-0.3559,0.0,False
8415,Subscription_Boxes,content,0.0,0.0,0.0,False
8415,Subscription_Boxes,quality,0.0,0.0,0.0,False
8415,Subscription_Boxes,price,0.0178,0.0178,0.0,False
8416,Subscription_Boxes,price,0.5574,0.5574,0.0,False
8419,Subscription_Boxes,content,0.4118,0.2023,-0.2095,True
8419,Subscription_Boxes,price,0.5513,0.45855,-0.09275,True
8421,Subscription_Boxes,content,0.6124,0.0,-0.6124,True
8421,Subscription_Boxes,price,0.6124,0.4588,-0.15360000000000007,True
8423,Subscription_Boxes,quality,0.658,0.658,0.0,False
8423,Subscription_Boxes,content,0.6751999999999999,0.6751999999999999,0.0,False
8424,Subscription_Boxes,content,0.9273,0.9273,0.0,False
8425,Subscription_Boxes,packaging,0.6369,0.6369,0.0,False
8428,Subscription_Boxes,billing,0.4648,0.4648,0.0,False
8428,Subscription_Boxes,price,0.58565,0.58565,0.0,False
8430,Subscription_Boxes,delivery,-0.8842,-0.8842,0.0,False
8430,Subscription_Boxes,packaging,-0.9215,-0.9215,0.0,False
8431,Subscription_Boxes,content,0.0,0.0,0.0,False
8431,Subscription_Boxes,quality,0.0,0.0,0.0,False
8431,Subscription_Boxes,price,0.0,0.0,0.0,False
8433,Subscription_Boxes,price,0.2263,0.2263,0.0,False
8437,Subscription_Boxes,content,0.7783,0.7783,0.0,False
8439,Subscription_Boxes,content,0.1805,0.3446,0.16410000000000002,True
8441,Subscription_Boxes,content,0.0,0.0,0.0,False
8444,Subscription_Boxes,content,0.4404,0.4404,0.0,False
8447,Subscription_Boxes,content,-0.1307,0.6369,0.7676000000000001,True
8448,Subscription_Boxes,content,-0.2548,-0.2548,0.0,False
8448,Subscription_Boxes,packaging,-0.1531,0.0,0.1531,True
8449,Subscription_Boxes,delivery,0.8271,0.8271,0.0,False
8451,Subscription_Boxes,content,0.3612,0.3612,0.0,False
8453,Subscription_Boxes,content,0.4019,0.4019,0.0,False
8456,Subscription_Boxes,content,0.22993333333333332,0.22993333333333332,0.0,False
8457,Subscription_Boxes,content,0.127225,0.127225,0.0,False
8458,Subscription_Boxes,content,0.7857000000000001,0.6488,-0.13690000000000002,True
8460,Subscription_Boxes,billing,0.0,0.0,0.0,False
8460,Subscription_Boxes,price,-0.0202,-0.0202,0.0,False
8460,Subscription_Boxes,packaging,0.0,0.0,0.0,False
8460,Subscription_Boxes,content,-0.006733333333333333,-0.006733333333333333,0.0,False
8461,Subscription_Boxes,content,0.8971,0.8971,0.0,False
8462,Subscription_Boxes,content,0.4753,0.4753,0.0,False
8463,Subscription_Boxes,billing,0.0,0.0,0.0,False
8463,Subscription_Boxes,quality,0.1027,0.1027,0.0,False
8463,Subscription_Boxes,price,0.0,0.0,0.0,False
8463,Subscription_Boxes,content,0.4303,0.4303,0.0,False
8465,Subscription_Boxes,quality,0.25,0.25,0.0,False
8465,Subscription_Boxes,content,0.5138499999999999,0.5138499999999999,0.0,False
8466,Subscription_Boxes,content,0.32909999999999995,0.32909999999999995,0.0,False
8467,Subscription_Boxes,content,0.6706,0.6706,0.0,False
8471,Subscription_Boxes,content,0.5423,0.5423,0.0,False
8473,Subscription_Boxes,advertising,0.3612,0.3612,0.0,False
8474,Subscription_Boxes,content,0.5093,0.5093,0.0,False
8474,Subscription_Boxes,price,0.31195,0.31195,0.0,False
8475,Subscription_Boxes,quality,0.6597,0.6597,0.0,False
8476,Subscription_Boxes,price,0.8519,0.8519,0.0,False
8477,Subscription_Boxes,delivery,0.2263,0.2263,0.0,False
8480,Subscription_Boxes,price,-0.33615,-0.32435,0.011799999999999977,True
8480,Subscription_Boxes,content,0.5267,0.5267,0.0,False
8481,Subscription_Boxes,price,0.1779,0.1779,0.0,False
8481,Subscription_Boxes,packaging,0.6124,0.6124,0.0,False
8483,Subscription_Boxes,price,0.7292333333333333,0.6784666666666667,-0.05076666666666663,True
8484,Subscription_Boxes,delivery,0.5719,0.5719,0.0,False
8484,Subscription_Boxes,quality,0.5719,0.5719,0.0,False
8486,Subscription_Boxes,delivery,0.4576,0.4576,0.0,False
8487,Subscription_Boxes,content,0.4767,0.4767,0.0,False
8487,Subscription_Boxes,quality,0.4767,0.4767,0.0,False
8487,Subscription_Boxes,delivery,0.4767,0.4767,0.0,False
8489,Subscription_Boxes,delivery,0.6652,0.6652,0.0,False
8489,Subscription_Boxes,packaging,0.6652,0.6652,0.0,False
8490,Subscription_Boxes,content,0.636,0.636,0.0,False
8491,Subscription_Boxes,quality,0.0,0.0,0.0,False
8491,Subscription_Boxes,content,0.30894000000000005,0.29891666666666666,-0.010023333333333384,True
8494,Subscription_Boxes,price,0.4386,0.4386,0.0,False
8494,Subscription_Boxes,content,0.5719,0.5719,0.0,False
8495,Subscription_Boxes,quality,0.6852,0.6852,0.0,False
8495,Subscription_Boxes,packaging,0.8777,0.8777,0.0,False
8497,Subscription_Boxes,content,0.0,0.0,0.0,False
8497,Subscription_Boxes,delivery,0.0,0.0,0.0,False
8497,Subscription_Boxes,price,0.6486,0.6486,0.0,False
8498,Subscription_Boxes,content,0.31503333333333333,0.31503333333333333,0.0,False
8498,Subscription_Boxes,quality,-0.1761,-0.1761,0.0,False
8498,Subscription_Boxes,price,-0.3724,-0.3724,0.0,False
8499,Subscription_Boxes,price,0.2263,0.2263,0.0,False
8500,Subscription_Boxes,quality,0.4404,0.4404,0.0,False
8501,Subscription_Boxes,price,-0.4939,-0.4939,0.0,False
8501,Subscription_Boxes,content,0.0,0.0,0.0,False
8507,Subscription_Boxes,billing,0.0,0.0,0.0,False
8507,Subscription_Boxes,price,0.1157,-0.1695,-0.2852,True
8511,Subscription_Boxes,price,0.34626666666666667,0.13396666666666665,-0.21230000000000002,True
8514,Subscription_Boxes,billing,0.1027,0.1027,0.0,False
8514,Subscription_Boxes,content,0.5346,0.7845,0.2499,True
8515,Subscription_Boxes,billing,-0.07104999999999999,-0.07104999999999999,0.0,False
8515,Subscription_Boxes,content,0.17,0.17,0.0,False
8515,Subscription_Boxes,price,-0.5242,-0.5242,0.0,False
8517,Subscription_Boxes,content,0.0,0.0,0.0,False
8517,Subscription_Boxes,price,0.0,0.0,0.0,False
8521,Subscription_Boxes,delivery,-0.4767,-0.4767,0.0,False
8521,Subscription_Boxes,content,-0.4767,-0.4767,0.0,False
8523,Subscription_Boxes,content,-0.0625,-0.0625,0.0,False
8524,Subscription_Boxes,delivery,0.6369,0.6369,0.0,False
8525,Subscription_Boxes,content,0.5994,0.5994,0.0,False
8526,Subscription_Boxes,content,0.5406,0.5406,0.0,False
8527,Subscription_Boxes,content,0.7402,0.7402,0.0,False
8528,Subscription_Boxes,content,0.7003,0.6249,-0.07540000000000002,True
8528,Subscription_Boxes,quality,0.7003,0.6249,-0.07540000000000002,True
8528,Subscription_Boxes,price,-0.0127,0.4404,0.4531,True
8529,Subscription_Boxes,content,-0.4939,-0.4939,0.0,False
8531,Subscription_Boxes,content,-0.08275,0.0,0.08275,True
8532,Subscription_Boxes,billing,0.0084,-0.3134,-0.32180000000000003,True
8534,Subscription_Boxes,price,-0.1695,-0.1695,0.0,False
8535,Subscription_Boxes,content,-0.4767,-0.4767,0.0,False
8540,Subscription_Boxes,quality,0.6249,0.6249,0.0,False
8542,Subscription_Boxes,advertising,0.0,0.0,0.0,False
8543,Subscription_Boxes,content,0.3818,0.3818,0.0,False
8544,Subscription_Boxes,content,0.07655,0.07655,0.0,False
8545,Subscription_Boxes,content,0.6588,0.6588,0.0,False
8546,Subscription_Boxes,content,0.7003,0.7003,0.0,False
8546,Subscription_Boxes,price,0.7003,0.7003,0.0,False
8547,Subscription_Boxes,content,0.21075,0.21075,0.0,False
8548,Subscription_Boxes,content,0.9774,0.9513,-0.026100000000000012,True
8551,Subscription_Boxes,quality,0.765,0.765,0.0,False
8551,Subscription_Boxes,content,0.1711,0.1711,0.0,False
8553,Subscription_Boxes,price,0.51535,0.51535,0.0,False
8553,Subscription_Boxes,content,0.6649,0.6649,0.0,False
8555,Subscription_Boxes,quality,0.29969999999999997,0.29969999999999997,0.0,False
8555,Subscription_Boxes,content,0.4215,0.4215,0.0,False
8556,Subscription_Boxes,delivery,-0.1556,-0.1556,0.0,False
8556,Subscription_Boxes,content,0.41960000000000003,0.41960000000000003,0.0,False
8557,Subscription_Boxes,content,-0.128,-0.128,0.0,False
8559,Subscription_Boxes,content,0.6369,0.6369,0.0,False
8560,Subscription_Boxes,billing,-0.25,-0.25,0.0,False
8560,Subscription_Boxes,content,-0.3875,-0.3875,0.0,False
8561,Subscription_Boxes,quality,-0.2508,0.4927,0.7435,True
8561,Subscription_Boxes,content,0.03369999999999998,0.15696666666666667,0.12326666666666669,True
8563,Subscription_Boxes,quality,0.0,0.0,0.0,False
8563,Subscription_Boxes,content,0.1952,0.1952,0.0,False
8566,Subscription_Boxes,delivery,0.2732,0.2732,0.0,False
8568,Subscription_Boxes,price,0.0,0.0,0.0,False
8568,Subscription_Boxes,content,0.0,0.0,0.0,False
8569,Subscription_Boxes,content,0.4404,0.4404,0.0,False
8573,Subscription_Boxes,content,0.5809,0.5809,0.0,False
8573,Subscription_Boxes,customer_service,0.0,0.0,0.0,False
8575,Subscription_Boxes,content,0.39095,0.39095,0.0,False
8576,Subscription_Boxes,content,0.0,0.0,0.0,False
8578,Subscription_Boxes,content,-0.3612,-0.3612,0.0,False
8579,Subscription_Boxes,billing,-0.25,-0.25,0.0,False
8579,Subscription_Boxes,content,-0.14049999999999999,-0.14049999999999999,0.0,False
8579,Subscription_Boxes,delivery,-0.25,-0.25,0.0,False
8580,Subscription_Boxes,quality,0.7003,0.7003,0.0,False
8580,Subscription_Boxes,content,0.175075,0.175075,0.0,False
8582,Subscription_Boxes,content,0.5023666666666667,0.5023666666666667,0.0,False
8583,Subscription_Boxes,content,0.9517,0.9517,0.0,False
8584,Subscription_Boxes,delivery,0.636,0.636,0.0,False
8584,Subscription_Boxes,content,0.3612,0.3612,0.0,False
8585,Subscription_Boxes,quality,0.9263,0.9263,0.0,False
8585,Subscription_Boxes,content,0.82515,0.82515,0.0,False
8587,Subscription_Boxes,price,-0.1695,-0.1695,0.0,False
8587,Subscription_Boxes,content,0.0,0.0,0.0,False
8589,Subscription_Boxes,content,0.5592666666666667,0.23046666666666668,-0.3288,True
8590,Subscription_Boxes,quality,0.4404,0.4404,0.0,False
8593,Subscription_Boxes,billing,-0.25,-0.25,0.0,False
8593,Subscription_Boxes,content,0.29955,0.1997,-0.09985,True
8594,Subscription_Boxes,billing,0.0772,0.0772,0.0,False
8594,Subscription_Boxes,content,0.0,0.0,0.0,False
8596,Subscription_Boxes,content,0.5387333333333334,0.5129333333333334,-0.025800000000000045,True
8597,Subscription_Boxes,advertising,0.0,0.0,0.0,False
8598,Subscription_Boxes,price,0.02789999999999998,0.02789999999999998,0.0,False
8599,Subscription_Boxes,content,0.8176,0.8176,0.0,False
8599,Subscription_Boxes,quality,0.8176,0.8176,0.0,False
8599,Subscription_Boxes,packaging,0.8176,0.8176,0.0,False
8601,Subscription_Boxes,content,0.765,0.765,0.0,False
8603,Subscription_Boxes,content,0.8832,0.8832,0.0,False
8603,Subscription_Boxes,packaging,0.4833,0.4833,0.0,False
8607,Subscription_Boxes,price,0.3182,0.3182,0.0,False
8609,Subscription_Boxes,price,0.0,0.0,0.0,False
8612,Subscription_Boxes,delivery,-0.2006,-0.2006,0.0,False
8612,Subscription_Boxes,packaging,-0.2006,-0.2006,0.0,False
8612,Subscription_Boxes,price,0.7506,0.7506,0.0,False
8612,Subscription_Boxes,content,0.4577,0.4577,0.0,False
8614,Subscription_Boxes,delivery,0.34,0.34,0.0,False
8614,Subscription_Boxes,packaging,0.1806,0.1806,0.0,False
8615,Subscription_Boxes,content,0.872,0.872,0.0,False
8617,Subscription_Boxes,delivery,-0.0498,-0.0498,0.0,False
8618,Subscription_Boxes,content,0.2057,0.2057,0.0,False
8619,Subscription_Boxes,advertising,0.5563,0.5563,0.0,False
8619,Subscription_Boxes,quality,-0.148,-0.148,0.0,False
8619,Subscription_Boxes,packaging,-0.03484999999999999,-0.03484999999999999,0.0,False
8620,Subscription_Boxes,price,0.0,0.0,0.0,False
8621,Subscription_Boxes,content,0.4404,0.4404,0.0,False
8621,Subscription_Boxes,packaging,0.5244,0.5244,0.0,False
8622,Subscription_Boxes,packaging,0.5719,0.5719,0.0,False
8625,Subscription_Boxes,packaging,0.5562,0.5562,0.0,False
8627,Subscription_Boxes,content,0.0,0.0,0.0,False
8629,Subscription_Boxes,content,0.5859,0.5859,0.0,False
8632,Subscription_Boxes,content,0.0,0.0,0.0,False
8633,Subscription_Boxes,content,0.5562,0.5562,0.0,False
8633,Subscription_Boxes,price,0.5562,0.5562,0.0,False
8635,Subscription_Boxes,content,0.6124,0.0,-0.6124,True
8636,Subscription_Boxes,price,0.0,0.0,0.0,False
8637,Subscription_Boxes,content,0.31845,0.31845,0.0,False
8638,Subscription_Boxes,content,0.1531,0.1531,0.0,False
8638,Subscription_Boxes,quality,-0.8394,-0.8394,0.0,False
8638,Subscription_Boxes,delivery,0.0,0.0,0.0,False
8639,Subscription_Boxes,billing,0.0,0.0,0.0,False
8639,Subscription_Boxes,packaging,0.2887,0.2887,0.0,False
8640,Subscription_Boxes,content,0.2263,0.2263,0.0,False
8640,Subscription_Boxes,price,0.2263,0.2263,0.0,False
8641,Subscription_Boxes,quality,0.0,0.0,0.0,False
8641,Subscription_Boxes,content,-0.1386,-0.1386,0.0,False
8643,Subscription_Boxes,content,0.7974,0.7974,0.0,False
8644,Subscription_Boxes,content,0.0,0.0,0.0,False
8645,Subscription_Boxes,content,0.6879,0.6879,0.0,False
8652,Subscription_Boxes,content,0.54095,0.54095,0.0,False
8654,Subscription_Boxes,content,0.8519,0.8519,0.0,False
8657,Subscription_Boxes,content,0.0,0.0,0.0,False
8658,Subscription_Boxes,delivery,0.4033,-0.2944,-0.6977,True
8658,Subscription_Boxes,content,0.20165,0.10166666666666668,-0.09998333333333331,True
8661,Subscription_Boxes,price,0.0,0.0,0.0,False
8663,Subscription_Boxes,billing,-0.1779,-0.1779,0.0,False
8663,Subscription_Boxes,content,-0.1779,-0.1779,0.0,False
8664,Subscription_Boxes,quality,0.0,0.0,0.0,False
8665,Subscription_Boxes,billing,0.0,0.0,0.0,False
8665,Subscription_Boxes,content,0.135275,0.0,-0.135275,True
8665,Subscription_Boxes,price,0.0,0.0,0.0,False
8666,Subscription_Boxes,quality,0.8402,0.8402,0.0,False
8667,Subscription_Boxes,content,0.83395,0.83395,0.0,False
8667,Subscription_Boxes,quality,0.802,0.802,0.0,False
8667,Subscription_Boxes,price,0.802,0.802,0.0,False
8669,Subscription_Boxes,content,0.474,0.474,0.0,False
8670,Subscription_Boxes,price,-0.4939,-0.4939,0.0,False
8670,Subscription_Boxes,content,-0.24695,-0.24695,0.0,False
8671,Subscription_Boxes,content,0.5994,0.5994,0.0,False
8671,Subscription_Boxes,packaging,0.7184,0.7184,0.0,False
8674,Subscription_Boxes,delivery,0.5334,0.5334,0.0,False
8678,Subscription_Boxes,billing,0.2396,-0.4487,-0.6883,True
8678,Subscription_Boxes,content,0.2396,0.5994,0.3598,True
8681,Subscription_Boxes,billing,-0.1511,-0.1511,0.0,False
8685,Subscription_Boxes,content,0.636,0.636,0.0,False
8688,Subscription_Boxes,content,0.9386,0.8143,-0.12429999999999997,True
8689,Subscription_Boxes,content,0.40080000000000005,0.40080000000000005,0.0,False
8690,Subscription_Boxes,delivery,0.0,0.0,0.0,False
8690,Subscription_Boxes,content,0.4504333333333334,0.4504333333333334,0.0,False
8694,Subscription_Boxes,content,0.5418,0.7902,0.24840000000000007,True
8695,Subscription_Boxes,content,0.7463,0.0,-0.7463,True
8696,Subscription_Boxes,content,0.19300000000000003,0.2990666666666667,0.10606666666666667,True
8696,Subscription_Boxes,quality,0.3612,0.3612,0.0,False
8696,Subscription_Boxes,price,0.1406,-0.0772,-0.2178,True
8697,Subscription_Boxes,content,0.4753,0.4753,0.0,False
8698,Subscription_Boxes,content,0.0,0.0,0.0,False
8702,Subscription_Boxes,content,0.10235,0.10235,0.0,False
8702,Subscription_Boxes,quality,0.0,0.0,0.0,False
8702,Subscription_Boxes,price,0.4939,0.4939,0.0,False
8703,Subscription_Boxes,price,-0.6461,-0.6461,0.0,False
8703,Subscription_Boxes,content,-0.4588,-0.4588,0.0,False
8704,Subscription_Boxes,quality,-0.126,0.4404,0.5664,True
8704,Subscription_Boxes,content,-0.126,0.4404,0.5664,True
8705,Subscription_Boxes,content,0.0772,0.0772,0.0,False
8705,Subscription_Boxes,price,-0.2369,-0.2369,0.0,False
8708,Subscription_Boxes,price,0.4404,0.4404,0.0,False
8709,Subscription_Boxes,content,0.20716666666666664,-0.15796666666666667,-0.3651333333333333,True
8710,Subscription_Boxes,content,0.8591,0.8591,0.0,False
8711,Subscription_Boxes,content,0.5651,0.5651,0.0,False
8713,Subscription_Boxes,content,0.1027,0.2023,0.09960000000000001,True
8714,Subscription_Boxes,billing,0.0864,-0.1636,-0.25,True
8714,Subscription_Boxes,quality,0.2732,0.2732,0.0,False
8714,Subscription_Boxes,packaging,0.2732,0.2732,0.0,False
8714,Subscription_Boxes,delivery,0.08342499999999997,0.08342499999999997,0.0,False
8714,Subscription_Boxes,price,-0.1244,-0.1244,0.0,False
8714,Subscription_Boxes,content,-0.0772,-0.0772,0.0,False
8716,Subscription_Boxes,price,0.7579,0.7579,0.0,False
8716,Subscription_Boxes,packaging,0.0,0.0,0.0,False
8719,Subscription_Boxes,content,0.14049999999999999,0.14049999999999999,0.0,False
8719,Subscription_Boxes,price,0.0,0.0,0.0,False
8720,Subscription_Boxes,price,-0.1695,-0.1695,0.0,False
8721,Subscription_Boxes,content,0.0,0.0,0.0,False
8721,Subscription_Boxes,customer_service,0.0,0.0,0.0,False
8723,Subscription_Boxes,content,0.4041,0.328,-0.0761,True
8724,Subscription_Boxes,content,0.29635,0.0,-0.29635,True
8726,Subscription_Boxes,price,0.4995,0.4995,0.0,False
8729,Subscription_Boxes,content,0.6309,0.6309,0.0,False
8732,Subscription_Boxes,quality,-0.5423,-0.5423,0.0,False
8733,Subscription_Boxes,billing,-0.3818,-0.3818,0.0,False
8733,Subscription_Boxes,customer_service,0.0,0.0,0.0,False
8733,Subscription_Boxes,price,-0.5639,-0.5639,0.0,False
8733,Subscription_Boxes,content,-0.5639,-0.5639,0.0,False
8734,Subscription_Boxes,price,0.25,0.4588,0.20879999999999999,True
8736,Subscription_Boxes,quality,-0.050949999999999995,-0.050949999999999995,0.0,False
8737,Subscription_Boxes,content,0.765,0.765,0.0,False
8737,Subscription_Boxes,delivery,0.4939,0.4939,0.0,False
8737,Subscription_Boxes,packaging,0.4939,0.4939,0.0,False
8741,Subscription_Boxes,content,0.0,0.0,0.0,False
8742,Subscription_Boxes,billing,-0.25,-0.25,0.0,False
8743,Subscription_Boxes,delivery,-0.29124999999999995,-0.29124999999999995,0.0,False
8743,Subscription_Boxes,content,0.4215,0.4215,0.0,False
8744,Subscription_Boxes,customer_service,0.0,0.0,0.0,False
8744,Subscription_Boxes,delivery,0.5719,0.5719,0.0,False
8744,Subscription_Boxes,quality,0.5719,0.5719,0.0,False
8744,Subscription_Boxes,content,0.28595,0.28595,0.0,False
8745,Subscription_Boxes,delivery,0.8316,0.8316,0.0,False
8747,Subscription_Boxes,content,0.7163,0.7163,0.0,False
8749,Subscription_Boxes,content,0.6219,0.6219,0.0,False
8750,Subscription_Boxes,price,0.6249,0.6249,0.0,False
8753,Subscription_Boxes,quality,-0.7346,-0.7346,0.0,False
8753,Subscription_Boxes,price,-0.7346,-0.7346,0.0,False
8755,Subscription_Boxes,billing,-0.3164,-0.3164,0.0,False
8755,Subscription_Boxes,content,0.4199,0.4199,0.0,False
8755,Subscription_Boxes,price,0.484,0.484,0.0,False
8756,Subscription_Boxes,content,0.8316,0.8316,0.0,False
8758,Subscription_Boxes,content,-0.1531,-0.1531,0.0,False
8759,Subscription_Boxes,content,0.817,0.817,0.0,False
8760,Subscription_Boxes,content,0.5301,0.5301,0.0,False
8761,Subscription_Boxes,content,0.5994,0.5994,0.0,False
8763,Subscription_Boxes,quality,0.4404,0.4404,0.0,False
8763,Subscription_Boxes,price,0.4404,0.4404,0.0,False
8764,Subscription_Boxes,content,0.0,0.0,0.0,False
8764,Subscription_Boxes,price,0.0,0.0,0.0,False
8765,Subscription_Boxes,price,0.3818,0.0,-0.3818,True
8767,Subscription_Boxes,content,0.30583333333333335,0.30583333333333335,0.0,False
8768,Subscription_Boxes,billing,-0.3322,-0.3322,0.0,False
8768,Subscription_Boxes,price,0.5574,0.5574,0.0,False
8769,Subscription_Boxes,content,-0.2755,-0.2755,0.0,False
8769,Subscription_Boxes,price,-0.2755,-0.2755,0.0,False
8771,Subscription_Boxes,quality,0.0,0.0,0.0,False
8771,Subscription_Boxes,content,0.7125,0.7125,0.0,False
8773,Subscription_Boxes,quality,0.296,0.0516,-0.24439999999999998,True
8773,Subscription_Boxes,content,0.296,0.23654999999999998,-0.05945,True
8776,Subscription_Boxes,billing,-0.1695,-0.1695,0.0,False
8776,Subscription_Boxes,quality,-0.1695,-0.1695,0.0,False
8776,Subscription_Boxes,price,0.8151,0.5859,-0.22920000000000007,True
8776,Subscription_Boxes,content,0.3044,0.3044,0.0,False
8777,Subscription_Boxes,billing,0.4767,0.4767,0.0,False
8777,Subscription_Boxes,content,0.08310000000000002,0.08310000000000002,0.0,False
8780,Subscription_Boxes,price,0.7964,0.7964,0.0,False
8780,Subscription_Boxes,content,0.77165,0.6979,-0.07374999999999998,True
8781,Subscription_Boxes,quality,0.8402,0.8402,0.0,False
8781,Subscription_Boxes,customer_service,0.8402,0.8402,0.0,False
8782,Subscription_Boxes,delivery,-0.7876,-0.6486,0.139,True
8785,Subscription_Boxes,billing,0.5837,0.5837,0.0,False
8786,Subscription_Boxes,content,0.5386500000000001,0.5386500000000001,0.0,False
8787,Subscription_Boxes,content,0.0,0.0,0.0,False
8789,Subscription_Boxes,content,-0.0516,-0.0516,0.0,False
8790,Subscription_Boxes,quality,0.4404,0.4404,0.0,False
8791,Subscription_Boxes,content,0.5264,0.5264,0.0,False
8792,Subscription_Boxes,content,0.5994,0.5994,0.0,False
8793,Subscription_Boxes,content,0.765,0.765,0.0,False
8797,Subscription_Boxes,content,0.7177,0.7177,0.0,False
8800,Subscription_Boxes,price,0.3134,0.3134,0.0,False
8800,Subscription_Boxes,content,0.00292499999999999,0.077875,0.07495000000000002,True
8801,Subscription_Boxes,quality,0.6908,0.6908,0.0,False
8804,Subscription_Boxes,content,0.9136,0.9136,0.0,False
8804,Subscription_Boxes,quality,0.9136,0.9136,0.0,False
8804,Subscription_Boxes,price,0.9136,0.9136,0.0,False
8805,Subscription_Boxes,content,0.4019,0.4019,0.0,False
8806,Subscription_Boxes,billing,-0.6761,-0.3724,0.3037,True
8806,Subscription_Boxes,customer_service,0.4019,0.4019,0.0,False
8806,Subscription_Boxes,price,-0.4203,-0.4203,0.0,False
8806,Subscription_Boxes,content,-0.6761,-0.4588,0.21730000000000005,True
8807,Subscription_Boxes,advertising,0.4019,0.4019,0.0,False
8807,Subscription_Boxes,content,0.1263,0.1263,0.0,False
8807,Subscription_Boxes,delivery,0.0772,0.0772,0.0,False
8809,Subscription_Boxes,customer_service,-0.765,-0.765,0.0,False
8811,Subscription_Boxes,content,0.0,0.0,0.0,False
8812,Subscription_Boxes,content,0.7105,0.7105,0.0,False
8814,Subscription_Boxes,delivery,0.8316,0.8316,0.0,False
8815,Subscription_Boxes,content,0.31845,0.31845,0.0,False
8816,Subscription_Boxes,delivery,-0.2124,-0.2124,0.0,False
8816,Subscription_Boxes,customer_service,-0.6133,-0.6133,0.0,False
8817,Subscription_Boxes,content,0.5623,0.5623,0.0,False
8818,Subscription_Boxes,quality,0.8176,0.8176,0.0,False
8818,Subscription_Boxes,content,0.8176,0.8176,0.0,False
8819,Subscription_Boxes,quality,0.4404,0.4404,0.0,False
8819,Subscription_Boxes,content,0.2202,0.2202,0.0,False
8820,Subscription_Boxes,content,0.8807,0.8807,0.0,False
8821,Subscription_Boxes,content,0.6478,0.6478,0.0,False
8821,Subscription_Boxes,delivery,-0.128,-0.128,0.0,False
8821,Subscription_Boxes,price,0.0,0.0,0.0,False
8822,Subscription_Boxes,content,0.20095,0.20095,0.0,False
8825,Subscription_Boxes,content,0.5719,0.5719,0.0,False
8826,Subscription_Boxes,content,-0.4557,-0.4215,0.03420000000000001,True
8826,Subscription_Boxes,price,-0.355,-0.07463333333333333,0.28036666666666665,True
8827,Subscription_Boxes,content,0.0,0.0,0.0,False
8827,Subscription_Boxes,quality,0.8807,0.8807,0.0,False
8827,Subscription_Boxes,delivery,0.4404,0.4404,0.0,False
8829,Subscription_Boxes,content,0.6486,0.6486,0.0,False
8830,Subscription_Boxes,delivery,0.0,0.0,0.0,False
8830,Subscription_Boxes,price,0.0775,-0.1695,-0.247,True
8830,Subscription_Boxes,packaging,0.0775,0.5574,0.4799,True
8830,Subscription_Boxes,content,0.3409,0.7787,0.43779999999999997,True
8831,Subscription_Boxes,billing,-0.5719,-0.7351,-0.1632,True
8831,Subscription_Boxes,content,-0.08451999999999998,-0.11715999999999997,-0.03263999999999999,True
8832,Subscription_Boxes,content,-0.296,-0.296,0.0,False
8832,Subscription_Boxes,price,0.891,0.891,0.0,False
8834,Subscription_Boxes,content,-0.6808,-0.6808,0.0,False
8834,Subscription_Boxes,customer_service,-0.2369,-0.2369,0.0,False
8835,Subscription_Boxes,content,0.3592,0.3592,0.0,False
8836,Subscription_Boxes,delivery,0.0,0.0,0.0,False
8837,Subscription_Boxes,advertising,-0.296,-0.296,0.0,False
8838,Subscription_Boxes,price,0.9184,0.9184,0.0,False
8839,Subscription_Boxes,content,0.0,0.0,0.0,False
8839,Subscription_Boxes,packaging,0.4215,0.4215,0.0,False
8844,Subscription_Boxes,content,0.6908,0.6908,0.0,False
8844,Subscription_Boxes,price,0.6908,0.6908,0.0,False
8845,Subscription_Boxes,quality,0.4404,0.4404,0.0,False
8846,Subscription_Boxes,content,0.0,0.0,0.0,False
8846,Subscription_Boxes,packaging,0.0,0.0,0.0,False
8848,Subscription_Boxes,price,0.9217,0.9217,0.0,False
8849,Subscription_Boxes,quality,0.807,0.807,0.0,False
8849,Subscription_Boxes,content,0.807,0.807,0.0,False
8850,Subscription_Boxes,content,0.6249,0.6249,0.0,False
8850,Subscription_Boxes,quality,0.0,0.0,0.0,False
8850,Subscription_Boxes,delivery,0.0,0.0,0.0,False
8854,Subscription_Boxes,quality,0.7346,0.7346,0.0,False
8855,Subscription_Boxes,delivery,0.8596,0.8596,0.0,False
8856,Subscription_Boxes,content,0.3036,0.3036,0.0,False
8856,Subscription_Boxes,price,0.3036,0.3036,0.0,False
8857,Subscription_Boxes,billing,-0.567,-0.567,0.0,False
8857,Subscription_Boxes,content,-0.22149999999999997,-0.028199999999999947,0.19330000000000003,True
8858,Subscription_Boxes,content,0.6249,0.6249,0.0,False
8859,Subscription_Boxes,price,0.7684,0.7783,0.00990000000000002,True
8861,Subscription_Boxes,content,0.8268,0.8268,0.0,False
8862,Subscription_Boxes,content,-0.34750000000000003,-0.34750000000000003,0.0,False
8863,Subscription_Boxes,quality,-0.296,-0.296,0.0,False
8864,Subscription_Boxes,price,0.0261,-0.1695,-0.19560000000000002,True
8866,Subscription_Boxes,quality,0.6249,0.6249,0.0,False
8866,Subscription_Boxes,content,0.6249,0.6249,0.0,False
8869,Subscription_Boxes,content,0.0,0.0,0.0,False
8869,Subscription_Boxes,quality,-0.2057,-0.2057,0.0,False
8869,Subscription_Boxes,packaging,0.0,0.0,0.0,False
8872,Subscription_Boxes,quality,0.9732,0.9732,0.0,False
8872,Subscription_Boxes,content,0.9732,0.9732,0.0,False
8873,Subscription_Boxes,billing,-0.015175000000000008,-0.07296000000000001,-0.057785,True
8873,Subscription_Boxes,customer_service,-0.4599,-0.4599,0.0,False
8873,Subscription_Boxes,price,-0.0258,-0.0258,0.0,False
8874,Subscription_Boxes,content,0.0,0.0,0.0,False
8876,Subscription_Boxes,content,0.8555,0.8555,0.0,False
8877,Subscription_Boxes,content,0.6124,0.4588,-0.15360000000000007,True
8879,Subscription_Boxes,quality,0.4215,0.4215,0.0,False
8879,Subscription_Boxes,content,0.01529999999999998,0.01529999999999998,0.0,False
8880,Subscription_Boxes,quality,0.0,0.0,0.0,False
8880,Subscription_Boxes,content,-0.31224999999999997,-0.31224999999999997,0.0,False
8883,Subscription_Boxes,content,0.4588,0.4588,0.0,False
8884,Subscription_Boxes,content,0.0,0.0,0.0,False
8886,Subscription_Boxes,billing,0.128,0.128,0.0,False
8886,Subscription_Boxes,delivery,0.128,0.128,0.0,False
8886,Subscription_Boxes,price,0.0,0.0,0.0,False
8888,Subscription_Boxes,billing,0.0,0.0,0.0,False
8888,Subscription_Boxes,quality,0.3291,0.0,-0.3291,True
8888,Subscription_Boxes,packaging,0.3291,0.5719,0.24279999999999996,True
8888,Subscription_Boxes,content,-0.06549999999999999,-0.1752,-0.1097,True
8889,Subscription_Boxes,billing,-0.128,-0.128,0.0,False
8889,Subscription_Boxes,content,0.4588,0.4588,0.0,False
8889,Subscription_Boxes,price,0.0,0.0,0.0,False
8890,Subscription_Boxes,quality,0.47204999999999997,0.47204999999999997,0.0,False
8890,Subscription_Boxes,delivery,0.3078,0.3078,0.0,False
8890,Subscription_Boxes,price,0.3078,0.3078,0.0,False
8890,Subscription_Boxes,content,0.5992,0.5992,0.0,False
8891,Subscription_Boxes,content,0.5700666666666667,0.5700666666666667,0.0,False
8892,Subscription_Boxes,content,0.7777,0.7777,0.0,False
8892,Subscription_Boxes,packaging,0.2732,0.2732,0.0,False
8895,Subscription_Boxes,billing,-0.154,-0.25,-0.096,True
8895,Subscription_Boxes,content,-0.154,-0.25,-0.096,True
8896,Subscription_Boxes,price,0.5267,0.5267,0.0,False
8896,Subscription_Boxes,packaging,0.128,0.128,0.0,False
8897,Subscription_Boxes,price,0.0,0.0,0.0,False
8897,Subscription_Boxes,content,0.20796666666666672,0.21745000000000003,0.009483333333333316,True
8898,Subscription_Boxes,content,0.1154,0.4215,0.3061,True
8899,Subscription_Boxes,content,-0.24405,-0.04993333333333333,0.19411666666666666,True
8902,Subscription_Boxes,quality,0.2263,0.2263,0.0,False
8902,Subscription_Boxes,content,0.0,0.0,0.0,False
8907,Subscription_Boxes,quality,0.0,0.0,0.0,False
8907,Subscription_Boxes,packaging,0.4939,0.4939,0.0,False
8907,Subscription_Boxes,price,0.0,0.0,0.0,False
8907,Subscription_Boxes,content,0.0,0.0,0.0,False
8909,Subscription_Boxes,billing,0.0772,0.0772,0.0,False
8912,Subscription_Boxes,billing,0.0258,0.0258,0.0,False
8918,Subscription_Boxes,content,0.636,0.636,0.0,False
8919,Subscription_Boxes,content,0.6249,0.6249,0.0,False
8920,Subscription_Boxes,price,-0.1695,-0.1695,0.0,False
8921,Subscription_Boxes,price,-0.7501,-0.7501,0.0,False
8921,Subscription_Boxes,content,-0.43865000000000004,-0.43865000000000004,0.0,False
8922,Subscription_Boxes,price,0.2263,0.2263,0.0,False
8923,Subscription_Boxes,price,0.6249,0.6249,0.0,False
8924,Subscription_Boxes,content,0.3612,0.3612,0.0,False
8924,Subscription_Boxes,price,-0.4754,-0.4754,0.0,False
8926,Subscription_Boxes,billing,-0.25,-0.25,0.0,False
8926,Subscription_Boxes,content,0.0,0.0,0.0,False
8926,Subscription_Boxes,price,0.4939,0.4939,0.0,False
8927,Subscription_Boxes,content,0.6249,0.6249,0.0,False
8928,Subscription_Boxes,billing,0.5775,0.5775,0.0,False
8930,Subscription_Boxes,content,0.0,0.0,0.0,False
8932,Subscription_Boxes,content,0.0,0.0,0.0,False
8933,Subscription_Boxes,delivery,-0.4939,-0.4939,0.0,False
8937,Subscription_Boxes,delivery,-0.16215,0.0,0.16215,True
8937,Subscription_Boxes,price,0.8628,0.6910000000000001,-0.17179999999999995,True
8938,Subscription_Boxes,content,0.4404,0.4404,0.0,False
8939,Subscription_Boxes,billing,-0.3009,-0.3009,0.0,False
8940,Subscription_Boxes,quality,0.5588,0.5588,0.0,False
8941,Subscription_Boxes,content,0.058750000000000024,0.058750000000000024,0.0,False
8942,Subscription_Boxes,quality,0.50025,0.50025,0.0,False
8943,Subscription_Boxes,packaging,-0.2584,-0.2584,0.0,False
8944,Subscription_Boxes,billing,-0.6486,-0.6486,0.0,False
8944,Subscription_Boxes,quality,0.34,0.34,0.0,False
8944,Subscription_Boxes,price,-0.4852,-0.1695,0.3157,True
8944,Subscription_Boxes,content,0.17,0.17,0.0,False
8946,Subscription_Boxes,content,0.51655,0.51655,0.0,False
8947,Subscription_Boxes,delivery,0.636,0.636,0.0,False
8947,Subscription_Boxes,price,0.0,0.0,0.0,False
8948,Subscription_Boxes,content,-0.5423,-0.5423,0.0,False
8948,Subscription_Boxes,customer_service,-0.34,-0.34,0.0,False
8951,Subscription_Boxes,content,0.6815,0.6815,0.0,False
8951,Subscription_Boxes,packaging,0.6815,0.6815,0.0,False
8951,Subscription_Boxes,price,0.75625,0.75625,0.0,False
8952,Subscription_Boxes,content,0.6486,0.6486,0.0,False
8953,Subscription_Boxes,content,0.0,0.0,0.0,False
8954,Subscription_Boxes,advertising,-0.5106,-0.5106,0.0,False
8954,Subscription_Boxes,billing,0.4019,0.4019,0.0,False
8955,Subscription_Boxes,billing,-0.25,-0.25,0.0,False
8955,Subscription_Boxes,content,-0.0504,-0.1935,-0.1431,True
8957,Subscription_Boxes,content,0.49269999999999997,0.49269999999999997,0.0,False
8958,Subscription_Boxes,content,0.3856,0.3856,0.0,False
8958,Subscription_Boxes,quality,0.0,0.0,0.0,False
8958,Subscription_Boxes,price,0.4588,0.4588,0.0,False
8962,Subscription_Boxes,content,0.29232,0.29232,0.0,False
8962,Subscription_Boxes,quality,0.4404,0.4404,0.0,False
8962,Subscription_Boxes,price,0.0,0.0,0.0,False
8963,Subscription_Boxes,content,0.2269,0.0,-0.2269,True
8963,Subscription_Boxes,packaging,0.4538,0.4927,0.038900000000000046,True
8964,Subscription_Boxes,content,0.4754,0.4754,0.0,False
8965,Subscription_Boxes,content,0.5927,0.4404,-0.1523,True
8965,Subscription_Boxes,quality,-0.4037,-0.3412,0.0625,True
8965,Subscription_Boxes,price,0.0,0.0,0.0,False
8966,Subscription_Boxes,content,0.6908,0.6908,0.0,False
8967,Subscription_Boxes,content,-0.1531,-0.1531,0.0,False
8969,Subscription_Boxes,content,0.8832,0.8832,0.0,False
8972,Subscription_Boxes,price,-0.4215,-0.4215,0.0,False
8973,Subscription_Boxes,delivery,0.6930000000000001,0.6930000000000001,0.0,False
8973,Subscription_Boxes,content,0.6930000000000001,0.6930000000000001,0.0,False
8974,Subscription_Boxes,content,-0.296,-0.296,0.0,False
8977,Subscription_Boxes,content,0.5994,0.5994,0.0,False
8981,Subscription_Boxes,content,0.43224,0.43224,0.0,False
8982,Subscription_Boxes,delivery,0.832,0.832,0.0,False
8982,Subscription_Boxes,quality,0.832,0.832,0.0,False
8985,Subscription_Boxes,content,0.8827,0.8827,0.0,False
8988,Subscription_Boxes,billing,0.1877,0.1877,0.0,False
8988,Subscription_Boxes,price,-0.1695,-0.1695,0.0,False
8989,Subscription_Boxes,delivery,-0.296,-0.296,0.0,False
8990,Subscription_Boxes,content,0.2732,0.4939,0.2207,True
8991,Subscription_Boxes,content,0.5629500000000001,0.5629500000000001,0.0,False
8992,Subscription_Boxes,content,0.6369,0.6369,0.0,False
8992,Subscription_Boxes,packaging,0.6369,0.6369,0.0,False
8994,Subscription_Boxes,content,0.59605,0.5199,-0.07614999999999994,True
8996,Subscription_Boxes,billing,0.1761,0.1761,0.0,False
8996,Subscription_Boxes,content,0.7717,0.7717,0.0,False
8998,Subscription_Boxes,delivery,-0.1695,-0.1695,0.0,False
8998,Subscription_Boxes,price,0.2263,0.2263,0.0,False
9004,Subscription_Boxes,content,-0.3818,-0.3818,0.0,False
9004,Subscription_Boxes,price,-0.3818,-0.3818,0.0,False
9007,Subscription_Boxes,content,0.3182,0.3182,0.0,False
9008,Subscription_Boxes,delivery,0.0,0.0,0.0,False
9008,Subscription_Boxes,content,0.16463333333333333,0.16463333333333333,0.0,False
9009,Subscription_Boxes,price,-0.4215,-0.4215,0.0,False
9010,Subscription_Boxes,content,0.0,0.0,0.0,False
9011,Subscription_Boxes,content,0.1531,0.1531,0.0,False
9011,Subscription_Boxes,customer_service,0.5719,0.5719,0.0,False
9011,Subscription_Boxes,packaging,0.7783,0.7783,0.0,False
9012,Subscription_Boxes,billing,-0.25,-0.25,0.0,False
9012,Subscription_Boxes,content,-0.0258,-0.0258,0.0,False
9012,Subscription_Boxes,price,-0.0086,-0.0086,0.0,False
9014,Subscription_Boxes,packaging,0.6106,0.6106,0.0,False
9015,Subscription_Boxes,content,0.8644499999999999,0.8644499999999999,0.0,False
9015,Subscription_Boxes,price,0.6249,0.6249,0.0,False
9016,Subscription_Boxes,quality,-0.3412,-0.3412,0.0,False
9016,Subscription_Boxes,content,-0.5423,-0.5423,0.0,False
9017,Subscription_Boxes,price,-0.1695,-0.1695,0.0,False
9017,Subscription_Boxes,packaging,-0.1695,-0.1695,0.0,False
9018,Subscription_Boxes,billing,0.1779,0.1779,0.0,False
9018,Subscription_Boxes,content,-0.0258,-0.0516,-0.0258,True
9019,Subscription_Boxes,quality,0.5719,0.5719,0.0,False
9019,Subscription_Boxes,content,0.5719,0.5719,0.0,False
9020,Subscription_Boxes,price,0.4588,0.4588,0.0,False
9021,Subscription_Boxes,content,0.4019,0.4019,0.0,False
9021,Subscription_Boxes,packaging,0.4215,0.4215,0.0,False
9022,Subscription_Boxes,customer_service,0.0,0.0,0.0,False
9022,Subscription_Boxes,delivery,0.0258,0.0258,0.0,False
9022,Subscription_Boxes,price,0.5927,0.0,-0.5927,True
9022,Subscription_Boxes,content,0.2144,0.0,-0.2144,True
9024,Subscription_Boxes,content,0.0,0.0,0.0,False
9027,Subscription_Boxes,quality,0.6369,0.6369,0.0,False
9028,Subscription_Boxes,content,0.8779,0.8779,0.0,False
9029,Subscription_Boxes,price,0.4588,0.4588,0.0,False
9029,Subscription_Boxes,content,0.2263,0.2263,0.0,False
9031,Subscription_Boxes,content,0.10115,0.1909,0.08974999999999998,True
9031,Subscription_Boxes,packaging,0.7932,0.7932,0.0,False
9033,Subscription_Boxes,billing,0.3818,0.3818,0.0,False
9035,Subscription_Boxes,content,0.0,0.0,0.0,False
9037,Subscription_Boxes,content,0.31845,0.31845,0.0,False
9037,Subscription_Boxes,customer_service,0.6249,0.6249,0.0,False
9038,Subscription_Boxes,content,0.5719,0.5719,0.0,False
9040,Subscription_Boxes,content,0.3612,0.3612,0.0,False
9040,Subscription_Boxes,price,0.3612,0.3612,0.0,False
9041,Subscription_Boxes,content,0.6249,0.6249,0.0,False
9043,Subscription_Boxes,delivery,0.6369,0.6369,0.0,False
9044,Subscription_Boxes,delivery,0.74705,0.64395,-0.10309999999999997,True
9046,Subscription_Boxes,billing,0.0,0.0,0.0,False
9046,Subscription_Boxes,content,0.4404,0.4404,0.0,False
9046,Subscription_Boxes,price,0.0,0.0,0.0,False
9047,Subscription_Boxes,delivery,-0.3182,-0.3182,0.0,False
9048,Subscription_Boxes,content,0.6893,0.6893,0.0,False
9048,Subscription_Boxes,price,0.8979,0.8979,0.0,False
9049,Subscription_Boxes,content,0.5849000000000001,0.5849000000000001,0.0,False
9051,Subscription_Boxes,quality,0.0,0.0,0.0,False
9051,Subscription_Boxes,content,0.11315,0.11315,0.0,False
9055,Subscription_Boxes,price,0.0258,0.0258,0.0,False
9058,Subscription_Boxes,content,0.3612,0.5719,0.21069999999999994,True
9061,Subscription_Boxes,billing,0.7089,0.7089,0.0,False
9064,Subscription_Boxes,price,0.0387,0.0258,-0.012899999999999998,True
9066,Subscription_Boxes,billing,0.12726666666666667,0.12726666666666667,0.0,False
9066,Subscription_Boxes,customer_service,0.4939,0.4939,0.0,False
9066,Subscription_Boxes,quality,-0.6956,-0.5423,0.1533,True
9066,Subscription_Boxes,delivery,0.0,0.0,0.0,False
9066,Subscription_Boxes,price,0.0,0.0,0.0,False
9066,Subscription_Boxes,content,0.31245,0.31245,0.0,False
9067,Subscription_Boxes,content,-0.0008500000000000035,-0.0008500000000000035,0.0,False
9067,Subscription_Boxes,packaging,-0.1796,-0.1796,0.0,False
9069,Subscription_Boxes,billing,-0.25,-0.25,0.0,False
9069,Subscription_Boxes,quality,0.205,0.205,0.0,False
9069,Subscription_Boxes,delivery,-0.3724,-0.3724,0.0,False
9070,Subscription_Boxes,content,0.0,0.0,0.0,False
9071,Subscription_Boxes,content,0.2614,0.2614,0.0,False
9073,Subscription_Boxes,content,0.2382,0.0,-0.2382,True
9075,Subscription_Boxes,price,0.20274999999999999,0.20274999999999999,0.0,False
9076,Subscription_Boxes,quality,-0.1695,-0.1695,0.0,False
9076,Subscription_Boxes,price,-0.1695,-0.1695,0.0,False
9077,Subscription_Boxes,content,0.0,0.0,0.0,False
9077,Subscription_Boxes,price,0.0,0.0,0.0,False
9079,Subscription_Boxes,content,0.19145,0.19145,0.0,False
9081,Subscription_Boxes,price,0.5945,0.5945,0.0,False
9081,Subscription_Boxes,content,0.6980500000000001,0.6980500000000001,0.0,False
9083,Subscription_Boxes,quality,0.8074,0.8074,0.0,False
9083,Subscription_Boxes,delivery,0.7868,0.7868,0.0,False
9083,Subscription_Boxes,price,0.765,0.765,0.0,False
9083,Subscription_Boxes,content,0.7971,0.7971,0.0,False
9084,Subscription_Boxes,content,0.31284999999999996,0.26016666666666666,-0.052683333333333304,True
9084,Subscription_Boxes,packaging,0.4767,0.4767,0.0,False
9085,Subscription_Boxes,content,-0.06309999999999999,0.1806,0.2437,True
9086,Subscription_Boxes,content,0.6486,0.6486,0.0,False
9087,Subscription_Boxes,packaging,-0.5739,-0.5739,0.0,False
9088,Subscription_Boxes,content,0.7509,0.37575,-0.37515000000000004,True
9088,Subscription_Boxes,quality,0.8932,0.8932,0.0,False
9088,Subscription_Boxes,price,0.8932,0.8932,0.0,False
9090,Subscription_Boxes,content,0.6249,0.6249,0.0,False
9090,Subscription_Boxes,price,0.0772,0.0772,0.0,False
9091,Subscription_Boxes,price,0.6249,0.6249,0.0,False
9091,Subscription_Boxes,content,0.27075,0.27075,0.0,False
9092,Subscription_Boxes,content,0.13693333333333335,0.09620000000000002,-0.04073333333333333,True
9093,Subscription_Boxes,content,0.6249,0.6249,0.0,False
9094,Subscription_Boxes,content,0.0,0.0,0.0,False
9096,Subscription_Boxes,billing,0.0,0.0,0.0,False
9096,Subscription_Boxes,packaging,0.0,0.0,0.0,False
9096,Subscription_Boxes,price,0.2846,0.0,-0.2846,True
9098,Subscription_Boxes,content,0.42115,0.42115,0.0,False
9099,Subscription_Boxes,quality,0.2617,-0.296,-0.5577,True
9099,Subscription_Boxes,price,0.2617,-0.011399999999999993,-0.2731,True
9100,Subscription_Boxes,content,0.5859,0.5859,0.0,False
9100,Subscription_Boxes,price,0.5859,0.5859,0.0,False
9102,Subscription_Boxes,content,0.6249,0.6249,0.0,False
9105,Subscription_Boxes,content,0.6808,0.4019,-0.2789,True
9105,Subscription_Boxes,price,0.6808,0.4019,-0.2789,True
9107,Subscription_Boxes,price,0.9464,0.8788,-0.0676,True
9108,Subscription_Boxes,content,-0.22235,0.0,0.22235,True
9108,Subscription_Boxes,quality,0.35185,0.25985,-0.09199999999999997,True
9108,Subscription_Boxes,packaging,0.0129,0.0258,0.0129,True
9109,Subscription_Boxes,price,0.0,0.0,0.0,False
9110,Subscription_Boxes,content,-0.4585,-0.4585,0.0,False
9111,Subscription_Boxes,content,0.8439,0.8439,0.0,False
9112,Subscription_Boxes,content,0.2263,0.2263,0.0,False
9113,Subscription_Boxes,quality,0.6249,0.6249,0.0,False
9114,Subscription_Boxes,content,0.012,-0.296,-0.308,True
9114,Subscription_Boxes,packaging,0.012,0.6901,0.6781,True
9115,Subscription_Boxes,quality,0.5927,0.4404,-0.1523,True
9115,Subscription_Boxes,content,0.6535333333333334,0.33567500000000006,-0.31785833333333335,True
9116,Subscription_Boxes,quality,0.5023,0.3612,-0.14109999999999995,True
9117,Subscription_Boxes,delivery,0.0516,0.1779,0.1263,True
9119,Subscription_Boxes,content,0.14875,0.14875,0.0,False
9119,Subscription_Boxes,quality,0.9217,0.802,-0.11969999999999992,True
9119,Subscription_Boxes,price,0.9217,0.802,-0.11969999999999992,True
9126,Subscription_Boxes,price,0.34,0.34,0.0,False
9127,Subscription_Boxes,advertising,0.0,0.0,0.0,False
9127,Subscription_Boxes,content,0.72245,0.72245,0.0,False
9127,Subscription_Boxes,price,0.6697,0.6697,0.0,False
9130,Subscription_Boxes,billing,-0.061,-0.061,0.0,False
9130,Subscription_Boxes,quality,0.03955,-0.0864,-0.12595,True
9131,Subscription_Boxes,content,-0.0256,0.4215,0.4471,True
9131,Subscription_Boxes,price,-0.0128,-0.08475,-0.07195,True
9133,Subscription_Boxes,content,-0.25,-0.25,0.0,False
9134,Subscription_Boxes,price,0.0,0.0,0.0,False
9134,Subscription_Boxes,content,0.17020000000000002,0.17020000000000002,0.0,False
9137,Subscription_Boxes,content,0.7483500000000001,0.7483500000000001,0.0,False
9141,Subscription_Boxes,content,0.4019,0.4019,0.0,False
9144,Subscription_Boxes,billing,0.4868,0.4868,0.0,False
9148,Subscription_Boxes,content,0.8158,0.8158,0.0,False
9149,Subscription_Boxes,billing,0.5106,0.5106,0.0,False
9149,Subscription_Boxes,delivery,0.0,0.0,0.0,False
9149,Subscription_Boxes,price,0.5106,0.5106,0.0,False
9149,Subscription_Boxes,packaging,0.0,0.0,0.0,False
9149,Subscription_Boxes,content,-0.03264999999999996,0.012450000000000017,0.04509999999999997,True
9150,Subscription_Boxes,billing,0.128,0.128,0.0,False
9153,Subscription_Boxes,price,0.2263,0.2263,0.0,False
9155,Subscription_Boxes,packaging,0.1406,0.2732,0.1326,True
9157,Subscription_Boxes,price,0.0,0.0,0.0,False
9158,Subscription_Boxes,quality,0.4215,0.4215,0.0,False
9158,Subscription_Boxes,content,-0.1695,-0.1695,0.0,False
9162,Subscription_Boxes,content,0.13843333333333332,0.13843333333333332,0.0,False
9163,Subscription_Boxes,content,0.7616499999999999,0.7616499999999999,0.0,False
9164,Subscription_Boxes,content,0.7249,0.7249,0.0,False
9167,Subscription_Boxes,content,0.4215,0.4215,0.0,False
9168,Subscription_Boxes,billing,0.6096,0.6096,0.0,False
9168,Subscription_Boxes,delivery,-0.5354,-0.5354,0.0,False
9168,Subscription_Boxes,price,-0.5354,-0.5354,0.0,False
9168,Subscription_Boxes,content,-0.5106,-0.5106,0.0,False
9169,Subscription_Boxes,content,-0.12856666666666663,0.20413333333333336,0.3327,True
9171,Subscription_Boxes,content,0.4588,0.4588,0.0,False
9171,Subscription_Boxes,price,0.4588,0.4588,0.0,False
9172,Subscription_Boxes,billing,-0.1695,-0.1695,0.0,False
9172,Subscription_Boxes,price,-0.1695,-0.1695,0.0,False
9172,Subscription_Boxes,advertising,0.1828,0.1828,0.0,False
9172,Subscription_Boxes,content,0.0,0.0,0.0,False
9173,Subscription_Boxes,quality,0.6249,0.6249,0.0,False
9173,Subscription_Boxes,content,0.31245,0.31245,0.0,False
9174,Subscription_Boxes,customer_service,0.8772,0.8772,0.0,False
9175,Subscription_Boxes,content,0.6696,0.6696,0.0,False
9176,Subscription_Boxes,content,0.5627,0.5627,0.0,False
9178,Subscription_Boxes,content,0.8326,0.8326,0.0,False
9181,Subscription_Boxes,content,-0.1027,0.4939,0.5966,True
9181,Subscription_Boxes,price,0.3818,0.0,-0.3818,True
9182,Subscription_Boxes,delivery,0.6588,0.6588,0.0,False
9182,Subscription_Boxes,content,0.6588,0.6588,0.0,False
9183,Subscription_Boxes,packaging,-0.0757,-0.0757,0.0,False
9184,Subscription_Boxes,content,0.37755,0.37755,0.0,False
9185,Subscription_Boxes,quality,0.7003,0.7003,0.0,False
9185,Subscription_Boxes,content,0.7003,0.7003,0.0,False
9186,Subscription_Boxes,content,-0.13252499999999998,-0.15625,-0.023725000000000024,True
9188,Subscription_Boxes,billing,-0.25,-0.25,0.0,False
9188,Subscription_Boxes,content,0.0,0.0,0.0,False
9190,Subscription_Boxes,quality,0.6597,0.6597,0.0,False
9191,Subscription_Boxes,billing,-0.1531,-0.25,-0.09689999999999999,True
9194,Subscription_Boxes,quality,0.9421,0.9421,0.0,False
9195,Subscription_Boxes,delivery,0.54,0.54,0.0,False
9196,Subscription_Boxes,billing,-0.20950000000000002,-0.20950000000000002,0.0,False
9197,Subscription_Boxes,delivery,0.0,0.0,0.0,False
9201,Subscription_Boxes,content,0.4019,0.4019,0.0,False
9205,Subscription_Boxes,content,0.13085,0.0,-0.13085,True
9205,Subscription_Boxes,delivery,0.13085,0.0,-0.13085,True
9205,Subscription_Boxes,price,0.6808,0.6808,0.0,False
9206,Subscription_Boxes,content,0.6249,0.6249,0.0,False
9207,Subscription_Boxes,quality,0.4165,0.27475,-0.14175,True
9207,Subscription_Boxes,delivery,0.2732,0.2732,0.0,False
9209,Subscription_Boxes,content,0.5719,0.5719,0.0,False
9209,Subscription_Boxes,price,0.5719,0.5719,0.0,False
9211,Subscription_Boxes,quality,0.6115,0.6115,0.0,False
9211,Subscription_Boxes,content,0.8519,0.8519,0.0,False
9213,Subscription_Boxes,packaging,-0.631,-0.4767,0.1543,True
9215,Subscription_Boxes,content,-0.011349999999999999,-0.011349999999999999,0.0,False
9217,Subscription_Boxes,content,0.0,0.0,0.0,False
9218,Subscription_Boxes,billing,-0.2714,-0.2714,0.0,False
9218,Subscription_Boxes,price,-0.2714,-0.2714,0.0,False
9219,Subscription_Boxes,content,0.045133333333333324,0.07476666666666665,0.029633333333333324,True
9220,Subscription_Boxes,quality,-0.4767,-0.4767,0.0,False
9221,Subscription_Boxes,price,0.7579,0.7579,0.0,False
9221,Subscription_Boxes,content,0.51252,0.51252,0.0,False
9222,Subscription_Boxes,delivery,0.0,0.0,0.0,False
9222,Subscription_Boxes,quality,0.5983,0.5574,-0.04090000000000005,True
9222,Subscription_Boxes,packaging,0.0,0.0,0.0,False
9222,Subscription_Boxes,content,0.6099,0.40607499999999996,-0.20382500000000003,True
9224,Subscription_Boxes,quality,0.6808,0.6808,0.0,False
9224,Subscription_Boxes,content,0.7102666666666666,0.7102666666666666,0.0,False
9226,Subscription_Boxes,billing,-0.5037,-0.25,0.25370000000000004,True
9226,Subscription_Boxes,quality,0.6478,0.6478,0.0,False
9226,Subscription_Boxes,price,0.9327,0.9327,0.0,False
9226,Subscription_Boxes,content,0.8278666666666666,0.6101333333333333,-0.21773333333333333,True
9229,Subscription_Boxes,billing,-0.25,-0.25,0.0,False
9229,Subscription_Boxes,content,0.0,0.0,0.0,False
9229,Subscription_Boxes,price,0.2579,0.2579,0.0,False
9231,Subscription_Boxes,price,0.09505,0.0,-0.09505,True
9232,Subscription_Boxes,content,0.322,0.322,0.0,False
9232,Subscription_Boxes,packaging,0.4404,0.4404,0.0,False
9233,Subscription_Boxes,content,0.40409999999999996,0.40409999999999996,0.0,False
9235,Subscription_Boxes,quality,0.0,0.0,0.0,False
9235,Subscription_Boxes,price,-0.19393333333333332,-0.19393333333333332,0.0,False
9236,Subscription_Boxes,content,0.0,0.0,0.0,False
9237,Subscription_Boxes,quality,-0.5849,-0.5849,0.0,False
9237,Subscription_Boxes,price,-0.4753,-0.4753,0.0,False
9238,Subscription_Boxes,content,0.6892,0.6892,0.0,False
9239,Subscription_Boxes,content,0.8417,0.8417,0.0,False
9242,Subscription_Boxes,content,0.8519,0.4215,-0.4304,True
9242,Subscription_Boxes,customer_service,-0.5256,-0.5256,0.0,False
9242,Subscription_Boxes,delivery,0.8519,0.4215,-0.4304,True
9246,Subscription_Boxes,content,0.7089,0.7089,0.0,False
9247,Subscription_Boxes,content,-0.0772,-0.0772,0.0,False
9250,Subscription_Boxes,content,0.1612333333333333,0.12092499999999999,-0.04030833333333332,True
9252,Subscription_Boxes,content,0.3612,0.3612,0.0,False
9253,Subscription_Boxes,content,0.1779,0.1779,0.0,False
9254,Subscription_Boxes,content,-0.045,-0.08544,-0.040440000000000004,True
9255,Subscription_Boxes,content,0.571,0.571,0.0,False
9255,Subscription_Boxes,quality,0.5859,0.5859,0.0,False
9255,Subscription_Boxes,price,0.7841,0.7841,0.0,False
9256,Subscription_Boxes,price,0.0,0.0,0.0,False
9256,Subscription_Boxes,content,0.4215,0.4215,0.0,False
9257,Subscription_Boxes,content,0.766375,0.6836749999999999,-0.0827000000000001,True
9257,Subscription_Boxes,quality,0.765,0.765,0.0,False
9257,Subscription_Boxes,packaging,0.8271,0.6486,-0.1785,True
9258,Subscription_Boxes,billing,-0.6124,-0.6124,0.0,False
9258,Subscription_Boxes,customer_service,-0.296,-0.296,0.0,False
9259,Subscription_Boxes,content,0.7172,0.7172,0.0,False
9261,Subscription_Boxes,content,0.7506,0.7506,0.0,False
9261,Subscription_Boxes,price,0.7506,0.7506,0.0,False
9263,Subscription_Boxes,content,0.2006,0.2006,0.0,False
9264,Subscription_Boxes,content,0.38175,0.38175,0.0,False
9265,Subscription_Boxes,content,0.8908,0.8908,0.0,False
9268,Subscription_Boxes,content,0.886,0.886,0.0,False
9269,Subscription_Boxes,billing,-0.125,-0.125,0.0,False
9269,Subscription_Boxes,content,0.0,0.0,0.0,False
9269,Subscription_Boxes,packaging,0.5165,0.5165,0.0,False
9270,Subscription_Boxes,content,0.7101500000000001,0.7101500000000001,0.0,False
9270,Subscription_Boxes,delivery,0.0,0.0,0.0,False
9270,Subscription_Boxes,price,0.0,0.0,0.0,False
9271,Subscription_Boxes,quality,0.765,0.765,0.0,False
9271,Subscription_Boxes,content,0.765,0.765,0.0,False
9272,Subscription_Boxes,packaging,0.4754,0.4754,0.0,False
9273,Subscription_Boxes,quality,0.4404,0.4404,0.0,False
9273,Subscription_Boxes,content,0.4404,0.4404,0.0,False
9274,Subscription_Boxes,content,0.0,0.0,0.0,False
9275,Subscription_Boxes,price,0.7763,-0.2411,-1.0174,True
9276,Subscription_Boxes,delivery,-0.1386,-0.3595,-0.22089999999999999,True
9277,Subscription_Boxes,billing,-0.1406,-0.25,-0.1094,True
9277,Subscription_Boxes,delivery,0.13395,0.1779,0.04394999999999999,True
9277,Subscription_Boxes,packaging,0.0,0.0,0.0,False
9277,Subscription_Boxes,content,-0.1406,-0.25,-0.1094,True
9278,Subscription_Boxes,content,0.3263,0.1916,-0.1347,True
9281,Subscription_Boxes,packaging,0.0,0.0,0.0,False
9282,Subscription_Boxes,content,0.4574,0.4574,0.0,False
9283,Subscription_Boxes,price,0.2263,0.2263,0.0,False
9284,Subscription_Boxes,billing,-0.4404,-0.4404,0.0,False
9284,Subscription_Boxes,delivery,-0.4404,-0.4404,0.0,False
9285,Subscription_Boxes,content,0.0,0.0,0.0,False
9285,Subscription_Boxes,price,-0.1695,-0.1695,0.0,False
9286,Subscription_Boxes,delivery,0.34735,0.34735,0.0,False
9286,Subscription_Boxes,content,0.0,0.0,0.0,False
9287,Subscription_Boxes,price,0.7778,0.7778,0.0,False
9287,Subscription_Boxes,content,0.3889,0.3889,0.0,False
9288,Subscription_Boxes,billing,-0.25,-0.25,0.0,False
9289,Subscription_Boxes,delivery,-0.08145,-0.08145,0.0,False
9289,Subscription_Boxes,price,-0.08145,-0.08145,0.0,False
9290,Subscription_Boxes,content,-0.2391,0.0,0.2391,True
9292,Subscription_Boxes,packaging,0.0,0.0,0.0,False
9293,Subscription_Boxes,quality,0.2263,0.0,-0.2263,True
9294,Subscription_Boxes,billing,-0.5106,-0.5106,0.0,False
9294,Subscription_Boxes,quality,-0.8488,-0.8488,0.0,False
9295,Subscription_Boxes,price,0.2942,0.2942,0.0,False
9295,Subscription_Boxes,content,0.4404,0.4404,0.0,False
9301,Subscription_Boxes,billing,-0.25,-0.25,0.0,False
9301,Subscription_Boxes,content,0.5106,0.5106,0.0,False
9301,Subscription_Boxes,quality,0.0,0.0,0.0,False
9302,Subscription_Boxes,content,0.7126250000000001,0.5453749999999999,-0.16725000000000012,True
9302,Subscription_Boxes,quality,0.9446,0.875,-0.0696,True
9302,Subscription_Boxes,delivery,0.6369,0.6369,0.0,False
9303,Subscription_Boxes,billing,0.0,0.0,0.0,False
9303,Subscription_Boxes,content,-0.296,-0.296,0.0,False
9304,Subscription_Boxes,price,0.0,0.0,0.0,False
9310,Subscription_Boxes,content,0.3825,0.3825,0.0,False
9312,Subscription_Boxes,content,0.6688,0.6688,0.0,False
9313,Subscription_Boxes,billing,0.0,0.0,0.0,False
9313,Subscription_Boxes,price,-0.1695,-0.1695,0.0,False
9314,Subscription_Boxes,price,0.75,0.75,0.0,False
9315,Subscription_Boxes,billing,0.0414,0.021500000000000002,-0.019899999999999998,True
9315,Subscription_Boxes,delivery,0.0,0.0,0.0,False
9315,Subscription_Boxes,price,0.1154,0.0,-0.1154,True
9319,Subscription_Boxes,content,0.0,0.0,0.0,False
9322,Subscription_Boxes,delivery,0.0,0.0,0.0,False
9322,Subscription_Boxes,content,0.45130000000000003,0.45130000000000003,0.0,False
9323,Subscription_Boxes,content,-0.5254,-0.566,-0.04059999999999997,True
9323,Subscription_Boxes,delivery,0.7003,0.7003,0.0,False
9323,Subscription_Boxes,price,0.6115,0.6115,0.0,False
9324,Subscription_Boxes,content,0.1366,0.1366,0.0,False
9325,Subscription_Boxes,quality,0.4404,0.4404,0.0,False
9325,Subscription_Boxes,delivery,0.004599999999999993,0.004599999999999993,0.0,False
9325,Subscription_Boxes,packaging,0.46709999999999996,0.46709999999999996,0.0,False
9326,Subscription_Boxes,billing,-0.25,-0.25,0.0,False
9326,Subscription_Boxes,content,0.0,0.0,0.0,False
9328,Subscription_Boxes,price,0.7269,0.7269,0.0,False
9328,Subscription_Boxes,content,0.5859,0.5859,0.0,False
9329,Subscription_Boxes,price,0.2382,0.0,-0.2382,True
9330,Subscription_Boxes,price,0.6956,-0.3612,-1.0568,True
9330,Subscription_Boxes,content,0.7908,0.7630666666666667,-0.027733333333333277,True
9331,Subscription_Boxes,billing,-0.25,-0.25,0.0,False
9332,Subscription_Boxes,content,0.0,0.0,0.0,False
9332,Subscription_Boxes,price,0.1626,0.1626,0.0,False
9334,Subscription_Boxes,delivery,-0.25,-0.4588,-0.20879999999999999,True
9339,Subscription_Boxes,delivery,0.4404,0.4404,0.0,False
9340,Subscription_Boxes,content,-0.3412,-0.3412,0.0,False
9340,Subscription_Boxes,packaging,-0.3412,-0.3412,0.0,False
9341,Subscription_Boxes,quality,-0.4767,-0.4767,0.0,False
9343,Subscription_Boxes,billing,0.0,0.0,0.0,False
9343,Subscription_Boxes,content,-0.36985,-0.36985,0.0,False
9343,Subscription_Boxes,price,-0.1695,-0.1695,0.0,False
9345,Subscription_Boxes,advertising,0.73,0.7579,0.027900000000000036,True
9345,Subscription_Boxes,content,0.4678,-0.3818,-0.8495999999999999,True
9348,Subscription_Boxes,price,-0.2755,-0.2755,0.0,False
9349,Subscription_Boxes,delivery,0.0,0.0,0.0,False
9349,Subscription_Boxes,content,0.8858,0.8858,0.0,False
9350,Subscription_Boxes,content,0.0,0.0,0.0,False
9351,Subscription_Boxes,content,0.9325,0.9325,0.0,False
9353,Subscription_Boxes,content,0.3164,0.2294,-0.08700000000000002,True
9355,Subscription_Boxes,content,0.1263,0.4005,0.2742,True
9358,Subscription_Boxes,advertising,0.674,0.674,0.0,False
9358,Subscription_Boxes,billing,0.3875,-0.125,-0.5125,True
9358,Subscription_Boxes,content,0.42026666666666673,0.42026666666666673,0.0,False
9359,Subscription_Boxes,delivery,-0.4404,-0.4404,0.0,False
9359,Subscription_Boxes,content,0.6326,0.6326,0.0,False
9361,Subscription_Boxes,content,0.6369,0.34,-0.2969,True
9362,Subscription_Boxes,price,0.0,0.0,0.0,False
9364,Subscription_Boxes,quality,0.6041000000000001,0.2202,-0.3839000000000001,True
9364,Subscription_Boxes,content,0.4404,0.4404,0.0,False
9365,Subscription_Boxes,billing,0.2144,0.0,-0.2144,True
9365,Subscription_Boxes,price,0.34,0.34,0.0,False
9366,Subscription_Boxes,billing,0.0,0.0,0.0,False
9366,Subscription_Boxes,quality,-0.0772,-0.1779,-0.1007,True
9367,Subscription_Boxes,content,0.3612,0.3612,0.0,False
9368,Subscription_Boxes,quality,0.0,0.0,0.0,False
9369,Subscription_Boxes,price,-0.1695,-0.1695,0.0,False
9373,Subscription_Boxes,delivery,0.6249,0.6249,0.0,False
9373,Subscription_Boxes,quality,0.6249,0.6249,0.0,False
9375,Subscription_Boxes,billing,-0.25,-0.25,0.0,False
9375,Subscription_Boxes,quality,0.4404,0.4404,0.0,False
9375,Subscription_Boxes,price,0.4939,0.4939,0.0,False
9376,Subscription_Boxes,content,0.6696,0.6696,0.0,False
9380,Subscription_Boxes,price,0.0,0.0,0.0,False
9381,Subscription_Boxes,content,0.6369,0.6369,0.0,False
9385,Subscription_Boxes,delivery,0.6115,0.6115,0.0,False
9386,Subscription_Boxes,content,-0.2755,-0.2755,0.0,False
9386,Subscription_Boxes,price,0.8402,0.8402,0.0,False
9387,Subscription_Boxes,content,0.1709,0.1709,0.0,False
9390,Subscription_Boxes,content,0.8411500000000001,0.8411500000000001,0.0,False
9390,Subscription_Boxes,packaging,0.8555,0.8555,0.0,False
9390,Subscription_Boxes,price,0.8411500000000001,0.8411500000000001,0.0,False
9392,Subscription_Boxes,content,0.4345,0.4345,0.0,False
9392,Subscription_Boxes,customer_service,0.5859,0.5859,0.0,False
9394,Subscription_Boxes,delivery,0.7201,0.6124,-0.1076999999999999,True
9395,Subscription_Boxes,quality,0.6249,0.6249,0.0,False
9395,Subscription_Boxes,content,0.64725,0.64725,0.0,False
9397,Subscription_Boxes,price,0.6249,0.6249,0.0,False
9398,Subscription_Boxes,content,0.887,0.887,0.0,False
9399,Subscription_Boxes,price,0.35200000000000004,0.35200000000000004,0.0,False
9399,Subscription_Boxes,content,0.2202,0.2202,0.0,False
9400,Subscription_Boxes,content,0.5106,0.5106,0.0,False
9401,Subscription_Boxes,packaging,0.4927,0.4927,0.0,False
9402,Subscription_Boxes,delivery,0.4384,0.4384,0.0,False
9402,Subscription_Boxes,price,0.31245,0.31245,0.0,False
9403,Subscription_Boxes,quality,0.2382,0.4404,0.20220000000000002,True
9403,Subscription_Boxes,content,0.2382,0.4404,0.20220000000000002,True
9404,Subscription_Boxes,content,-0.2755,-0.2755,0.0,False
9406,Subscription_Boxes,billing,-0.25,-0.25,0.0,False
9406,Subscription_Boxes,delivery,0.0,0.0,0.0,False
9407,Subscription_Boxes,content,0.3818,0.3818,0.0,False
9407,Subscription_Boxes,packaging,-0.3412,-0.3412,0.0,False
9408,Subscription_Boxes,content,0.5332,0.461975,-0.07122499999999998,True
9409,Subscription_Boxes,billing,0.7269,0.7269,0.0,False
9409,Subscription_Boxes,content,0.8402,0.8402,0.0,False
9409,Subscription_Boxes,price,0.7269,0.7269,0.0,False
9410,Subscription_Boxes,quality,0.009266666666666682,0.0608,0.05153333333333332,True
9410,Subscription_Boxes,content,0.1298,0.1298,0.0,False
9412,Subscription_Boxes,price,-0.5908,-0.5908,0.0,False
9412,Subscription_Boxes,content,-0.5518000000000001,-0.5518000000000001,0.0,False
9413,Subscription_Boxes,content,0.4019,0.4019,0.0,False
9413,Subscription_Boxes,quality,0.7265,0.6249,-0.10160000000000002,True
9413,Subscription_Boxes,price,0.358,0.358,0.0,False
9414,Subscription_Boxes,content,0.34,0.34,0.0,False
9416,Subscription_Boxes,billing,0.25,0.25,0.0,False
9417,Subscription_Boxes,price,0.765,0.765,0.0,False
9417,Subscription_Boxes,content,0.34,0.34,0.0,False
9418,Subscription_Boxes,content,0.0,0.0,0.0,False
9420,Subscription_Boxes,delivery,0.0,0.0,0.0,False
9420,Subscription_Boxes,packaging,0.8271,0.8271,0.0,False
9421,Subscription_Boxes,content,-0.18555000000000002,0.44015,0.6257,True
9422,Subscription_Boxes,quality,0.6249,0.6249,0.0,False
9422,Subscription_Boxes,price,0.6249,0.6249,0.0,False
9423,Subscription_Boxes,content,0.4588,0.4588,0.0,False
9423,Subscription_Boxes,price,0.4588,0.4588,0.0,False
9424,Subscription_Boxes,content,-0.296,-0.296,0.0,False
9428,Subscription_Boxes,billing,-0.683,-0.683,0.0,False
9428,Subscription_Boxes,quality,0.50995,0.50995,0.0,False
9430,Subscription_Boxes,delivery,0.8221,0.8221,0.0,False
9430,Subscription_Boxes,packaging,0.8899,0.8899,0.0,False
9431,Subscription_Boxes,price,-0.296,-0.296,0.0,False
9433,Subscription_Boxes,billing,-0.12059999999999998,-0.27945,-0.15885,True
9433,Subscription_Boxes,quality,0.6819,0.6819,0.0,False
9433,Subscription_Boxes,packaging,0.31301999999999996,0.31301999999999996,0.0,False
9433,Subscription_Boxes,price,0.002800000000000004,0.2694,0.26659999999999995,True
9433,Subscription_Boxes,content,0.1319,0.30963333333333326,0.17773333333333327,True
9435,Subscription_Boxes,content,0.0,0.0,0.0,False
9435,Subscription_Boxes,delivery,0.0,0.0,0.0,False
9435,Subscription_Boxes,packaging,0.0,0.0,0.0,False
9436,Subscription_Boxes,billing,-0.3164,-0.3164,0.0,False
9436,Subscription_Boxes,content,-0.2401,-0.2401,0.0,False
9436,Subscription_Boxes,price,-0.2401,-0.2401,0.0,False
9438,Subscription_Boxes,price,-0.1695,-0.1695,0.0,False
9439,Subscription_Boxes,content,0.0,0.0,0.0,False
9441,Subscription_Boxes,delivery,0.7713,0.7713,0.0,False
9443,Subscription_Boxes,content,0.5994,0.5994,0.0,False
9444,Subscription_Boxes,content,0.0,0.0,0.0,False
9445,Subscription_Boxes,content,0.32395999999999997,0.3441666666666667,0.020206666666666706,True
9446,Subscription_Boxes,price,0.3057,0.3057,0.0,False
9447,Subscription_Boxes,content,-0.4265,-0.4265,0.0,False
9449,Subscription_Boxes,content,0.4425666666666666,0.4096166666666667,-0.032949999999999924,True
9451,Subscription_Boxes,content,0.31245,0.31245,0.0,False
9452,Subscription_Boxes,content,0.296,0.3612,0.06520000000000004,True
9453,Subscription_Boxes,content,0.0,0.0,0.0,False
9454,Subscription_Boxes,quality,-0.5256,-0.5256,0.0,False
9454,Subscription_Boxes,price,-0.4215,-0.4215,0.0,False
9456,Subscription_Boxes,content,-0.1406,0.3182,0.4588,True
9457,Subscription_Boxes,content,0.0,0.0,0.0,False
9459,Subscription_Boxes,advertising,0.24209999999999998,0.1950666666666667,-0.04703333333333329,True
9459,Subscription_Boxes,content,0.112,0.112,0.0,False
9460,Subscription_Boxes,billing,0.1857,0.09015000000000001,-0.09555,True
9461,Subscription_Boxes,content,0.7504,0.4927,-0.25769999999999993,True
9462,Subscription_Boxes,price,0.4588,0.4588,0.0,False
9463,Subscription_Boxes,content,0.7351,0.7351,0.0,False
9467,Subscription_Boxes,content,0.6249,0.6249,0.0,False
9468,Subscription_Boxes,price,0.0,0.0,0.0,False
9468,Subscription_Boxes,delivery,0.4404,0.4404,0.0,False
9468,Subscription_Boxes,packaging,0.4404,0.4404,0.0,False
9469,Subscription_Boxes,delivery,0.45949999999999996,0.1806,-0.2788999999999999,True
9469,Subscription_Boxes,price,0.1191,0.0,-0.1191,True
9470,Subscription_Boxes,quality,0.6369,0.6369,0.0,False
9470,Subscription_Boxes,content,0.6369,0.6369,0.0,False
9471,Subscription_Boxes,content,0.8481,0.8481,0.0,False
9473,Subscription_Boxes,quality,0.0,0.0,0.0,False
9473,Subscription_Boxes,content,0.0,0.0,0.0,False
9474,Subscription_Boxes,delivery,0.4939,0.4939,0.0,False
9474,Subscription_Boxes,content,0.3182,0.3182,0.0,False
9475,Subscription_Boxes,quality,0.7227,0.5719,-0.15080000000000005,True
9476,Subscription_Boxes,quality,0.6124,0.6124,0.0,False
9476,Subscription_Boxes,price,0.3857333333333333,0.20389999999999997,-0.18183333333333335,True
9477,Subscription_Boxes,content,0.11315,0.11315,0.0,False
9478,Subscription_Boxes,price,0.5475,0.5475,0.0,False
9479,Subscription_Boxes,content,0.30495,0.30495,0.0,False
9480,Subscription_Boxes,content,0.4173,0.4173,0.0,False
9481,Subscription_Boxes,quality,0.8225,0.8225,0.0,False
9482,Subscription_Boxes,quality,-0.4767,-0.4767,0.0,False
9483,Subscription_Boxes,billing,0.0,0.0,0.0,False
9483,Subscription_Boxes,customer_service,0.6249,0.6249,0.0,False
9483,Subscription_Boxes,quality,0.0,0.0,0.0,False
9483,Subscription_Boxes,price,0.0,0.0,0.0,False
9483,Subscription_Boxes,packaging,0.1779,0.1779,0.0,False
9483,Subscription_Boxes,content,0.83055,0.5203,-0.31025,True
9484,Subscription_Boxes,quality,0.5563,0.5563,0.0,False
9484,Subscription_Boxes,content,0.5563,0.5563,0.0,False
9486,Subscription_Boxes,content,0.8512,0.8512,0.0,False
9489,Subscription_Boxes,billing,0.0,0.0,0.0,False
9489,Subscription_Boxes,delivery,-0.6682,-0.5137,0.15449999999999997,True
9489,Subscription_Boxes,price,-0.2838,-0.2838,0.0,False
9490,Subscription_Boxes,billing,-0.6249,-0.6249,0.0,False
9490,Subscription_Boxes,packaging,-0.5096,-0.5096,0.0,False
9490,Subscription_Boxes,price,0.0,0.0,0.0,False
9491,Subscription_Boxes,price,0.5983,0.5983,0.0,False
9492,Subscription_Boxes,content,0.24177500000000002,0.08047499999999999,-0.16130000000000003,True
9495,Subscription_Boxes,content,0.0,0.0,0.0,False
9497,Subscription_Boxes,content,0.0386,0.0386,0.0,False
9497,Subscription_Boxes,packaging,0.0,0.0,0.0,False
9498,Subscription_Boxes,quality,0.8604,0.5994,-0.261,True
9498,Subscription_Boxes,content,0.7455499999999999,0.7455499999999999,0.0,False
9499,Subscription_Boxes,packaging,0.34,0.34,0.0,False
9501,Subscription_Boxes,content,0.4019,0.4019,0.0,False
9501,Subscription_Boxes,delivery,0.7506,0.7506,0.0,False
9501,Subscription_Boxes,packaging,0.7506,0.7506,0.0,False
9502,Subscription_Boxes,quality,0.2579,0.2579,0.0,False
9502,Subscription_Boxes,price,0.2579,0.2579,0.0,False
9502,Subscription_Boxes,advertising,0.2579,0.2579,0.0,False
9502,Subscription_Boxes,content,0.2579,0.2579,0.0,False
9503,Subscription_Boxes,quality,0.8845,0.7783,-0.10619999999999996,True
9503,Subscription_Boxes,content,0.8845,0.7783,-0.10619999999999996,True
9507,Subscription_Boxes,content,0.41033333333333327,0.41033333333333327,0.0,False
9507,Subscription_Boxes,delivery,0.07220000000000001,0.07220000000000001,0.0,False
9507,Subscription_Boxes,price,0.5859,0.5859,0.0,False
9509,Subscription_Boxes,price,0.784,0.784,0.0,False
9509,Subscription_Boxes,content,0.27145,0.27145,0.0,False
9510,Subscription_Boxes,content,0.3612,0.3612,0.0,False
9512,Subscription_Boxes,delivery,0.7579,0.7579,0.0,False
9516,Subscription_Boxes,content,0.5106,0.5106,0.0,False
9518,Subscription_Boxes,quality,0.5994,0.5994,0.0,False
9519,Subscription_Boxes,delivery,0.6369,0.6369,0.0,False
9519,Subscription_Boxes,content,0.6369,0.6369,0.0,False
9520,Subscription_Boxes,content,0.11256666666666666,0.11256666666666666,0.0,False
9521,Subscription_Boxes,content,0.7579,0.7579,0.0,False
9521,Subscription_Boxes,packaging,0.7579,0.7579,0.0,False
9521,Subscription_Boxes,price,0.7579,0.7579,0.0,False
9523,Subscription_Boxes,billing,-0.4481,-0.25,0.1981,True
9523,Subscription_Boxes,content,-0.4215,-0.296,0.1255,True
9524,Subscription_Boxes,content,0.5106,0.5106,0.0,False
9525,Subscription_Boxes,billing,0.0402,0.0402,0.0,False
9525,Subscription_Boxes,content,0.0402,0.0402,0.0,False
9526,Subscription_Boxes,content,0.8316,0.8316,0.0,False
9527,Subscription_Boxes,price,-0.8429,-0.8429,0.0,False
9528,Subscription_Boxes,content,0.6239,0.6239,0.0,False
9529,Subscription_Boxes,content,0.4215,0.4215,0.0,False
9531,Subscription_Boxes,price,-0.077,-0.1695,-0.09250000000000001,True
9531,Subscription_Boxes,content,0.2709,0.2709,0.0,False
9532,Subscription_Boxes,billing,0.7003,0.7003,0.0,False
9532,Subscription_Boxes,quality,0.2202,0.2202,0.0,False
9532,Subscription_Boxes,price,0.4404,0.4404,0.0,False
9533,Subscription_Boxes,content,0.5328999999999999,0.65325,0.12035000000000007,True
9533,Subscription_Boxes,customer_service,0.5719,0.8126,0.24070000000000003,True
9534,Subscription_Boxes,content,0.7089,0.7089,0.0,False
9535,Subscription_Boxes,delivery,0.0,0.0,0.0,False
9536,Subscription_Boxes,billing,-0.4939,-0.4939,0.0,False
9536,Subscription_Boxes,customer_service,-0.4588,-0.4588,0.0,False
9539,Subscription_Boxes,price,0.8201,0.6369,-0.18320000000000003,True
9539,Subscription_Boxes,content,-0.4767,-0.4767,0.0,False
9542,Subscription_Boxes,content,0.6908,0.6908,0.0,False
9543,Subscription_Boxes,content,-0.4939,-0.4939,0.0,False
9544,Subscription_Boxes,price,0.4019,0.4019,0.0,False
9544,Subscription_Boxes,packaging,0.3612,0.3612,0.0,False
9545,Subscription_Boxes,billing,-0.25,-0.25,0.0,False
9545,Subscription_Boxes,quality,0.2734,0.0,-0.2734,True
9545,Subscription_Boxes,price,0.1367,0.0931,-0.043599999999999986,True
9545,Subscription_Boxes,content,0.2734,0.0,-0.2734,True
9546,Subscription_Boxes,price,0.5093,0.5093,0.0,False
9546,Subscription_Boxes,content,0.0,0.0,0.0,False
9547,Subscription_Boxes,packaging,0.47575,0.47575,0.0,False
9549,Subscription_Boxes,packaging,0.6249,0.6249,0.0,False
9550,Subscription_Boxes,delivery,0.0,0.0,0.0,False
9552,Subscription_Boxes,content,0.4199,0.4199,0.0,False
9553,Subscription_Boxes,content,0.5719,0.5719,0.0,False
9556,Subscription_Boxes,content,-0.3182,-0.3182,0.0,False
9556,Subscription_Boxes,price,-0.1695,-0.1695,0.0,False
9558,Subscription_Boxes,content,0.4754,0.4754,0.0,False
9560,Subscription_Boxes,content,0.5563,0.5563,0.0,False
9562,Subscription_Boxes,content,0.228575,0.1543,-0.07427500000000001,True
9562,Subscription_Boxes,delivery,0.627,0.4728,-0.1542,True
9562,Subscription_Boxes,price,0.4404,0.4404,0.0,False
9564,Subscription_Boxes,price,0.5859,0.5859,0.0,False
9566,Subscription_Boxes,content,0.1027,0.10115,-0.0015499999999999958,True
9567,Subscription_Boxes,quality,0.2942,0.2942,0.0,False
9569,Subscription_Boxes,delivery,0.7717,0.7717,0.0,False
9570,Subscription_Boxes,content,-0.148,-0.148,0.0,False
9572,Subscription_Boxes,billing,-0.07930000000000001,-0.07930000000000001,0.0,False
9572,Subscription_Boxes,content,0.08165,0.08165,0.0,False
9573,Subscription_Boxes,price,0.2579,0.2579,0.0,False
9574,Subscription_Boxes,content,0.81555,0.81555,0.0,False
9574,Subscription_Boxes,customer_service,0.6114,0.6114,0.0,False
9574,Subscription_Boxes,quality,0.7269,0.7269,0.0,False
9579,Subscription_Boxes,content,0.743,0.743,0.0,False
9581,Subscription_Boxes,content,0.9382,0.9382,0.0,False
9581,Subscription_Boxes,quality,0.9382,0.9382,0.0,False
9581,Subscription_Boxes,price,0.9382,0.9382,0.0,False
9582,Subscription_Boxes,content,-0.2263,0.0,0.2263,True
9582,Subscription_Boxes,price,0.716,0.28225,-0.43374999999999997,True
9583,Subscription_Boxes,price,0.4404,0.4404,0.0,False
9584,Subscription_Boxes,content,0.0,0.0,0.0,False
9585,Subscription_Boxes,price,0.4939,0.4939,0.0,False
9586,Subscription_Boxes,price,0.0,0.0,0.0,False
9586,Subscription_Boxes,content,0.6893,0.6893,0.0,False
9587,Subscription_Boxes,content,0.6249,0.6249,0.0,False
9587,Subscription_Boxes,price,0.6249,0.6249,0.0,False
9591,Subscription_Boxes,price,0.2263,0.2263,0.0,False
9591,Subscription_Boxes,content,0.5719,0.5719,0.0,False
9592,Subscription_Boxes,content,0.9538,0.9538,0.0,False
9593,Subscription_Boxes,billing,0.958,0.1531,-0.8049,True
9593,Subscription_Boxes,quality,0.6166,0.6166,0.0,False
9593,Subscription_Boxes,price,0.8745,0.5963499999999999,-0.2781500000000001,True
9593,Subscription_Boxes,content,0.6978,0.6749499999999999,-0.022850000000000037,True
9596,Subscription_Boxes,quality,0.8674,0.8674,0.0,False
9597,Subscription_Boxes,content,0.8779,0.58365,-0.29425,True
9598,Subscription_Boxes,price,-0.1695,-0.1695,0.0,False
9599,Subscription_Boxes,content,-0.0516,-0.0516,0.0,False
9599,Subscription_Boxes,customer_service,0.0,0.0,0.0,False
9599,Subscription_Boxes,delivery,-0.0516,-0.0516,0.0,False
9600,Subscription_Boxes,delivery,0.0,0.0,0.0,False
9600,Subscription_Boxes,price,0.0,0.0,0.0,False
9601,Subscription_Boxes,quality,0.784,0.784,0.0,False
9602,Subscription_Boxes,delivery,-0.06106666666666668,-0.017966666666666648,0.04310000000000003,True
9602,Subscription_Boxes,content,0.3595,0.3595,0.0,False
9606,Subscription_Boxes,delivery,0.5994,0.5994,0.0,False
9606,Subscription_Boxes,content,0.5994,0.5994,0.0,False
9607,Subscription_Boxes,price,-0.1007,-0.1007,0.0,False
9607,Subscription_Boxes,content,-0.03356666666666667,-0.03356666666666667,0.0,False
9610,Subscription_Boxes,price,0.4082,0.4082,0.0,False
9611,Subscription_Boxes,quality,0.4404,0.4404,0.0,False
9612,Subscription_Boxes,price,-0.2334,-0.2334,0.0,False
9612,Subscription_Boxes,content,-0.3028,-0.3028,0.0,False
9613,Subscription_Boxes,delivery,0.6697,0.6697,0.0,False
9613,Subscription_Boxes,packaging,0.6697,0.6697,0.0,False
9614,Subscription_Boxes,price,-0.4215,-0.4215,0.0,False
9614,Subscription_Boxes,customer_service,-0.7278,-0.7278,0.0,False
9616,Subscription_Boxes,content,0.0,0.1366,0.1366,True
9617,Subscription_Boxes,content,0.9324,0.9324,0.0,False
9619,Subscription_Boxes,price,-0.2222,-0.2222,0.0,False
9619,Subscription_Boxes,content,0.6124,0.6124,0.0,False
9620,Subscription_Boxes,content,0.8402,0.8402,0.0,False
9620,Subscription_Boxes,delivery,0.8402,0.8402,0.0,False
9620,Subscription_Boxes,price,-0.4168,-0.4168,0.0,False
9621,Subscription_Boxes,content,0.7825,0.7825,0.0,False
9622,Subscription_Boxes,quality,-0.2732,-0.2732,0.0,False
9623,Subscription_Boxes,content,0.8271,0.8271,0.0,False
9624,Subscription_Boxes,delivery,0.7269,0.7269,0.0,False
9625,Subscription_Boxes,quality,0.7964,0.7964,0.0,False
9625,Subscription_Boxes,content,0.358325,0.358325,0.0,False
9626,Subscription_Boxes,content,0.8718,0.8718,0.0,False
9627,Subscription_Boxes,delivery,0.4215,0.4215,0.0,False
9629,Subscription_Boxes,quality,0.2263,0.2263,0.0,False
9629,Subscription_Boxes,content,0.2263,0.2263,0.0,False
9630,Subscription_Boxes,delivery,0.1265,0.1265,0.0,False
9632,Subscription_Boxes,packaging,-0.5599,-0.5599,0.0,False
9635,Subscription_Boxes,delivery,0.765,0.765,0.0,False
9635,Subscription_Boxes,content,0.12066666666666664,0.35719999999999996,0.23653333333333332,True
9636,Subscription_Boxes,content,-0.1695,-0.1695,0.0,False
9636,Subscription_Boxes,price,-0.1695,-0.1695,0.0,False
9637,Subscription_Boxes,price,0.2263,0.2263,0.0,False
9638,Subscription_Boxes,price,0.3612,0.3612,0.0,False
9639,Subscription_Boxes,content,0.62985,0.62985,0.0,False
9641,Subscription_Boxes,content,-0.0127,0.4404,0.4531,True
9641,Subscription_Boxes,price,-0.0127,-0.1695,-0.15680000000000002,True
9642,Subscription_Boxes,content,0.16716666666666669,0.16716666666666669,0.0,False
9642,Subscription_Boxes,customer_service,0.5859,0.5859,0.0,False
9642,Subscription_Boxes,quality,0.4939,0.4939,0.0,False
9644,Subscription_Boxes,quality,0.9246,0.9246,0.0,False
9644,Subscription_Boxes,content,0.78075,0.78075,0.0,False
9646,Subscription_Boxes,billing,-0.3182,-0.3182,0.0,False
9646,Subscription_Boxes,quality,0.4404,0.4404,0.0,False
9649,Subscription_Boxes,delivery,0.4404,0.4404,0.0,False
9649,Subscription_Boxes,packaging,0.0,0.0,0.0,False
9650,Subscription_Boxes,billing,-0.25,-0.25,0.0,False
9650,Subscription_Boxes,price,0.5267,0.0,-0.5267,True
9655,Subscription_Boxes,content,0.69,0.69,0.0,False
9656,Subscription_Boxes,billing,-0.624,-0.624,0.0,False
9656,Subscription_Boxes,content,-0.52205,-0.52205,0.0,False
9660,Subscription_Boxes,content,0.8126,0.8126,0.0,False
9661,Subscription_Boxes,delivery,0.3818,0.3818,0.0,False
9661,Subscription_Boxes,content,0.5762,0.5762,0.0,False
9662,Subscription_Boxes,quality,0.0,0.0,0.0,False
9662,Subscription_Boxes,content,0.7678,0.636,-0.13180000000000003,True
9663,Subscription_Boxes,billing,-0.25,-0.25,0.0,False
9663,Subscription_Boxes,content,0.09790000000000004,0.09790000000000004,0.0,False
9663,Subscription_Boxes,price,0.0,0.0,0.0,False
9666,Subscription_Boxes,delivery,-0.0572,-0.0572,0.0,False
9666,Subscription_Boxes,content,-0.0572,-0.0572,0.0,False
9668,Subscription_Boxes,billing,0.4019,0.0,-0.4019,True
9668,Subscription_Boxes,quality,0.5569,0.8016,0.24470000000000003,True
9671,Subscription_Boxes,quality,0.5468,0.47755000000000003,-0.06924999999999992,True
9671,Subscription_Boxes,price,0.6369,0.6369,0.0,False
9673,Subscription_Boxes,price,0.8172,0.8172,0.0,False
9674,Subscription_Boxes,content,0.7717,0.7717,0.0,False
9676,Subscription_Boxes,content,0.8402,0.8402,0.0,False
9676,Subscription_Boxes,customer_service,0.0,0.0,0.0,False
9677,Subscription_Boxes,content,0.33525,0.33525,0.0,False
9677,Subscription_Boxes,delivery,0.6705,0.6705,0.0,False
9677,Subscription_Boxes,price,0.35805,0.35805,0.0,False
9678,Subscription_Boxes,quality,0.9654,0.9654,0.0,False
9681,Subscription_Boxes,price,-0.4215,-0.4215,0.0,False
9681,Subscription_Boxes,content,-0.03849999999999998,-0.03849999999999998,0.0,False
9683,Subscription_Boxes,content,0.5994,0.5994,0.0,False
9686,Subscription_Boxes,delivery,0.5719,0.5719,0.0,False
9686,Subscription_Boxes,content,0.4019,0.4019,0.0,False
9687,Subscription_Boxes,content,0.3888,0.31805,-0.07074999999999998,True
9688,Subscription_Boxes,content,0.7845,0.7845,0.0,False
9688,Subscription_Boxes,price,0.7845,0.7845,0.0,False
9693,Subscription_Boxes,content,0.5037,0.5037,0.0,False
9696,Subscription_Boxes,billing,-0.4588,-0.4588,0.0,False
9696,Subscription_Boxes,quality,0.6369,0.6369,0.0,False
9697,Subscription_Boxes,delivery,0.7163,0.7163,0.0,False
9699,Subscription_Boxes,content,0.2394333333333333,0.2394333333333333,0.0,False
9706,Subscription_Boxes,content,0.5983,0.5983,0.0,False
9707,Subscription_Boxes,content,0.5023,0.0,-0.5023,True
9708,Subscription_Boxes,content,0.5994,0.5994,0.0,False
9709,Subscription_Boxes,content,0.11315,0.21075,0.09759999999999999,True
9710,Subscription_Boxes,content,0.7539666666666668,0.7539666666666668,0.0,False
9712,Subscription_Boxes,content,0.4927,0.4927,0.0,False
9714,Subscription_Boxes,price,-0.3875,-0.3875,0.0,False
9714,Subscription_Boxes,content,0.0,0.0,0.0,False
9716,Subscription_Boxes,quality,0.5106,0.5106,0.0,False
9716,Subscription_Boxes,content,0.5106,0.5106,0.0,False
9717,Subscription_Boxes,content,-0.5256,-0.5256,0.0,False
9719,Subscription_Boxes,advertising,-0.3612,-0.3612,0.0,False
9719,Subscription_Boxes,delivery,0.0,0.0,0.0,False
9720,Subscription_Boxes,price,0.4215,0.4215,0.0,False
9720,Subscription_Boxes,content,0.0,0.0,0.0,False
9721,Subscription_Boxes,content,0.6249,0.6249,0.0,False
9722,Subscription_Boxes,quality,0.6809333333333334,0.515,-0.16593333333333338,True
9722,Subscription_Boxes,price,0.3294,0.3294,0.0,False
9723,Subscription_Boxes,content,-0.1027,-0.1027,0.0,False
9725,Subscription_Boxes,content,0.8126,0.8126,0.0,False
9727,Subscription_Boxes,quality,0.7003,0.7003,0.0,False
9727,Subscription_Boxes,delivery,0.34,0.34,0.0,False
9728,Subscription_Boxes,billing,-0.4019,-0.4019,0.0,False
9728,Subscription_Boxes,customer_service,0.4753,0.4753,0.0,False
9728,Subscription_Boxes,quality,0.4019,0.4019,0.0,False
9728,Subscription_Boxes,packaging,0.6369,0.6369,0.0,False
9728,Subscription_Boxes,content,0.5928,0.52445,-0.06835000000000002,True
9729,Subscription_Boxes,content,-0.07220000000000004,0.05359999999999998,0.12580000000000002,True
9730,Subscription_Boxes,content,-0.367,-0.19136666666666666,0.17563333333333334,True
9731,Subscription_Boxes,content,0.7845,0.7845,0.0,False
9735,Subscription_Boxes,content,0.3612,0.3612,0.0,False
9737,Subscription_Boxes,billing,0.0,0.0,0.0,False
9737,Subscription_Boxes,quality,-0.2967,0.4754,0.7721,True
9737,Subscription_Boxes,price,0.8481,0.8481,0.0,False
9737,Subscription_Boxes,content,-0.2967,0.4754,0.7721,True
9739,Subscription_Boxes,content,-0.04447999999999998,-0.16212,-0.11764000000000001,True
9739,Subscription_Boxes,quality,-0.1053,-0.1053,0.0,False
9739,Subscription_Boxes,price,-0.05265,-0.05265,0.0,False
9741,Subscription_Boxes,billing,-0.7682500000000001,-0.36460000000000004,0.40365000000000006,True
9741,Subscription_Boxes,content,-0.21715000000000004,-0.3548,-0.13764999999999997,True
9741,Subscription_Boxes,customer_service,-0.4019,-0.4019,0.0,False
9744,Subscription_Boxes,content,0.6107,0.6107,0.0,False
9745,Subscription_Boxes,billing,-0.25,-0.25,0.0,False
9745,Subscription_Boxes,price,0.2579,0.2579,0.0,False
9746,Subscription_Boxes,delivery,0.9403,0.6491,-0.2912,True
9746,Subscription_Boxes,content,0.47015,0.43273333333333336,-0.037416666666666654,True
9747,Subscription_Boxes,content,0.2546,0.2546,0.0,False
9749,Subscription_Boxes,content,0.17585,0.17585,0.0,False
9750,Subscription_Boxes,billing,0.617,0.617,0.0,False
9750,Subscription_Boxes,content,-0.2307,-0.2307,0.0,False
9750,Subscription_Boxes,quality,-0.0258,-0.0258,0.0,False
9751,Subscription_Boxes,billing,-0.4767,-0.4767,0.0,False
9753,Subscription_Boxes,billing,0.5423,0.5423,0.0,False
9754,Subscription_Boxes,quality,0.7639,0.7639,0.0,False
9754,Subscription_Boxes,content,0.6249,0.6249,0.0,False
9755,Subscription_Boxes,content,0.0516,0.0516,0.0,False
9756,Subscription_Boxes,quality,0.8402,0.8402,0.0,False
9757,Subscription_Boxes,price,-0.1695,-0.1695,0.0,False
9758,Subscription_Boxes,content,-0.1779,-0.296,-0.11809999999999998,True
9759,Subscription_Boxes,quality,0.7717,0.7717,0.0,False
9759,Subscription_Boxes,content,0.7139500000000001,0.7139500000000001,0.0,False
9760,Subscription_Boxes,billing,-0.4359,-0.4359,0.0,False
9760,Subscription_Boxes,content,0.1806,0.1806,0.0,False
9761,Subscription_Boxes,price,0.0,0.0,0.0,False
9761,Subscription_Boxes,content,0.3825,0.3825,0.0,False
9762,Subscription_Boxes,content,0.34,0.34,0.0,False
9764,Subscription_Boxes,content,0.0,0.0,0.0,False
9765,Subscription_Boxes,advertising,0.34,0.34,0.0,False
9765,Subscription_Boxes,content,0.34,0.34,0.0,False
9765,Subscription_Boxes,quality,0.34,0.34,0.0,False
9766,Subscription_Boxes,price,0.0,0.0,0.0,False
9767,Subscription_Boxes,price,0.5106,0.5106,0.0,False
9768,Subscription_Boxes,content,0.4215,0.4215,0.0,False
9769,Subscription_Boxes,content,0.0,0.0,0.0,False
9771,Subscription_Boxes,billing,-0.13775,-0.13775,0.0,False
9771,Subscription_Boxes,content,-0.2755,-0.2755,0.0,False
9772,Subscription_Boxes,billing,-0.128,-0.25,-0.122,True
9772,Subscription_Boxes,delivery,0.0,0.0,0.0,False
9772,Subscription_Boxes,price,0.8074,0.8074,0.0,False
9772,Subscription_Boxes,content,0.4037,0.4037,0.0,False
9774,Subscription_Boxes,content,0.6249,0.6249,0.0,False
9775,Subscription_Boxes,price,0.0,0.0,0.0,False
9775,Subscription_Boxes,packaging,0.3818,0.3818,0.0,False
9776,Subscription_Boxes,price,0.0,0.0,0.0,False
9776,Subscription_Boxes,content,0.0,0.0,0.0,False
9777,Subscription_Boxes,price,0.4497,0.3182,-0.1315,True
9781,Subscription_Boxes,quality,0.5859,0.5859,0.0,False
9781,Subscription_Boxes,content,0.5859,0.5859,0.0,False
9782,Subscription_Boxes,billing,-0.45535000000000003,-0.45535000000000003,0.0,False
9782,Subscription_Boxes,content,-0.0258,-0.0258,0.0,False
9783,Subscription_Boxes,billing,0.0,0.0,0.0,False
9783,Subscription_Boxes,content,0.0,0.0,0.0,False
9784,Subscription_Boxes,quality,0.4404,0.4404,0.0,False
9784,Subscription_Boxes,price,0.459,0.2579,-0.2011,True
9784,Subscription_Boxes,advertising,0.4215,0.2263,-0.19519999999999998,True
9784,Subscription_Boxes,content,0.4215,0.2263,-0.19519999999999998,True
9785,Subscription_Boxes,price,0.143,0.143,0.0,False
9785,Subscription_Boxes,content,0.0,0.0,0.0,False
9787,Subscription_Boxes,billing,0.128,0.128,0.0,False
9787,Subscription_Boxes,content,0.128,0.128,0.0,False
9788,Subscription_Boxes,content,0.7269,0.7269,0.0,False
9788,Subscription_Boxes,quality,0.7269,0.7269,0.0,False
9788,Subscription_Boxes,price,0.7269,0.7269,0.0,False
9789,Subscription_Boxes,quality,0.4404,0.4404,0.0,False
9789,Subscription_Boxes,price,0.4404,0.4404,0.0,False
9790,Subscription_Boxes,content,0.4215,0.4215,0.0,False
9793,Subscription_Boxes,delivery,0.0,0.0,0.0,False
9796,Subscription_Boxes,content,-0.5256,-0.5256,0.0,False
9796,Subscription_Boxes,price,0.1114,0.1114,0.0,False
9799,Subscription_Boxes,content,0.0,0.0,0.0,False
9800,Subscription_Boxes,price,0.92,0.8357,-0.08430000000000004,True
9801,Subscription_Boxes,billing,-0.25,-0.25,0.0,False
9801,Subscription_Boxes,content,0.4404,0.4404,0.0,False
9801,Subscription_Boxes,delivery,-0.25,-0.25,0.0,False
9802,Subscription_Boxes,content,0.7089,0.7089,0.0,False
9805,Subscription_Boxes,billing,-0.064,-0.08333333333333333,-0.019333333333333327,True
9805,Subscription_Boxes,price,0.3339,0.3339,0.0,False
9810,Subscription_Boxes,content,-0.5719,-0.5719,0.0,False
9811,Subscription_Boxes,content,0.4215,0.4215,0.0,False
9811,Subscription_Boxes,price,0.0258,0.0258,0.0,False
9812,Subscription_Boxes,quality,0.7397,0.7397,0.0,False
9813,Subscription_Boxes,billing,-0.25,-0.25,0.0,False
9814,Subscription_Boxes,content,0.0,0.0,0.0,False
9814,Subscription_Boxes,price,0.0,0.0,0.0,False
9818,Subscription_Boxes,price,0.7783,0.7783,0.0,False
9818,Subscription_Boxes,content,0.1468,0.1468,0.0,False
9819,Subscription_Boxes,price,-0.1695,-0.1695,0.0,False
9819,Subscription_Boxes,content,-0.26835,-0.26835,0.0,False
9822,Subscription_Boxes,quality,0.0,0.0,0.0,False
9822,Subscription_Boxes,content,0.5719,0.5719,0.0,False
9823,Subscription_Boxes,content,0.3612,0.3612,0.0,False
9823,Subscription_Boxes,price,0.0,0.0,0.0,False
9825,Subscription_Boxes,content,0.1210666666666667,0.08150000000000002,-0.03956666666666668,True
9826,Subscription_Boxes,billing,0.0,0.0,0.0,False
9826,Subscription_Boxes,delivery,0.23929999999999998,0.23929999999999998,0.0,False
9826,Subscription_Boxes,price,-0.1752,-0.1752,0.0,False
9826,Subscription_Boxes,content,0.26095,0.26095,0.0,False
9827,Subscription_Boxes,content,0.59615,0.59615,0.0,False
9828,Subscription_Boxes,content,0.5894,0.5894,0.0,False
9828,Subscription_Boxes,packaging,0.0,0.0,0.0,False
9830,Subscription_Boxes,content,0.8588,0.8588,0.0,False
9831,Subscription_Boxes,quality,0.4927,0.4927,0.0,False
9831,Subscription_Boxes,delivery,0.6059,0.4019,-0.20400000000000001,True
9832,Subscription_Boxes,billing,0.0,0.0,0.0,False
9832,Subscription_Boxes,quality,-0.4767,-0.4767,0.0,False
9834,Subscription_Boxes,packaging,0.0,0.0,0.0,False
9836,Subscription_Boxes,content,0.35423333333333334,0.35423333333333334,0.0,False
9836,Subscription_Boxes,quality,0.0,0.0,0.0,False
9836,Subscription_Boxes,price,-0.3182,-0.3182,0.0,False
9837,Subscription_Boxes,advertising,0.1531,0.1531,0.0,False
9837,Subscription_Boxes,content,0.5574,0.0,-0.5574,True
9838,Subscription_Boxes,delivery,0.25,0.25,0.0,False
9838,Subscription_Boxes,quality,0.25,0.25,0.0,False
9838,Subscription_Boxes,price,-0.2732,0.6705,0.9437,True
9838,Subscription_Boxes,content,0.0,0.0,0.0,False
9839,Subscription_Boxes,advertising,0.064,0.064,0.0,False
9839,Subscription_Boxes,content,0.33003333333333335,0.33003333333333335,0.0,False
9841,Subscription_Boxes,content,0.7845,0.7845,0.0,False
9845,Subscription_Boxes,quality,-0.046,-0.046,0.0,False
9846,Subscription_Boxes,content,0.5106,0.5106,0.0,False
9849,Subscription_Boxes,content,0.24835000000000002,0.24835000000000002,0.0,False
9850,Subscription_Boxes,price,0.4404,0.4404,0.0,False
9851,Subscription_Boxes,content,0.6502,0.6502,0.0,False
9852,Subscription_Boxes,delivery,0.714,0.6249,-0.08909999999999996,True
9852,Subscription_Boxes,content,0.6369,0.6369,0.0,False
9855,Subscription_Boxes,content,-0.3865,-0.3865,0.0,False
9857,Subscription_Boxes,content,-0.7293,-0.7293,0.0,False
9859,Subscription_Boxes,quality,0.4767,0.4767,0.0,False
9861,Subscription_Boxes,content,-0.1695,-0.1695,0.0,False
9861,Subscription_Boxes,price,-0.1695,-0.1695,0.0,False
9864,Subscription_Boxes,content,0.26011428571428574,0.16698888888888894,-0.0931253968253968,True
9866,Subscription_Boxes,quality,0.8313,0.8313,0.0,False
9866,Subscription_Boxes,content,0.8313,0.8313,0.0,False
9868,Subscription_Boxes,advertising,0.0,0.0,0.0,False
9870,Subscription_Boxes,content,0.5204333333333333,0.474775,-0.0456583333333333,True
9872,Subscription_Boxes,content,0.4404,0.4404,0.0,False
9876,Subscription_Boxes,price,-0.1695,-0.1695,0.0,False
9878,Subscription_Boxes,delivery,0.34,0.34,0.0,False
9879,Subscription_Boxes,price,0.929,0.0,-0.929,True
9880,Subscription_Boxes,price,-0.21075,-0.21075,0.0,False
9881,Subscription_Boxes,billing,0.0,0.0,0.0,False
9881,Subscription_Boxes,quality,-0.4767,-0.4767,0.0,False
9881,Subscription_Boxes,delivery,0.0,0.0,0.0,False
9882,Subscription_Boxes,content,0.3612,0.3612,0.0,False
9883,Subscription_Boxes,price,0.4389,0.6369,0.198,True
9883,Subscription_Boxes,content,0.3612,0.3612,0.0,False
9884,Subscription_Boxes,price,0.4215,0.296,-0.1255,True
9886,Subscription_Boxes,content,0.0,0.0,0.0,False
9887,Subscription_Boxes,content,0.943,0.5801,-0.3629,True
9888,Subscription_Boxes,content,0.0,0.0,0.0,False
9890,Subscription_Boxes,content,0.7069,0.7125,0.005600000000000049,True
9890,Subscription_Boxes,price,0.7069,-0.016,-0.7229,True
9892,Subscription_Boxes,delivery,-0.5106,-0.5106,0.0,False
9892,Subscription_Boxes,quality,-0.06894999999999998,-0.06894999999999998,0.0,False
9892,Subscription_Boxes,price,0.6808,0.6808,0.0,False
9892,Subscription_Boxes,content,0.3404,0.3404,0.0,False
9895,Subscription_Boxes,quality,0.0772,0.0772,0.0,False
9897,Subscription_Boxes,billing,-0.294125,-0.294125,0.0,False
9897,Subscription_Boxes,content,-0.0516,-0.0516,0.0,False
9898,Subscription_Boxes,content,0.2662,0.22752500000000003,-0.03867499999999996,True
9899,Subscription_Boxes,content,0.35766666666666663,0.35766666666666663,0.0,False
9899,Subscription_Boxes,quality,0.5382,0.44889999999999997,-0.08930000000000005,True
9899,Subscription_Boxes,packaging,0.5106,0.5106,0.0,False
9901,Subscription_Boxes,price,0.2263,0.2263,0.0,False
9901,Subscription_Boxes,content,0.6369,0.6369,0.0,False
9902,Subscription_Boxes,delivery,0.8402,0.8402,0.0,False
9903,Subscription_Boxes,billing,-0.4215,-0.4215,0.0,False
9903,Subscription_Boxes,quality,0.34,0.5859,0.24589999999999995,True
9903,Subscription_Boxes,price,0.34,0.5859,0.24589999999999995,True
9904,Subscription_Boxes,content,0.8481,0.8481,0.0,False
9904,Subscription_Boxes,price,0.8481,0.8481,0.0,False
9906,Subscription_Boxes,content,0.7783,0.7783,0.0,False
9907,Subscription_Boxes,content,0.0,0.0,0.0,False
9909,Subscription_Boxes,quality,0.5393,0.4404,-0.09889999999999999,True
9909,Subscription_Boxes,content,0.7483500000000001,0.7483500000000001,0.0,False
9910,Subscription_Boxes,billing,-0.4767,-0.4767,0.0,False
9910,Subscription_Boxes,content,0.0,0.0,0.0,False
9911,Subscription_Boxes,delivery,0.7125,0.7125,0.0,False
9911,Subscription_Boxes,quality,0.6996,0.6996,0.0,False
9912,Subscription_Boxes,billing,-0.2732,-0.2732,0.0,False
9912,Subscription_Boxes,delivery,-0.1366,-0.1366,0.0,False
9912,Subscription_Boxes,packaging,0.6801,0.6801,0.0,False
9912,Subscription_Boxes,content,0.4939,0.4939,0.0,False
9914,Subscription_Boxes,content,0.1228,0.1228,0.0,False
9914,Subscription_Boxes,price,0.6428,0.6428,0.0,False
9916,Subscription_Boxes,quality,-0.0745,-0.2006,-0.1261,True
9919,Subscription_Boxes,content,0.0,0.0,0.0,False
9919,Subscription_Boxes,packaging,0.0,0.0,0.0,False
9920,Subscription_Boxes,quality,0.0,0.0,0.0,False
9921,Subscription_Boxes,content,0.2263,0.2263,0.0,False
9922,Subscription_Boxes,content,0.7269,0.7269,0.0,False
9923,Subscription_Boxes,content,0.0,0.0,0.0,False
9924,Subscription_Boxes,price,0.2263,0.2263,0.0,False
9925,Subscription_Boxes,delivery,-0.6642,0.0,0.6642,True
9925,Subscription_Boxes,quality,-0.6642,-0.5096,0.15459999999999996,True
9926,Subscription_Boxes,content,-0.22816666666666666,-0.22816666666666666,0.0,False
9926,Subscription_Boxes,customer_service,0.4549,0.4549,0.0,False
9927,Subscription_Boxes,content,0.5362,0.5362,0.0,False
9928,Subscription_Boxes,content,0.8481,0.8481,0.0,False
9929,Subscription_Boxes,billing,-0.25,-0.25,0.0,False
9930,Subscription_Boxes,content,0.68825,0.68825,0.0,False
9932,Subscription_Boxes,billing,-0.25,-0.25,0.0,False
9932,Subscription_Boxes,delivery,0.4588,0.0,-0.4588,True
9932,Subscription_Boxes,packaging,0.0,0.0,0.0,False
9932,Subscription_Boxes,content,-0.2667,-0.12916666666666668,0.1375333333333333,True
9934,Subscription_Boxes,content,0.064,0.064,0.0,False
9934,Subscription_Boxes,price,0.9049,0.9049,0.0,False
9935,Subscription_Boxes,delivery,0.6369,0.6369,0.0,False
9936,Subscription_Boxes,content,0.6588,0.6588,0.0,False
9942,Subscription_Boxes,content,0.4588,0.4588,0.0,False
9942,Subscription_Boxes,price,0.4588,0.4588,0.0,False
9947,Subscription_Boxes,quality,0.6249,0.6249,0.0,False
9947,Subscription_Boxes,packaging,0.45495,0.41275,-0.042200000000000015,True
9947,Subscription_Boxes,delivery,0.0,0.0,0.0,False
9948,Subscription_Boxes,quality,0.6114,0.6114,0.0,False
9949,Subscription_Boxes,price,0.2732,0.2732,0.0,False
9949,Subscription_Boxes,content,0.11874444444444442,0.10537,-0.013374444444444411,True
9951,Subscription_Boxes,content,0.13846666666666665,0.10385,-0.03461666666666666,True
9951,Subscription_Boxes,price,0.1183,0.1183,0.0,False
9953,Subscription_Boxes,content,0.75,0.75,0.0,False
9954,Subscription_Boxes,quality,0.8402,0.8402,0.0,False
9955,Subscription_Boxes,billing,-0.2714,-0.2714,0.0,False
9955,Subscription_Boxes,delivery,0.0,0.0,0.0,False
9955,Subscription_Boxes,packaging,0.7843,0.5106,-0.27369999999999994,True
9955,Subscription_Boxes,price,0.2989,0.2989,0.0,False
9957,Subscription_Boxes,price,0.6908,0.6908,0.0,False
9958,Subscription_Boxes,quality,0.0,0.0,0.0,False
9958,Subscription_Boxes,packaging,-0.3818,-0.3818,0.0,False
9959,Subscription_Boxes,price,0.40080000000000005,0.3452,-0.05560000000000004,True
9959,Subscription_Boxes,content,0.3397,0.2841,-0.05559999999999998,True
9960,Subscription_Boxes,quality,0.4754,0.4754,0.0,False
9960,Subscription_Boxes,content,0.0,0.0,0.0,False
9965,Subscription_Boxes,packaging,0.6369,0.6369,0.0,False
9966,Subscription_Boxes,billing,0.6808,0.6808,0.0,False
9966,Subscription_Boxes,quality,-0.057616666666666656,-0.057616666666666656,0.0,False
9966,Subscription_Boxes,delivery,-0.4393,-0.4393,0.0,False
9966,Subscription_Boxes,price,-0.008350000000000024,-0.008350000000000024,0.0,False
9966,Subscription_Boxes,content,0.17865999999999999,0.22842,0.049760000000000026,True
9967,Subscription_Boxes,delivery,0.0,0.0,0.0,False
9967,Subscription_Boxes,content,0.6124,0.6124,0.0,False
9968,Subscription_Boxes,content,0.4019,0.4019,0.0,False
9969,Subscription_Boxes,quality,0.6369,0.6369,0.0,False
9969,Subscription_Boxes,content,0.6369,0.6369,0.0,False
9971,Subscription_Boxes,content,0.31405,0.31405,0.0,False
9972,Subscription_Boxes,content,0.47266666666666673,0.47266666666666673,0.0,False
9972,Subscription_Boxes,packaging,0.4005,0.4005,0.0,False
9974,Subscription_Boxes,content,0.9471,0.9471,0.0,False
9974,Subscription_Boxes,packaging,0.9471,0.9471,0.0,False
9977,Subscription_Boxes,billing,-0.25,-0.25,0.0,False
9978,Subscription_Boxes,content,0.56925,0.4572333333333334,-0.11201666666666665,True
9978,Subscription_Boxes,price,0.4389,0.4389,0.0,False
9980,Subscription_Boxes,content,0.8746,0.6989,-0.17570000000000008,True
9983,Subscription_Boxes,content,0.68195,0.661,-0.020949999999999913,True
9984,Subscription_Boxes,content,0.933,0.933,0.0,False
9985,Subscription_Boxes,quality,0.6808,0.0,-0.6808,True
9985,Subscription_Boxes,content,0.3285666666666667,0.10163333333333335,-0.22693333333333332,True
9986,Subscription_Boxes,content,0.8122,0.8122,0.0,False
9987,Subscription_Boxes,price,0.0,0.0,0.0,False
9987,Subscription_Boxes,content,-0.1027,-0.1027,0.0,False
9988,Subscription_Boxes,content,0.1882,0.1882,0.0,False
9990,Subscription_Boxes,price,0.0772,0.0772,0.0,False
9990,Subscription_Boxes,content,-0.2881,-0.0129,0.2752,True
9991,Subscription_Boxes,quality,0.5106,0.5106,0.0,False
9991,Subscription_Boxes,customer_service,0.0,0.0,0.0,False
9993,Subscription_Boxes,content,0.0,0.0,0.0,False
9993,Subscription_Boxes,price,-0.4215,-0.4215,0.0,False
9995,Subscription_Boxes,content,0.08525,0.08525,0.0,False
9995,Subscription_Boxes,packaging,0.4939,0.4939,0.0,False
9995,Subscription_Boxes,price,0.08525,0.08525,0.0,False
9997,Subscription_Boxes,content,0.0,0.0,0.0,False
9997,Subscription_Boxes,price,0.6249,0.6249,0.0,False
9998,Subscription_Boxes,content,0.6705,0.6705,0.0,False
9998,Subscription_Boxes,price,0.5574,0.5574,0.0,False
9999,Subscription_Boxes,content,0.3612,0.3612,0.0,False
10000,Subscription_Boxes,quality,0.0,0.0,0.0,False
10000,Subscription_Boxes,content,0.0,0.0,0.0,False
10001,Subscription_Boxes,billing,0.4901,0.4901,0.0,False
10001,Subscription_Boxes,content,0.4215,0.4215,0.0,False
10004,Subscription_Boxes,content,0.1626,0.1626,0.0,False
10007,Subscription_Boxes,content,0.3763,0.233275,-0.143025,True
10007,Subscription_Boxes,packaging,0.3506,0.5994,0.24880000000000002,True
10008,Subscription_Boxes,delivery,0.0,0.0,0.0,False
10010,Subscription_Boxes,billing,0.0387,0.0,-0.0387,True
10010,Subscription_Boxes,price,0.0387,0.0258,-0.012899999999999998,True
10011,Subscription_Boxes,content,0.7351,0.7351,0.0,False
10011,Subscription_Boxes,quality,0.36979999999999996,0.36979999999999996,0.0,False
10011,Subscription_Boxes,price,0.2465333333333333,0.2465333333333333,0.0,False
10012,Subscription_Boxes,billing,-0.3164,-0.3164,0.0,False
10012,Subscription_Boxes,content,0.0,0.0,0.0,False
10014,Subscription_Boxes,advertising,0.6369,0.6369,0.0,False
10014,Subscription_Boxes,content,0.31845,0.31845,0.0,False
10015,Subscription_Boxes,content,0.59205,0.59205,0.0,False
10017,Subscription_Boxes,content,0.2714714285714286,0.2714714285714286,0.0,False
10017,Subscription_Boxes,price,-0.031100000000000003,-0.031100000000000003,0.0,False
10018,Subscription_Boxes,packaging,-0.1531,-0.1531,0.0,False
10019,Subscription_Boxes,advertising,0.8678,0.8678,0.0,False
10019,Subscription_Boxes,content,0.7717499999999999,0.7717499999999999,0.0,False
10020,Subscription_Boxes,price,0.05135,0.0,-0.05135,True
10021,Subscription_Boxes,delivery,0.0,0.0,0.0,False
10022,Subscription_Boxes,content,0.1909,0.1909,0.0,False
10022,Subscription_Boxes,quality,0.48355,0.48355,0.0,False
10022,Subscription_Boxes,price,0.4404,0.4404,0.0,False
10024,Subscription_Boxes,billing,0.4019,0.4019,0.0,False
10024,Subscription_Boxes,price,-0.6169,-0.6169,0.0,False
10026,Subscription_Boxes,price,0.0,0.0,0.0,False
10026,Subscription_Boxes,packaging,0.765,0.765,0.0,False
10027,Subscription_Boxes,billing,0.2745,0.2745,0.0,False
10027,Subscription_Boxes,content,0.15380000000000002,0.2474,0.09359999999999999,True
10027,Subscription_Boxes,customer_service,0.8271,0.8271,0.0,False
10028,Subscription_Boxes,quality,-0.6276,-0.6276,0.0,False
10028,Subscription_Boxes,content,0.3811,0.6361,0.255,True
10029,Subscription_Boxes,content,0.5859,0.5859,0.0,False
10031,Subscription_Boxes,content,0.3182,0.3182,0.0,False
10031,Subscription_Boxes,price,0.3252,0.3252,0.0,False
10033,Subscription_Boxes,content,0.9087,0.9087,0.0,False
10035,Subscription_Boxes,content,0.280075,0.280075,0.0,False
10036,Subscription_Boxes,content,0.17663333333333334,0.17663333333333334,0.0,False
10037,Subscription_Boxes,content,0.535875,0.427,-0.108875,True
10037,Subscription_Boxes,price,0.8374,0.4019,-0.43550000000000005,True
10038,Subscription_Boxes,content,0.4215,0.4215,0.0,False
10040,Subscription_Boxes,content,0.49260000000000004,0.49260000000000004,0.0,False
10041,Subscription_Boxes,quality,0.7351,0.7351,0.0,False
10041,Subscription_Boxes,packaging,0.7351,0.7351,0.0,False
10044,Subscription_Boxes,quality,0.2023,0.2023,0.0,False
10045,Subscription_Boxes,content,0.1531,0.1531,0.0,False
10047,Subscription_Boxes,content,0.886,0.886,0.0,False
10049,Subscription_Boxes,content,0.7066,0.5542,-0.15239999999999998,True
10049,Subscription_Boxes,delivery,0.7066,0.5542,-0.15239999999999998,True
10049,Subscription_Boxes,packaging,0.0,0.0,0.0,False
10051,Subscription_Boxes,content,0.0,0.0,0.0,False
10052,Subscription_Boxes,content,-0.2755,-0.2755,0.0,False
10052,Subscription_Boxes,price,-0.8347,-0.8347,0.0,False
10053,Subscription_Boxes,content,-0.2628,-0.2628,0.0,False
10054,Subscription_Boxes,billing,-0.25,-0.25,0.0,False
10056,Subscription_Boxes,price,0.555,0.555,0.0,False
10058,Subscription_Boxes,content,-0.17,-0.17,0.0,False
10059,Subscription_Boxes,content,0.7003,0.4404,-0.2599,True
10059,Subscription_Boxes,price,0.7003,0.4404,-0.2599,True
10062,Subscription_Boxes,quality,0.3612,0.3612,0.0,False
10062,Subscription_Boxes,price,0.1806,0.1806,0.0,False
10065,Subscription_Boxes,content,0.7096,0.7096,0.0,False
10065,Subscription_Boxes,quality,0.7096,0.7096,0.0,False
10065,Subscription_Boxes,price,0.06133333333333335,0.06133333333333335,0.0,False
10066,Subscription_Boxes,content,0.80915,0.80915,0.0,False
10070,Subscription_Boxes,content,0.0,0.0,0.0,False
10071,Subscription_Boxes,content,0.807,0.807,0.0,False
10071,Subscription_Boxes,customer_service,0.6476,0.6476,0.0,False
10072,Subscription_Boxes,customer_service,0.1901,0.3612,0.17110000000000003,True
10072,Subscription_Boxes,delivery,0.0,0.0,0.0,False
10072,Subscription_Boxes,price,-0.6652,-0.4215,0.24370000000000003,True
10072,Subscription_Boxes,content,-0.005733333333333331,-0.02413333333333334,-0.01840000000000001,True
10073,Subscription_Boxes,content,0.4215,0.4215,0.0,False
10073,Subscription_Boxes,quality,0.4215,0.4215,0.0,False
10073,Subscription_Boxes,delivery,-0.5423,-0.5423,0.0,False
10074,Subscription_Boxes,content,0.3612,0.3612,0.0,False
10077,Subscription_Boxes,price,-0.4753,-0.4753,0.0,False
10079,Subscription_Boxes,billing,-0.25,-0.25,0.0,False
10079,Subscription_Boxes,content,0.0,0.0,0.0,False
10079,Subscription_Boxes,packaging,0.3902,0.3902,0.0,False
10081,Subscription_Boxes,price,0.057,0.057,0.0,False
10083,Subscription_Boxes,delivery,0.0,0.0,0.0,False
10084,Subscription_Boxes,delivery,0.6249,0.6249,0.0,False
10086,Subscription_Boxes,content,0.29295,0.29295,0.0,False
10086,Subscription_Boxes,packaging,0.4847,0.4847,0.0,False
10087,Subscription_Boxes,billing,0.3818,0.3818,0.0,False
10090,Subscription_Boxes,packaging,0.6705,0.6705,0.0,False
10091,Subscription_Boxes,price,0.0,0.0,0.0,False
10093,Subscription_Boxes,delivery,0.6124,0.6124,0.0,False
10093,Subscription_Boxes,content,0.5936,0.5936,0.0,False
10094,Subscription_Boxes,content,0.636,0.636,0.0,False
10096,Subscription_Boxes,content,0.0,0.0,0.0,False
10097,Subscription_Boxes,content,0.0,0.0,0.0,False
10098,Subscription_Boxes,content,-0.6808,-0.6808,0.0,False
10099,Subscription_Boxes,quality,0.4404,0.1531,-0.2873,True
10099,Subscription_Boxes,content,0.8534,0.6697,-0.18370000000000009,True
10100,Subscription_Boxes,packaging,0.8881,0.8881,0.0,False
10101,Subscription_Boxes,content,0.0772,0.0772,0.0,False
10103,Subscription_Boxes,delivery,0.0,0.0,0.0,False
10106,Subscription_Boxes,advertising,-0.4588,-0.4588,0.0,False
10106,Subscription_Boxes,content,-0.4588,0.0,0.4588,True
10106,Subscription_Boxes,price,0.7269,0.7269,0.0,False
10107,Subscription_Boxes,content,0.3412,0.3412,0.0,False
10110,Subscription_Boxes,delivery,0.11005,0.020549999999999985,-0.08950000000000001,True
10110,Subscription_Boxes,content,-0.2014,-0.3804,-0.17900000000000002,True
10112,Subscription_Boxes,price,0.3257,0.3257,0.0,False
10121,Subscription_Boxes,content,0.7506,0.7506,0.0,False
10125,Subscription_Boxes,delivery,0.647,0.647,0.0,False
10126,Subscription_Boxes,content,0.5994,0.5994,0.0,False
10127,Subscription_Boxes,content,0.09026666666666668,0.09026666666666668,0.0,False
10127,Subscription_Boxes,customer_service,0.6586,0.6586,0.0,False
10127,Subscription_Boxes,delivery,-0.3182,-0.3182,0.0,False
10129,Subscription_Boxes,content,0.567075,0.567075,0.0,False
10131,Subscription_Boxes,price,0.836,0.836,0.0,False
10132,Subscription_Boxes,content,-0.4767,-0.4767,0.0,False
10134,Subscription_Boxes,content,0.3387,0.13544,-0.20326,True
10134,Subscription_Boxes,delivery,0.4404,0.4404,0.0,False
10134,Subscription_Boxes,price,0.7311,0.4019,-0.3292,True
10135,Subscription_Boxes,quality,0.7784500000000001,0.72285,-0.055600000000000094,True
10135,Subscription_Boxes,content,0.5189666666666667,0.4819,-0.03706666666666669,True
10136,Subscription_Boxes,billing,-0.25,-0.25,0.0,False
10137,Subscription_Boxes,quality,-0.7579,-0.6808,0.07710000000000006,True
10137,Subscription_Boxes,content,0.1076,0.4215,0.31389999999999996,True
10138,Subscription_Boxes,quality,0.8016,0.8016,0.0,False
10139,Subscription_Boxes,content,-0.3724,-0.3724,0.0,False
10140,Subscription_Boxes,content,0.0,0.0,0.0,False
10140,Subscription_Boxes,price,0.6249,0.6249,0.0,False
10141,Subscription_Boxes,packaging,0.4448,0.4448,0.0,False
10142,Subscription_Boxes,price,0.4767,0.4767,0.0,False
10142,Subscription_Boxes,content,0.3367,0.3367,0.0,False
10144,Subscription_Boxes,price,-0.6288,-0.6288,0.0,False
10145,Subscription_Boxes,price,-0.296,-0.296,0.0,False
10145,Subscription_Boxes,content,-0.4939,-0.4939,0.0,False
10147,Subscription_Boxes,quality,0.6249,0.6249,0.0,False
10149,Subscription_Boxes,quality,-0.3252,-0.3252,0.0,False
10152,Subscription_Boxes,packaging,0.3384,0.3384,0.0,False
10153,Subscription_Boxes,content,0.4215,0.4215,0.0,False
10154,Subscription_Boxes,delivery,0.4939,0.4939,0.0,False
10155,Subscription_Boxes,price,0.4754,0.4754,0.0,False
10156,Subscription_Boxes,content,0.32483333333333336,0.2948555555555556,-0.02997777777777777,True
10156,Subscription_Boxes,quality,0.4927,0.4927,0.0,False
10156,Subscription_Boxes,packaging,0.631,0.3612,-0.2698,True
10159,Subscription_Boxes,content,0.9413,0.9413,0.0,False
10161,Subscription_Boxes,quality,0.7346,0.7346,0.0,False
10161,Subscription_Boxes,content,0.6592,0.5285000000000001,-0.13069999999999993,True
10162,Subscription_Boxes,content,0.7408,0.7408,0.0,False
10162,Subscription_Boxes,customer_service,0.5859,0.5859,0.0,False
10163,Subscription_Boxes,content,0.3612,0.3612,0.0,False
10163,Subscription_Boxes,price,0.12925,0.12925,0.0,False
10164,Subscription_Boxes,billing,-0.21395,-0.21395,0.0,False
10164,Subscription_Boxes,quality,-0.1779,-0.1779,0.0,False
10164,Subscription_Boxes,price,-0.4019,-0.4019,0.0,False
10164,Subscription_Boxes,content,0.2023,0.2023,0.0,False
10166,Subscription_Boxes,content,0.4374,0.4374,0.0,False
10167,Subscription_Boxes,price,0.9741,0.9741,0.0,False
10168,Subscription_Boxes,quality,0.5106,0.5106,0.0,False
10168,Subscription_Boxes,content,0.461,0.0,-0.461,True
10169,Subscription_Boxes,delivery,0.6517,0.6517,0.0,False
10170,Subscription_Boxes,content,0.5499,0.4404,-0.10950000000000004,True
10171,Subscription_Boxes,content,0.0,0.0,0.0,False
10172,Subscription_Boxes,content,0.4215,0.4215,0.0,False
10172,Subscription_Boxes,quality,0.15305,0.09759999999999999,-0.05545,True
10172,Subscription_Boxes,price,-0.4767,-0.5423,-0.06559999999999999,True
10173,Subscription_Boxes,price,-0.1695,-0.1695,0.0,False
10173,Subscription_Boxes,content,0.7845,0.7845,0.0,False
10174,Subscription_Boxes,content,-0.3626,-0.3626,0.0,False
10175,Subscription_Boxes,quality,0.5994,0.5994,0.0,False
10175,Subscription_Boxes,content,0.5994,0.5994,0.0,False
10176,Subscription_Boxes,billing,0.34,0.34,0.0,False
10176,Subscription_Boxes,content,0.264425,0.264425,0.0,False
10177,Subscription_Boxes,delivery,0.6588,0.6588,0.0,False
10177,Subscription_Boxes,content,0.6588,0.6588,0.0,False
10178,Subscription_Boxes,content,0.25,0.4588,0.20879999999999999,True
10180,Subscription_Boxes,content,0.7579,0.7579,0.0,False
10182,Subscription_Boxes,content,-0.4939,0.4404,0.9343,True
10183,Subscription_Boxes,content,0.957,0.957,0.0,False
10184,Subscription_Boxes,billing,-0.25,-0.25,0.0,False
10186,Subscription_Boxes,quality,0.7845,0.7845,0.0,False
10188,Subscription_Boxes,price,-0.8268,-0.8268,0.0,False
10188,Subscription_Boxes,packaging,0.7264,0.4754,-0.25100000000000006,True
10188,Subscription_Boxes,advertising,-0.8268,-0.8268,0.0,False
10188,Subscription_Boxes,content,-0.4134,-0.4134,0.0,False
10189,Subscription_Boxes,price,-0.5812,-0.5812,0.0,False
10190,Subscription_Boxes,content,0.5859,0.5106,-0.07529999999999992,True
10190,Subscription_Boxes,quality,0.5859,0.2732,-0.3127,True
10190,Subscription_Boxes,packaging,0.5719,0.5719,0.0,False
10191,Subscription_Boxes,price,-0.4215,-0.4215,0.0,False
10191,Subscription_Boxes,content,0.0,0.0,0.0,False
10193,Subscription_Boxes,content,0.0,0.0,0.0,False
10193,Subscription_Boxes,price,-0.5857,0.0,0.5857,True
10194,Subscription_Boxes,price,-0.1361,-0.18745,-0.05135000000000001,True
10194,Subscription_Boxes,content,0.7227,0.7227,0.0,False
10198,Subscription_Boxes,quality,0.6588,0.6588,0.0,False
10198,Subscription_Boxes,content,0.6369,0.6369,0.0,False
10199,Subscription_Boxes,content,0.7269,0.7269,0.0,False
10200,Subscription_Boxes,quality,0.3612,0.3612,0.0,False
10200,Subscription_Boxes,content,0.3612,0.3612,0.0,False
10201,Subscription_Boxes,content,0.7149,0.7149,0.0,False
10201,Subscription_Boxes,price,0.7149,0.7149,0.0,False
10202,Subscription_Boxes,quality,0.4215,0.4215,0.0,False
10203,Subscription_Boxes,billing,-0.0387,-0.0258,0.012899999999999998,True
10204,Subscription_Boxes,content,0.4742,0.4889,0.01469999999999999,True
10206,Subscription_Boxes,content,0.6346,0.6346,0.0,False
10206,Subscription_Boxes,quality,0.5423,0.5423,0.0,False
10206,Subscription_Boxes,price,0.7269,0.7269,0.0,False
10207,Subscription_Boxes,content,0.4404,0.4404,0.0,False
10208,Subscription_Boxes,quality,0.5983,0.5983,0.0,False
10208,Subscription_Boxes,content,0.7443500000000001,0.7443500000000001,0.0,False
10211,Subscription_Boxes,billing,0.6239,0.6239,0.0,False
10211,Subscription_Boxes,content,0.4031,0.4031,0.0,False
10213,Subscription_Boxes,content,0.56435,0.56435,0.0,False
10215,Subscription_Boxes,content,0.11315,0.11315,0.0,False
10215,Subscription_Boxes,price,0.028399999999999995,0.028399999999999995,0.0,False
10217,Subscription_Boxes,content,0.394425,0.394425,0.0,False
10217,Subscription_Boxes,customer_service,0.0,0.0,0.0,False
10219,Subscription_Boxes,delivery,0.4404,0.4404,0.0,False
10221,Subscription_Boxes,packaging,0.4215,0.4215,0.0,False
10223,Subscription_Boxes,content,0.0,0.0,0.0,False
10225,Subscription_Boxes,quality,0.6249,0.6249,0.0,False
10226,Subscription_Boxes,delivery,0.0,0.0,0.0,False
10226,Subscription_Boxes,content,-0.009050000000000002,-0.009050000000000002,0.0,False
10228,Subscription_Boxes,content,0.7906,0.7906,0.0,False
10231,Subscription_Boxes,quality,0.0,0.0,0.0,False
10234,Subscription_Boxes,content,0.3560666666666667,0.04119999999999998,-0.31486666666666674,True
10235,Subscription_Boxes,price,-0.1695,-0.1695,0.0,False
10237,Subscription_Boxes,content,0.8658,0.8658,0.0,False
10238,Subscription_Boxes,content,0.4795,0.4795,0.0,False
10240,Subscription_Boxes,content,0.0,0.0,0.0,False
10241,Subscription_Boxes,content,0.0,0.0,0.0,False
10242,Subscription_Boxes,content,-0.5574,-0.5574,0.0,False
10242,Subscription_Boxes,price,-0.5574,-0.5574,0.0,False
10243,Subscription_Boxes,quality,0.5106,0.5106,0.0,False
10246,Subscription_Boxes,content,0.472275,0.472275,0.0,False
10246,Subscription_Boxes,quality,0.6908,0.6908,0.0,False
10246,Subscription_Boxes,delivery,0.6908,0.6908,0.0,False
10247,Subscription_Boxes,delivery,0.6705,0.0,-0.6705,True
10247,Subscription_Boxes,content,0.6705,0.3818,-0.2887,True
10248,Subscription_Boxes,billing,-0.09979999999999999,-0.09979999999999999,0.0,False
10248,Subscription_Boxes,content,-0.4215,-0.4215,0.0,False
10248,Subscription_Boxes,delivery,-0.4019,-0.4019,0.0,False
10249,Subscription_Boxes,content,-0.1531,0.0,0.1531,True
10250,Subscription_Boxes,content,0.25,0.0,-0.25,True
10251,Subscription_Boxes,quality,0.7184,0.7184,0.0,False
10251,Subscription_Boxes,content,0.7184,0.7184,0.0,False
10253,Subscription_Boxes,billing,-0.25,-0.25,0.0,False
10253,Subscription_Boxes,content,-0.125,-0.125,0.0,False
10256,Subscription_Boxes,quality,0.4404,0.4404,0.0,False
10256,Subscription_Boxes,price,0.6115,0.6115,0.0,False
10257,Subscription_Boxes,billing,0.4926,0.4926,0.0,False
10259,Subscription_Boxes,delivery,0.0,0.0,0.0,False
10259,Subscription_Boxes,packaging,0.2553,0.2553,0.0,False
10260,Subscription_Boxes,price,0.2263,0.2263,0.0,False
10261,Subscription_Boxes,quality,0.6369,0.6369,0.0,False
10261,Subscription_Boxes,content,0.6369,0.6369,0.0,False
10262,Subscription_Boxes,billing,-0.16365000000000002,-0.16365000000000002,0.0,False
10262,Subscription_Boxes,content,0.2263,0.2263,0.0,False
10262,Subscription_Boxes,customer_service,-0.6697,-0.6697,0.0,False
10264,Subscription_Boxes,billing,-0.0516,-0.0516,0.0,False
10264,Subscription_Boxes,quality,0.5719,0.5719,0.0,False
10265,Subscription_Boxes,price,0.7227,0.0,-0.7227,True
10265,Subscription_Boxes,content,0.3818,0.3818,0.0,False
10266,Subscription_Boxes,billing,-0.25,-0.25,0.0,False
10266,Subscription_Boxes,quality,-0.1033,-0.1033,0.0,False
10266,Subscription_Boxes,price,-0.1033,-0.1033,0.0,False
10267,Subscription_Boxes,delivery,0.4005,0.4005,0.0,False
10267,Subscription_Boxes,content,0.70175,0.70175,0.0,False
10268,Subscription_Boxes,content,-0.62795,-0.5508,0.07715000000000005,True
10269,Subscription_Boxes,content,0.9109,0.8271,-0.0838000000000001,True
10270,Subscription_Boxes,price,0.3239,0.2579,-0.066,True
10271,Subscription_Boxes,delivery,-0.5181666666666667,-0.5181666666666667,0.0,False
10271,Subscription_Boxes,packaging,0.4215,0.4215,0.0,False
10272,Subscription_Boxes,price,-0.0541,-0.0541,0.0,False
10272,Subscription_Boxes,content,0.2755,0.2755,0.0,False
10273,Subscription_Boxes,content,0.3716,0.0,-0.3716,True
10274,Subscription_Boxes,delivery,0.6517,0.6517,0.0,False
10277,Subscription_Boxes,content,0.1779,0.1779,0.0,False
10277,Subscription_Boxes,price,0.08895,0.08895,0.0,False
10278,Subscription_Boxes,content,0.0,0.0,0.0,False
10279,Subscription_Boxes,price,0.3252,0.3252,0.0,False
10281,Subscription_Boxes,content,0.6908,0.6908,0.0,False
10281,Subscription_Boxes,price,0.6908,0.6908,0.0,False
10284,Subscription_Boxes,content,0.7773,0.7773,0.0,False
10288,Subscription_Boxes,content,0.6249,0.6249,0.0,False
10289,Subscription_Boxes,content,0.54875,0.54875,0.0,False
10290,Subscription_Boxes,price,0.8313,0.8313,0.0,False
10290,Subscription_Boxes,content,0.46655,0.28595,-0.18060000000000004,True
10291,Subscription_Boxes,content,0.024,0.024,0.0,False
10292,Subscription_Boxes,price,0.7777,0.7777,0.0,False
10294,Subscription_Boxes,price,0.4623,0.4623,0.0,False
10295,Subscription_Boxes,delivery,0.0,0.0,0.0,False
10296,Subscription_Boxes,content,0.8957,0.8957,0.0,False
10297,Subscription_Boxes,customer_service,0.8516,0.8516,0.0,False
10297,Subscription_Boxes,quality,0.7906,0.7906,0.0,False
10297,Subscription_Boxes,delivery,0.8516,0.8516,0.0,False
10297,Subscription_Boxes,content,0.7906,0.7906,0.0,False
10298,Subscription_Boxes,content,-0.41079999999999994,-0.41079999999999994,0.0,False
10298,Subscription_Boxes,customer_service,-0.5423,-0.5423,0.0,False
10299,Subscription_Boxes,content,0.4939,0.4939,0.0,False
10300,Subscription_Boxes,billing,-0.25,-0.25,0.0,False
10300,Subscription_Boxes,quality,-0.2779,-0.2628,0.015100000000000002,True
10300,Subscription_Boxes,price,0.0,0.0,0.0,False
10300,Subscription_Boxes,content,-0.2779,-0.2628,0.015100000000000002,True
10301,Subscription_Boxes,content,0.5719,0.5719,0.0,False
10302,Subscription_Boxes,content,0.5106,0.5106,0.0,False
10304,Subscription_Boxes,content,0.8858,0.8858,0.0,False
10304,Subscription_Boxes,price,0.8858,0.8858,0.0,False
10305,Subscription_Boxes,quality,-0.4767,-0.4767,0.0,False
10306,Subscription_Boxes,content,0.57285,0.57285,0.0,False
10307,Subscription_Boxes,content,0.8687,0.8687,0.0,False
10308,Subscription_Boxes,quality,0.8377,0.8377,0.0,False
10308,Subscription_Boxes,packaging,0.2294,0.2294,0.0,False
10311,Subscription_Boxes,price,0.09530000000000001,0.13545000000000001,0.040150000000000005,True
10311,Subscription_Boxes,content,-0.07696666666666667,0.00630000000000001,0.08326666666666668,True
10312,Subscription_Boxes,delivery,0.8658,0.8658,0.0,False
10312,Subscription_Boxes,price,0.8658,0.8658,0.0,False
10313,Subscription_Boxes,content,0.61785,0.61785,0.0,False
10314,Subscription_Boxes,billing,0.7543,0.4404,-0.31389999999999996,True
10316,Subscription_Boxes,content,0.173,0.173,0.0,False
10319,Subscription_Boxes,content,0.4588,0.4588,0.0,False
10321,Subscription_Boxes,content,-0.0387,0.0,0.0387,True
10321,Subscription_Boxes,price,0.12775,0.10850000000000001,-0.01924999999999999,True
10322,Subscription_Boxes,content,0.49733333333333335,0.49733333333333335,0.0,False
10322,Subscription_Boxes,packaging,0.4939,0.4939,0.0,False
10323,Subscription_Boxes,billing,-0.25,-0.25,0.0,False
10324,Subscription_Boxes,billing,-0.6956,-0.34,0.35559999999999997,True
10325,Subscription_Boxes,content,0.2023,0.2023,0.0,False
10326,Subscription_Boxes,price,0.2942,0.2942,0.0,False
10329,Subscription_Boxes,price,0.4588,0.4588,0.0,False
10329,Subscription_Boxes,content,0.6351,0.6351,0.0,False
10330,Subscription_Boxes,content,0.33853999999999995,0.31184,-0.026699999999999946,True
10330,Subscription_Boxes,customer_service,0.31195,0.31195,0.0,False
10331,Subscription_Boxes,content,0.2732,0.2732,0.0,False
10332,Subscription_Boxes,quality,0.4404,0.4404,0.0,False
10333,Subscription_Boxes,content,0.5127,0.5093333333333333,-0.00336666666666674,True
10336,Subscription_Boxes,content,0.12695,0.12695,0.0,False
10337,Subscription_Boxes,delivery,0.0,0.0,0.0,False
10337,Subscription_Boxes,content,0.05337499999999999,0.05337499999999999,0.0,False
10340,Subscription_Boxes,content,0.8624,0.8624,0.0,False
10340,Subscription_Boxes,price,0.8624,0.8624,0.0,False
10344,Subscription_Boxes,content,0.6389,0.40390000000000004,-0.235,True
10344,Subscription_Boxes,price,0.6389,0.3612,-0.2777,True
10347,Subscription_Boxes,quality,0.9145,0.9145,0.0,False
10347,Subscription_Boxes,content,0.9072,0.9072,0.0,False
10348,Subscription_Boxes,quality,0.0,0.0,0.0,False
10348,Subscription_Boxes,content,0.1753,0.0,-0.1753,True
10349,Subscription_Boxes,content,0.0,0.0,0.0,False
10350,Subscription_Boxes,packaging,0.7814,0.4939,-0.2875,True
10351,Subscription_Boxes,quality,0.5413,0.5413,0.0,False
10353,Subscription_Boxes,quality,0.0,0.0,0.0,False
10354,Subscription_Boxes,quality,0.4927,0.4927,0.0,False
10355,Subscription_Boxes,price,0.0,0.0,0.0,False
10355,Subscription_Boxes,content,0.2235,0.2235,0.0,False
10357,Subscription_Boxes,delivery,0.0,0.0,0.0,False
10357,Subscription_Boxes,content,0.15949166666666667,0.21004166666666668,0.05055000000000001,True
10358,Subscription_Boxes,content,0.8122,0.8122,0.0,False
10361,Subscription_Boxes,billing,0.2023,0.2023,0.0,False
10361,Subscription_Boxes,content,0.0772,0.0772,0.0,False
10362,Subscription_Boxes,billing,0.05135,0.05135,0.0,False
10364,Subscription_Boxes,billing,0.3645,0.3645,0.0,False
10365,Subscription_Boxes,price,0.0,0.0,0.0,False
10366,Subscription_Boxes,quality,0.0,0.0,0.0,False
10366,Subscription_Boxes,packaging,0.0,0.0,0.0,False
10367,Subscription_Boxes,price,-0.4215,-0.4215,0.0,False
10368,Subscription_Boxes,price,0.0603,0.0603,0.0,False
10368,Subscription_Boxes,content,0.35445,0.35445,0.0,False
10370,Subscription_Boxes,billing,-0.25,-0.25,0.0,False
10370,Subscription_Boxes,quality,0.0,0.0,0.0,False
10370,Subscription_Boxes,price,0.0,0.0,0.0,False
10370,Subscription_Boxes,content,0.056575,0.0843,0.027725,True
10376,Subscription_Boxes,content,0.537,0.34120000000000006,-0.19579999999999997,True
10378,Subscription_Boxes,billing,-0.25,-0.25,0.0,False
10378,Subscription_Boxes,delivery,0.0,0.0,0.0,False
10378,Subscription_Boxes,price,0.0,0.0,0.0,False
10378,Subscription_Boxes,packaging,0.0,0.0,0.0,False
10378,Subscription_Boxes,content,0.7906,0.7906,0.0,False
10379,Subscription_Boxes,content,-0.4939,0.4404,0.9343,True
10381,Subscription_Boxes,content,0.4404,0.4404,0.0,False
10383,Subscription_Boxes,content,-0.2755,-0.2755,0.0,False
10384,Subscription_Boxes,quality,0.6908,0.6908,0.0,False
10384,Subscription_Boxes,price,0.7872666666666666,0.7872666666666666,0.0,False
10384,Subscription_Boxes,delivery,0.5386,0.5386,0.0,False
10384,Subscription_Boxes,content,0.7937124999999999,0.7937124999999999,0.0,False
10385,Subscription_Boxes,price,0.7371,0.7371,0.0,False
10385,Subscription_Boxes,content,0.6597,0.4019,-0.2578,True
10386,Subscription_Boxes,billing,-0.05135,-0.05135,0.0,False
10386,Subscription_Boxes,price,0.207825,0.207825,0.0,False
10388,Subscription_Boxes,content,0.8713,0.8713,0.0,False
10388,Subscription_Boxes,quality,0.8713,0.8713,0.0,False
10388,Subscription_Boxes,price,0.8713,0.8713,0.0,False
10393,Subscription_Boxes,quality,0.3612,0.3612,0.0,False
10394,Subscription_Boxes,content,0.8954500000000001,0.8954500000000001,0.0,False
10395,Subscription_Boxes,content,0.8798,0.8798,0.0,False
10396,Subscription_Boxes,content,0.7391,-0.2023,-0.9414,True
10396,Subscription_Boxes,price,0.7391,0.6249,-0.11419999999999997,True
10397,Subscription_Boxes,content,0.69225,0.62885,-0.06340000000000001,True
10397,Subscription_Boxes,delivery,0.3291,0.0,-0.3291,True
10397,Subscription_Boxes,price,0.5574,0.5574,0.0,False
10398,Subscription_Boxes,quality,0.8203,0.8203,0.0,False
10399,Subscription_Boxes,billing,-0.25,-0.25,0.0,False
10399,Subscription_Boxes,content,0.2775666666666667,0.2775666666666667,0.0,False
10399,Subscription_Boxes,price,-0.5881,-0.5881,0.0,False
10400,Subscription_Boxes,delivery,0.0,0.0,0.0,False
10400,Subscription_Boxes,content,0.0,0.0,0.0,False
10402,Subscription_Boxes,content,0.0,0.0,0.0,False
10403,Subscription_Boxes,content,0.7191000000000001,0.7191000000000001,0.0,False
10403,Subscription_Boxes,quality,0.8516,0.8516,0.0,False
10403,Subscription_Boxes,price,0.5423,0.5423,0.0,False
10404,Subscription_Boxes,content,0.5267,0.5267,0.0,False
10405,Subscription_Boxes,content,0.0,0.0,0.0,False
10408,Subscription_Boxes,packaging,-0.4003,-0.4003,0.0,False
10410,Subscription_Boxes,content,0.0,0.0,0.0,False
10411,Subscription_Boxes,billing,0.08574999999999999,0.08574999999999999,0.0,False
10411,Subscription_Boxes,content,0.24323333333333333,0.24323333333333333,0.0,False
10411,Subscription_Boxes,quality,-0.3804,-0.3804,0.0,False
10412,Subscription_Boxes,content,0.5859,0.5859,0.0,False
10414,Subscription_Boxes,quality,0.4404,0.4404,0.0,False
10414,Subscription_Boxes,price,0.2263,0.2263,0.0,False
10414,Subscription_Boxes,packaging,0.34,0.34,0.0,False
10414,Subscription_Boxes,content,0.3902,0.3902,0.0,False
10415,Subscription_Boxes,content,0.8126,0.8126,0.0,False
10416,Subscription_Boxes,delivery,0.5994,0.5994,0.0,False
10416,Subscription_Boxes,content,0.5104500000000001,0.5104500000000001,0.0,False
10417,Subscription_Boxes,price,-0.5371,-0.2955,0.24160000000000004,True
10418,Subscription_Boxes,billing,-0.1695,-0.1695,0.0,False
10418,Subscription_Boxes,content,-0.1695,-0.1695,0.0,False
10422,Subscription_Boxes,content,0.5258,0.4328,-0.09300000000000003,True
10422,Subscription_Boxes,delivery,0.7088,0.7088,0.0,False
10422,Subscription_Boxes,price,0.3428,0.0,-0.3428,True
10423,Subscription_Boxes,price,0.9403,0.9403,0.0,False
10424,Subscription_Boxes,content,-0.05149999999999999,-0.05149999999999999,0.0,False
10424,Subscription_Boxes,packaging,-0.8126,-0.8126,0.0,False
10425,Subscription_Boxes,delivery,0.0,0.0,0.0,False
10425,Subscription_Boxes,packaging,0.0,0.0,0.0,False
10426,Subscription_Boxes,billing,-0.4329,-0.4329,0.0,False
10426,Subscription_Boxes,delivery,-0.2648,-0.2648,0.0,False
10426,Subscription_Boxes,price,-0.2362,-0.2362,0.0,False
10426,Subscription_Boxes,packaging,-0.3182,-0.3182,0.0,False
10426,Subscription_Boxes,content,0.07543333333333334,0.07543333333333334,0.0,False
10428,Subscription_Boxes,quality,0.0,0.0,0.0,False
10429,Subscription_Boxes,delivery,0.7198,0.7198,0.0,False
10430,Subscription_Boxes,content,0.28595,0.28595,0.0,False
10432,Subscription_Boxes,billing,-0.3612,-0.25,0.11120000000000002,True
10432,Subscription_Boxes,content,-0.296,-0.296,0.0,False
10433,Subscription_Boxes,content,-0.5549,-0.3612,0.19369999999999993,True
10433,Subscription_Boxes,price,-0.5549,-0.3612,0.19369999999999993,True
10434,Subscription_Boxes,delivery,0.8126,0.8126,0.0,False
10434,Subscription_Boxes,content,0.87195,0.83755,-0.034399999999999986,True
10435,Subscription_Boxes,content,0.6696,0.6696,0.0,False
10435,Subscription_Boxes,customer_service,0.0,0.0,0.0,False
10437,Subscription_Boxes,price,0.0,0.0,0.0,False
10438,Subscription_Boxes,packaging,0.2716,0.2716,0.0,False
10439,Subscription_Boxes,content,0.16519999999999999,0.18133333333333335,0.01613333333333336,True
10441,Subscription_Boxes,delivery,0.47985,0.47985,0.0,False
10441,Subscription_Boxes,price,0.0258,0.0258,0.0,False
10442,Subscription_Boxes,content,0.802,0.802,0.0,False
10442,Subscription_Boxes,price,0.7501,0.7501,0.0,False
10443,Subscription_Boxes,price,0.5719,0.5719,0.0,False
10444,Subscription_Boxes,quality,0.636,0.636,0.0,False
10444,Subscription_Boxes,content,0.63645,0.63645,0.0,False
10445,Subscription_Boxes,billing,-0.8832,-0.8832,0.0,False
10446,Subscription_Boxes,delivery,0.0,0.0,0.0,False
10447,Subscription_Boxes,content,0.2936,0.2936,0.0,False
10449,Subscription_Boxes,advertising,0.0,0.0,0.0,False
10452,Subscription_Boxes,content,0.0,0.0,0.0,False
10455,Subscription_Boxes,content,0.6908,0.6908,0.0,False
10456,Subscription_Boxes,price,0.6486,0.6486,0.0,False
10456,Subscription_Boxes,content,0.2382,0.4404,0.20220000000000002,True
10458,Subscription_Boxes,content,0.0,0.0,0.0,False
10460,Subscription_Boxes,content,0.088,0.088,0.0,False
10461,Subscription_Boxes,content,0.0,0.0,0.0,False
10461,Subscription_Boxes,price,0.0,0.0,0.0,False
10462,Subscription_Boxes,content,0.3907,0.45156666666666667,0.06086666666666668,True
10466,Subscription_Boxes,content,0.7701,0.7701,0.0,False
10467,Subscription_Boxes,price,0.92,0.8172,-0.1028,True
10469,Subscription_Boxes,content,0.0,0.0,0.0,False
10469,Subscription_Boxes,packaging,0.4404,0.4404,0.0,False
10469,Subscription_Boxes,price,0.7906,0.7906,0.0,False
10470,Subscription_Boxes,delivery,0.4588,0.4588,0.0,False
10470,Subscription_Boxes,content,0.4588,0.4588,0.0,False
10474,Subscription_Boxes,content,0.6356999999999999,0.4578,-0.17789999999999995,True
10474,Subscription_Boxes,price,0.6185499999999999,0.6185499999999999,0.0,False
10475,Subscription_Boxes,quality,0.7845,0.7845,0.0,False
10475,Subscription_Boxes,price,0.7845,0.7845,0.0,False
10476,Subscription_Boxes,price,0.7003,0.4404,-0.2599,True
10476,Subscription_Boxes,content,0.3811,0.0,-0.3811,True
10477,Subscription_Boxes,content,0.29969999999999997,0.29969999999999997,0.0,False
10478,Subscription_Boxes,content,0.1859,0.0,-0.1859,True
10478,Subscription_Boxes,price,0.10115,0.0442,-0.05695,True
10482,Subscription_Boxes,quality,-0.1591,-0.1591,0.0,False
10482,Subscription_Boxes,content,0.6309,0.6309,0.0,False
10485,Subscription_Boxes,price,0.8591,0.8591,0.0,False
10486,Subscription_Boxes,delivery,0.0,0.0,0.0,False
10486,Subscription_Boxes,content,0.2382,0.4404,0.20220000000000002,True
10487,Subscription_Boxes,quality,0.0,0.0,0.0,False
10487,Subscription_Boxes,content,0.20095,0.20095,0.0,False
10488,Subscription_Boxes,content,0.3612,0.3612,0.0,False
10489,Subscription_Boxes,quality,0.6124,0.6124,0.0,False
10490,Subscription_Boxes,billing,0.0,0.0,0.0,False
10490,Subscription_Boxes,content,0.021179999999999997,0.021179999999999997,0.0,False
10490,Subscription_Boxes,price,0.4019,0.4019,0.0,False
10491,Subscription_Boxes,advertising,0.0,0.0,0.0,False
10493,Subscription_Boxes,billing,-0.2755,-0.2755,0.0,False
10494,Subscription_Boxes,packaging,-0.7579,0.0,0.7579,True
10495,Subscription_Boxes,quality,0.7579,0.7579,0.0,False
10495,Subscription_Boxes,content,0.7579,0.7579,0.0,False
10498,Subscription_Boxes,delivery,0.0129,0.0129,0.0,False
10498,Subscription_Boxes,price,0.0,0.0,0.0,False
10499,Subscription_Boxes,delivery,0.0,0.0,0.0,False
10503,Subscription_Boxes,price,0.0,0.0,0.0,False
10504,Subscription_Boxes,content,0.4728,0.4728,0.0,False
10504,Subscription_Boxes,packaging,0.8495,0.8495,0.0,False
10509,Subscription_Boxes,packaging,0.8111,0.8303,0.019199999999999995,True
10510,Subscription_Boxes,content,0.6369,0.6369,0.0,False
10513,Subscription_Boxes,price,0.7707,-0.34,-1.1107,True
10513,Subscription_Boxes,content,0.6217166666666667,0.6097333333333333,-0.011983333333333346,True
10515,Subscription_Boxes,advertising,0.0,0.0,0.0,False
10515,Subscription_Boxes,content,0.0,0.0,0.0,False
10515,Subscription_Boxes,packaging,0.27115,0.27115,0.0,False
10516,Subscription_Boxes,quality,-0.4215,0.0,0.4215,True
10516,Subscription_Boxes,content,-0.14675,-0.08399999999999999,0.06275,True
10518,Subscription_Boxes,billing,-0.5277,-0.5277,0.0,False
10518,Subscription_Boxes,content,-0.4767,-0.4767,0.0,False
10518,Subscription_Boxes,quality,-0.5277,-0.5277,0.0,False
10519,Subscription_Boxes,billing,-0.25,-0.25,0.0,False
10520,Subscription_Boxes,content,0.7302,0.7269,-0.0032999999999999696,True
10520,Subscription_Boxes,price,0.6712,0.6712,0.0,False
10521,Subscription_Boxes,content,-0.4439,-0.4439,0.0,False
10523,Subscription_Boxes,billing,0.17,0.17,0.0,False
10523,Subscription_Boxes,delivery,0.34,0.34,0.0,False
10524,Subscription_Boxes,price,-0.34,-0.34,0.0,False
10524,Subscription_Boxes,content,0.0,0.0,0.0,False
10527,Subscription_Boxes,content,0.2255,0.4201,0.19459999999999997,True
10528,Subscription_Boxes,billing,-0.228,-0.228,0.0,False
10528,Subscription_Boxes,delivery,-0.228,-0.228,0.0,False
10528,Subscription_Boxes,price,-0.228,-0.228,0.0,False
10528,Subscription_Boxes,content,-0.114,-0.114,0.0,False
10529,Subscription_Boxes,content,0.2772,-0.0828,-0.36,True
10530,Subscription_Boxes,content,0.6361,0.6361,0.0,False
10531,Subscription_Boxes,delivery,0.9022,0.9022,0.0,False
10531,Subscription_Boxes,packaging,0.1531,0.1531,0.0,False
10532,Subscription_Boxes,content,0.8481,0.8481,0.0,False
10532,Subscription_Boxes,price,0.8481,0.8481,0.0,False
10533,Subscription_Boxes,content,-0.148,-0.148,0.0,False
10534,Subscription_Boxes,content,0.38786666666666664,0.2909,-0.09696666666666665,True
10534,Subscription_Boxes,quality,0.0,0.0,0.0,False
10534,Subscription_Boxes,price,0.6369,0.6369,0.0,False
10535,Subscription_Boxes,billing,-0.1969,-0.1969,0.0,False
10535,Subscription_Boxes,content,-0.09350000000000001,-0.09350000000000001,0.0,False
10535,Subscription_Boxes,delivery,-0.2805,-0.2805,0.0,False
10537,Subscription_Boxes,delivery,0.4939,0.4939,0.0,False
10537,Subscription_Boxes,content,0.7184,0.7184,0.0,False
10538,Subscription_Boxes,content,0.0,0.0,0.0,False
10539,Subscription_Boxes,content,0.33564000000000005,0.33564000000000005,0.0,False
10540,Subscription_Boxes,content,0.6297,0.4754,-0.15430000000000005,True
10541,Subscription_Boxes,content,-0.01705,-0.01705,0.0,False
10544,Subscription_Boxes,content,0.5719,0.5719,0.0,False
10545,Subscription_Boxes,quality,0.4754,0.4754,0.0,False
10545,Subscription_Boxes,content,0.3612,0.3612,0.0,False
10548,Subscription_Boxes,content,0.807,0.807,0.0,False
10549,Subscription_Boxes,content,-0.4019,-0.4019,0.0,False
10551,Subscription_Boxes,delivery,0.2584,0.2584,0.0,False
10552,Subscription_Boxes,content,0.42079999999999995,0.42079999999999995,0.0,False
10552,Subscription_Boxes,quality,0.4201,0.4201,0.0,False
10552,Subscription_Boxes,delivery,-0.4019,-0.4019,0.0,False
10553,Subscription_Boxes,price,0.6486,0.6486,0.0,False
10554,Subscription_Boxes,content,-0.62795,-0.5508,0.07715000000000005,True
10555,Subscription_Boxes,content,0.0,0.0,0.0,False
10557,Subscription_Boxes,content,0.75135,0.75135,0.0,False
10558,Subscription_Boxes,billing,0.4274,-0.25,-0.6774,True
10559,Subscription_Boxes,content,0.3715,0.1366,-0.2349,True
10561,Subscription_Boxes,billing,-0.4114,-0.1346,0.2768,True
10561,Subscription_Boxes,delivery,-0.2057,0.0134,0.2191,True
10562,Subscription_Boxes,content,0.6181,0.2516,-0.3665,True
10563,Subscription_Boxes,billing,0.4939,0.4939,0.0,False
10563,Subscription_Boxes,quality,-0.3612,-0.3612,0.0,False
10563,Subscription_Boxes,price,0.4939,0.4939,0.0,False
10563,Subscription_Boxes,delivery,0.0,0.0,0.0,False
10563,Subscription_Boxes,content,-0.3291,0.5267,0.8557999999999999,True
10564,Subscription_Boxes,content,0.48019999999999996,0.48019999999999996,0.0,False
10565,Subscription_Boxes,content,-0.34,-0.34,0.0,False
10569,Subscription_Boxes,content,0.70715,0.63645,-0.07069999999999999,True
10570,Subscription_Boxes,delivery,0.359625,0.411,0.051375000000000004,True
10570,Subscription_Boxes,content,0.2481,0.2481,0.0,False
10572,Subscription_Boxes,quality,0.0,0.0,0.0,False
10572,Subscription_Boxes,content,0.4267,0.4267,0.0,False
10573,Subscription_Boxes,content,0.6426,0.6426,0.0,False
10575,Subscription_Boxes,delivery,0.7351,0.0,-0.7351,True
10578,Subscription_Boxes,content,0.5499,0.0,-0.5499,True
10579,Subscription_Boxes,billing,-0.25,-0.25,0.0,False
10579,Subscription_Boxes,price,-0.1695,-0.1695,0.0,False
10580,Subscription_Boxes,content,-0.3182,-0.3182,0.0,False
10580,Subscription_Boxes,delivery,-0.3182,-0.3182,0.0,False
10580,Subscription_Boxes,price,0.1027,0.1027,0.0,False
10587,Subscription_Boxes,content,-0.2183,-0.2183,0.0,False
10588,Subscription_Boxes,content,-0.0382,-0.0382,0.0,False
10590,Subscription_Boxes,content,0.0,0.0,0.0,False
10595,Subscription_Boxes,billing,0.3818,-0.25,-0.6317999999999999,True
10597,Subscription_Boxes,content,0.5927,0.4404,-0.1523,True
10599,Subscription_Boxes,quality,0.8831,0.7425,-0.14059999999999995,True
10600,Subscription_Boxes,content,0.631,0.39135,-0.23965000000000003,True
10601,Subscription_Boxes,content,0.0,0.0,0.0,False
10602,Subscription_Boxes,quality,-0.34,-0.34,0.0,False
10602,Subscription_Boxes,content,-0.34,-0.34,0.0,False
10603,Subscription_Boxes,billing,-0.2057,-0.2057,0.0,False
10603,Subscription_Boxes,content,-0.2057,-0.2057,0.0,False
10605,Subscription_Boxes,quality,0.7602,-0.0946,-0.8548,True
10606,Subscription_Boxes,content,-0.743,-0.6705,0.07250000000000001,True
10606,Subscription_Boxes,packaging,-0.4767,-0.4767,0.0,False
10607,Subscription_Boxes,billing,-0.25,-0.25,0.0,False
10607,Subscription_Boxes,content,0.39225,0.39225,0.0,False
10607,Subscription_Boxes,price,-0.7506,-0.7506,0.0,False
10608,Subscription_Boxes,content,-0.019219999999999994,-0.019219999999999994,0.0,False
10609,Subscription_Boxes,billing,0.1736,0.1736,0.0,False
10610,Subscription_Boxes,content,-0.6352,-0.6352,0.0,False
10611,Subscription_Boxes,price,-0.1695,-0.1695,0.0,False
10611,Subscription_Boxes,packaging,0.0,0.0,0.0,False
10612,Subscription_Boxes,billing,0.0,0.0,0.0,False
10612,Subscription_Boxes,content,-0.0427,-0.11280000000000001,-0.07010000000000001,True
10613,Subscription_Boxes,price,-0.1695,-0.1695,0.0,False
10615,Subscription_Boxes,price,-0.25,-0.25,0.0,False
10616,Subscription_Boxes,content,0.54825,0.54825,0.0,False
10616,Subscription_Boxes,quality,0.9186,0.9186,0.0,False
10616,Subscription_Boxes,price,0.1779,0.1779,0.0,False
10618,Subscription_Boxes,billing,0.5859,0.5859,0.0,False
10618,Subscription_Boxes,content,-0.00415,0.1591,0.16324999999999998,True
10618,Subscription_Boxes,quality,-0.0083,0.3182,0.32649999999999996,True
10620,Subscription_Boxes,content,0.4939,0.4939,0.0,False
10620,Subscription_Boxes,price,0.5719,0.5719,0.0,False
10622,Subscription_Boxes,content,0.8162,0.8162,0.0,False
10623,Subscription_Boxes,content,0.8687,0.8687,0.0,False
10624,Subscription_Boxes,delivery,0.9455,0.8217,-0.12380000000000002,True
10624,Subscription_Boxes,packaging,0.9152,0.5358499999999999,-0.3793500000000001,True
10624,Subscription_Boxes,price,0.8849,0.7698,-0.11509999999999998,True
10624,Subscription_Boxes,content,0.9152,0.8056000000000001,-0.10959999999999992,True
10625,Subscription_Boxes,billing,0.0,0.0,0.0,False
10625,Subscription_Boxes,content,0.0,0.0,0.0,False
10626,Subscription_Boxes,content,0.9231,0.8402,-0.08290000000000008,True
10626,Subscription_Boxes,price,0.9231,-0.0772,-1.0003,True
10627,Subscription_Boxes,quality,0.4215,0.4215,0.0,False
10627,Subscription_Boxes,content,0.4215,0.4215,0.0,False
10630,Subscription_Boxes,delivery,0.51805,0.51805,0.0,False
10630,Subscription_Boxes,packaging,0.6643,0.6643,0.0,False
10631,Subscription_Boxes,content,0.902,0.7579,-0.1441,True
10632,Subscription_Boxes,content,0.7579,0.7579,0.0,False
10633,Subscription_Boxes,price,0.6369,0.6369,0.0,False
10635,Subscription_Boxes,content,0.5574,0.5574,0.0,False
10635,Subscription_Boxes,quality,0.5574,0.5574,0.0,False
10635,Subscription_Boxes,delivery,0.5574,0.5574,0.0,False
10636,Subscription_Boxes,price,0.6219,0.6219,0.0,False
10638,Subscription_Boxes,quality,0.6997,0.6997,0.0,False
10638,Subscription_Boxes,content,0.5715666666666667,0.5715666666666667,0.0,False
10639,Subscription_Boxes,content,0.2791333333333333,0.174075,-0.10505833333333328,True
10639,Subscription_Boxes,packaging,0.0,0.0,0.0,False
10639,Subscription_Boxes,price,0.7579,0.7579,0.0,False
10640,Subscription_Boxes,quality,0.4754,0.4754,0.0,False
10642,Subscription_Boxes,price,0.6486,0.6486,0.0,False
10643,Subscription_Boxes,content,0.8555,0.6369,-0.21860000000000002,True
10650,Subscription_Boxes,content,0.8943,0.8943,0.0,False
10651,Subscription_Boxes,content,0.7902,0.7902,0.0,False
10652,Subscription_Boxes,content,-0.24695,-0.24695,0.0,False
10652,Subscription_Boxes,quality,0.0,0.0,0.0,False
10652,Subscription_Boxes,price,0.6523,0.6523,0.0,False
10653,Subscription_Boxes,content,0.6847000000000001,0.6847000000000001,0.0,False
10657,Subscription_Boxes,delivery,0.0,0.0,0.0,False
10657,Subscription_Boxes,content,0.6369,0.6369,0.0,False
10658,Subscription_Boxes,content,0.46655,0.46655,0.0,False
10658,Subscription_Boxes,quality,0.4927,0.4927,0.0,False
10658,Subscription_Boxes,price,0.0,0.0,0.0,False
10660,Subscription_Boxes,content,0.6808,0.6808,0.0,False
10661,Subscription_Boxes,content,0.4404,0.4404,0.0,False
10661,Subscription_Boxes,price,0.4404,0.4404,0.0,False
10662,Subscription_Boxes,content,0.15836666666666666,0.15836666666666666,0.0,False
10662,Subscription_Boxes,delivery,0.8689,0.22529999999999997,-0.6436000000000001,True
10662,Subscription_Boxes,price,0.2732,0.2732,0.0,False
10663,Subscription_Boxes,content,0.6249,0.6249,0.0,False
10663,Subscription_Boxes,packaging,0.5859,0.5859,0.0,False
10665,Subscription_Boxes,content,0.09809999999999999,0.050575,-0.04752499999999999,True
10666,Subscription_Boxes,quality,0.1589,0.1589,0.0,False
10666,Subscription_Boxes,packaging,0.26335,0.26335,0.0,False
10666,Subscription_Boxes,price,0.2958,0.0,-0.2958,True
10666,Subscription_Boxes,content,0.16995,0.16995,0.0,False
10667,Subscription_Boxes,billing,-0.25,-0.25,0.0,False
10668,Subscription_Boxes,content,0.6369,0.6369,0.0,False
10669,Subscription_Boxes,content,0.7574,0.25,-0.5074,True
10669,Subscription_Boxes,packaging,0.7574,0.25,-0.5074,True
10670,Subscription_Boxes,billing,0.4391,0.4391,0.0,False
10670,Subscription_Boxes,quality,0.4404,0.4404,0.0,False
10670,Subscription_Boxes,advertising,0.0,0.0,0.0,False
10670,Subscription_Boxes,content,0.29316666666666663,0.29316666666666663,0.0,False
10671,Subscription_Boxes,content,0.9042,0.6369,-0.2673,True
10671,Subscription_Boxes,packaging,0.9042,0.6369,-0.2673,True
10672,Subscription_Boxes,price,0.1719,-0.1695,-0.34140000000000004,True
10674,Subscription_Boxes,content,0.9223,0.0,-0.9223,True
10674,Subscription_Boxes,price,0.9223,0.0,-0.9223,True
10675,Subscription_Boxes,content,0.0,0.0,0.0,False
10676,Subscription_Boxes,content,0.7845,0.7845,0.0,False
10677,Subscription_Boxes,price,0.0,0.0,0.0,False
10679,Subscription_Boxes,content,0.0,0.0,0.0,False
10680,Subscription_Boxes,billing,-0.25,-0.25,0.0,False
10680,Subscription_Boxes,price,0.2579,0.2579,0.0,False
10681,Subscription_Boxes,content,0.8126,0.8126,0.0,False
10682,Subscription_Boxes,billing,-0.25,-0.25,0.0,False
10682,Subscription_Boxes,content,0.3618666666666666,0.3618666666666666,0.0,False
10683,Subscription_Boxes,billing,-0.25,-0.25,0.0,False
10683,Subscription_Boxes,delivery,-0.25,-0.25,0.0,False
10684,Subscription_Boxes,billing,-0.3134,-0.3134,0.0,False
10684,Subscription_Boxes,delivery,0.0,0.0,0.0,False
10684,Subscription_Boxes,advertising,0.3612,0.3612,0.0,False
10684,Subscription_Boxes,content,-0.09866666666666667,-0.09866666666666667,0.0,False
10686,Subscription_Boxes,content,0.6249,0.6249,0.0,False
10687,Subscription_Boxes,quality,0.5984,0.5984,0.0,False
10688,Subscription_Boxes,content,0.6059,0.3021,-0.3038,True
10688,Subscription_Boxes,price,0.30295,0.20095,-0.10200000000000001,True
10689,Subscription_Boxes,price,0.8481,0.8481,0.0,False
10689,Subscription_Boxes,packaging,0.6808,0.6808,0.0,False
10691,Subscription_Boxes,content,0.5719,0.5719,0.0,False
10692,Subscription_Boxes,content,0.0,0.0,0.0,False
10694,Subscription_Boxes,price,0.5093,0.5093,0.0,False
10697,Subscription_Boxes,content,0.5994,0.5994,0.0,False
10698,Subscription_Boxes,content,0.2524666666666667,0.2524666666666667,0.0,False
10700,Subscription_Boxes,billing,-0.37195,-0.37195,0.0,False
10700,Subscription_Boxes,price,-0.22113333333333332,-0.22113333333333332,0.0,False
10703,Subscription_Boxes,content,0.7579,0.7579,0.0,False
10704,Subscription_Boxes,content,0.5826,0.5826,0.0,False
10705,Subscription_Boxes,price,0.918,0.918,0.0,False
10705,Subscription_Boxes,content,0.77745,0.77745,0.0,False
10706,Subscription_Boxes,delivery,0.0,0.0,0.0,False
10706,Subscription_Boxes,packaging,0.2732,0.2732,0.0,False
10706,Subscription_Boxes,advertising,0.0,0.0,0.0,False
10706,Subscription_Boxes,content,0.15036666666666668,0.15036666666666668,0.0,False
10707,Subscription_Boxes,billing,-0.25,-0.25,0.0,False
10707,Subscription_Boxes,quality,-0.3268,-0.3268,0.0,False
10707,Subscription_Boxes,price,-0.3268,-0.3268,0.0,False
10710,Subscription_Boxes,content,0.4215,0.4215,0.0,False
10711,Subscription_Boxes,content,0.0,0.0,0.0,False
10711,Subscription_Boxes,price,0.0,0.0,0.0,False
10713,Subscription_Boxes,billing,0.128,0.128,0.0,False
10713,Subscription_Boxes,content,0.4404,0.4404,0.0,False
10713,Subscription_Boxes,price,0.2202,0.2202,0.0,False
10714,Subscription_Boxes,content,0.0,0.0,0.0,False
10716,Subscription_Boxes,price,0.0436,0.0,-0.0436,True
10717,Subscription_Boxes,quality,0.8271,0.8271,0.0,False
10717,Subscription_Boxes,delivery,-0.296,-0.296,0.0,False
10718,Subscription_Boxes,content,0.5179,0.48765000000000003,-0.03025,True
10719,Subscription_Boxes,price,-0.6808,-0.6808,0.0,False
10719,Subscription_Boxes,content,-0.3404,-0.3404,0.0,False
10720,Subscription_Boxes,delivery,0.7469,0.7469,0.0,False
10720,Subscription_Boxes,content,0.9184,0.9184,0.0,False
10723,Subscription_Boxes,content,0.8555,0.8555,0.0,False
10726,Subscription_Boxes,content,0.8313,0.8313,0.0,False
10728,Subscription_Boxes,price,-0.1695,-0.1695,0.0,False
10728,Subscription_Boxes,content,0.05716666666666667,0.05716666666666667,0.0,False
10729,Subscription_Boxes,price,0.14049999999999999,0.14049999999999999,0.0,False
10729,Subscription_Boxes,content,0.06265000000000004,0.19706666666666672,0.13441666666666668,True
10730,Subscription_Boxes,billing,-0.25,-0.25,0.0,False
10732,Subscription_Boxes,content,0.5994,0.5994,0.0,False
10733,Subscription_Boxes,content,0.30295,0.25286666666666663,-0.05008333333333337,True
10733,Subscription_Boxes,quality,-0.12003333333333333,-0.05184999999999999,0.06818333333333333,True
10733,Subscription_Boxes,price,-0.4215,-0.4215,0.0,False
10734,Subscription_Boxes,content,0.3612,0.3612,0.0,False
10734,Subscription_Boxes,price,0.0,0.0,0.0,False
10735,Subscription_Boxes,billing,0.0,0.0,0.0,False
10735,Subscription_Boxes,content,0.0,0.0,0.0,False
10736,Subscription_Boxes,billing,0.4574,0.4574,0.0,False
10736,Subscription_Boxes,packaging,0.8122,0.8122,0.0,False
10736,Subscription_Boxes,price,0.4574,0.4574,0.0,False
10737,Subscription_Boxes,quality,-0.2732,-0.2732,0.0,False
10738,Subscription_Boxes,delivery,0.6114,0.6114,0.0,False
10740,Subscription_Boxes,content,-0.12976666666666664,-0.1681,-0.03833333333333336,True
10740,Subscription_Boxes,price,0.3506,0.3506,0.0,False
10741,Subscription_Boxes,content,0.6597,0.6597,0.0,False
10742,Subscription_Boxes,billing,-0.34,-0.34,0.0,False
10742,Subscription_Boxes,price,0.0,0.0,0.0,False
10743,Subscription_Boxes,content,0.0,0.0,0.0,False
10744,Subscription_Boxes,content,0.6948,0.6948,0.0,False
10745,Subscription_Boxes,quality,-0.296,-0.296,0.0,False
10747,Subscription_Boxes,delivery,0.0,0.0,0.0,False
10748,Subscription_Boxes,price,0.0,0.0,0.0,False
10750,Subscription_Boxes,content,-0.34,-0.34,0.0,False
10750,Subscription_Boxes,packaging,0.4215,0.4215,0.0,False
10752,Subscription_Boxes,billing,-0.8379,-0.5904,0.24749999999999994,True
10752,Subscription_Boxes,content,-0.642,-0.642,0.0,False
10752,Subscription_Boxes,price,-0.172,-0.0655,0.10649999999999998,True
10753,Subscription_Boxes,content,0.0,0.0,0.0,False
10753,Subscription_Boxes,price,0.0,0.0,0.0,False
10754,Subscription_Boxes,price,-0.4215,-0.4215,0.0,False
10754,Subscription_Boxes,content,-0.296,-0.296,0.0,False
10756,Subscription_Boxes,packaging,0.5994,0.5994,0.0,False
10756,Subscription_Boxes,delivery,0.6249,0.6249,0.0,False
10756,Subscription_Boxes,price,0.6249,0.6249,0.0,False
10757,Subscription_Boxes,content,0.6652,0.5106,-0.15459999999999996,True
10758,Subscription_Boxes,price,0.0,0.0,0.0,False
10759,Subscription_Boxes,content,0.6115,0.6115,0.0,False
10760,Subscription_Boxes,content,0.0,0.0,0.0,False
10761,Subscription_Boxes,packaging,0.5413,0.0,-0.5413,True
10762,Subscription_Boxes,delivery,0.6249,0.6249,0.0,False
10763,Subscription_Boxes,content,0.7042,0.7042,0.0,False
10764,Subscription_Boxes,content,0.5719,0.5719,0.0,False
10767,Subscription_Boxes,content,0.6239,0.6239,0.0,False
10768,Subscription_Boxes,content,0.7855,0.7855,0.0,False
10769,Subscription_Boxes,content,0.40080000000000005,0.40080000000000005,0.0,False
10769,Subscription_Boxes,packaging,0.05295,0.05295,0.0,False
10771,Subscription_Boxes,advertising,0.0,0.0,0.0,False
10771,Subscription_Boxes,billing,-0.2023,-0.2023,0.0,False
10771,Subscription_Boxes,price,-0.2023,-0.2023,0.0,False
10773,Subscription_Boxes,content,0.43035,0.43035,0.0,False
10775,Subscription_Boxes,quality,-0.3484,-0.010099999999999998,0.3383,True
10775,Subscription_Boxes,packaging,0.7845,0.7845,0.0,False
10776,Subscription_Boxes,quality,-0.4019,-0.4019,0.0,False
10777,Subscription_Boxes,content,0.4197,0.2553,-0.1644,True
10782,Subscription_Boxes,quality,0.9023,0.9023,0.0,False
10783,Subscription_Boxes,billing,-0.25,-0.25,0.0,False
10783,Subscription_Boxes,content,0.0,0.0,0.0,False
10783,Subscription_Boxes,packaging,0.0,0.0,0.0,False
10784,Subscription_Boxes,content,0.6808,0.3612,-0.31959999999999994,True
10785,Subscription_Boxes,packaging,0.2411,0.2411,0.0,False
10786,Subscription_Boxes,content,-0.2401,-0.2401,0.0,False
10786,Subscription_Boxes,price,-0.2401,-0.2401,0.0,False
10787,Subscription_Boxes,billing,-0.4098,-0.4098,0.0,False
10787,Subscription_Boxes,delivery,0.11939999999999998,0.042050000000000004,-0.07734999999999997,True
10787,Subscription_Boxes,packaging,-0.2154,-0.561,-0.3456,True
10787,Subscription_Boxes,price,-0.17170000000000002,-0.34450000000000003,-0.1728,True
10787,Subscription_Boxes,content,0.11939999999999998,0.042050000000000004,-0.07734999999999997,True
10788,Subscription_Boxes,content,0.0,0.0,0.0,False
10791,Subscription_Boxes,delivery,0.0,0.0,0.0,False
10792,Subscription_Boxes,advertising,0.3506,0.0,-0.3506,True
10792,Subscription_Boxes,content,0.3612,0.3612,0.0,False
10792,Subscription_Boxes,price,0.3612,0.3612,0.0,False
10793,Subscription_Boxes,content,0.5104500000000001,0.5104500000000001,0.0,False
10793,Subscription_Boxes,price,0.5912333333333334,0.5424,-0.048833333333333395,True
10796,Subscription_Boxes,content,0.0,0.0,0.0,False
10797,Subscription_Boxes,quality,-0.4767,-0.4767,0.0,False
10798,Subscription_Boxes,content,-0.1396,-0.1396,0.0,False
10799,Subscription_Boxes,price,0.0,0.0,0.0,False
10800,Subscription_Boxes,price,0.7579,0.7579,0.0,False
10800,Subscription_Boxes,content,0.765,0.765,0.0,False
10801,Subscription_Boxes,content,0.8271,0.8271,0.0,False
10803,Subscription_Boxes,content,-0.30255,-0.30255,0.0,False
10804,Subscription_Boxes,content,-0.22925,-0.22925,0.0,False
10804,Subscription_Boxes,price,0.5475,0.24645000000000003,-0.30104999999999993,True
10805,Subscription_Boxes,content,0.4215,0.4215,0.0,False
10808,Subscription_Boxes,packaging,-0.1796,-0.1796,0.0,False
10809,Subscription_Boxes,content,0.3294,0.3294,0.0,False
10810,Subscription_Boxes,packaging,0.6908,0.6908,0.0,False
10813,Subscription_Boxes,quality,0.6369,0.6369,0.0,False
10815,Subscription_Boxes,price,0.5323,0.1506,-0.3817,True
10815,Subscription_Boxes,content,-0.296,-0.296,0.0,False
10817,Subscription_Boxes,content,0.6114,0.6114,0.0,False
10818,Subscription_Boxes,content,0.8832,0.8832,0.0,False
10821,Subscription_Boxes,delivery,0.0,0.0,0.0,False
10821,Subscription_Boxes,content,0.23559999999999998,0.23559999999999998,0.0,False
10823,Subscription_Boxes,price,0.7118,0.7118,0.0,False
10824,Subscription_Boxes,content,0.1533,0.6369,0.48360000000000003,True
10824,Subscription_Boxes,price,0.1533,-0.1695,-0.3228,True
10825,Subscription_Boxes,content,0.5984,0.5984,0.0,False
10825,Subscription_Boxes,quality,0.8271,0.8271,0.0,False
10825,Subscription_Boxes,price,0.8271,0.8271,0.0,False
10827,Subscription_Boxes,content,0.5994,0.5994,0.0,False
10828,Subscription_Boxes,delivery,0.0,0.0,0.0,False
10829,Subscription_Boxes,packaging,0.8176,0.8176,0.0,False
10831,Subscription_Boxes,billing,-0.25,-0.25,0.0,False
10831,Subscription_Boxes,content,-0.1591,-0.1591,0.0,False
10832,Subscription_Boxes,quality,0.4215,0.4215,0.0,False
10832,Subscription_Boxes,content,0.11044999999999999,0.11044999999999999,0.0,False
10833,Subscription_Boxes,quality,0.9428,0.5843,-0.35849999999999993,True
10834,Subscription_Boxes,content,0.4391,0.4391,0.0,False
10834,Subscription_Boxes,packaging,0.0,0.0,0.0,False
10834,Subscription_Boxes,price,0.4391,0.4391,0.0,False
10836,Subscription_Boxes,billing,-0.6597,-0.6597,0.0,False
10836,Subscription_Boxes,quality,-0.12965,-0.12965,0.0,False
10836,Subscription_Boxes,packaging,-0.12965,-0.12965,0.0,False
10838,Subscription_Boxes,billing,0.0,0.0,0.0,False
10838,Subscription_Boxes,content,0.0,0.0,0.0,False
10839,Subscription_Boxes,billing,0.6046,0.6046,0.0,False
10839,Subscription_Boxes,content,0.3291,0.2263,-0.1028,True
10839,Subscription_Boxes,price,0.34515,0.29375,-0.0514,True
10840,Subscription_Boxes,delivery,-0.0189,-0.0189,0.0,False
10840,Subscription_Boxes,customer_service,0.1779,0.1779,0.0,False
10841,Subscription_Boxes,content,0.29969999999999997,0.29969999999999997,0.0,False
10842,Subscription_Boxes,delivery,-0.31,-0.28550000000000003,0.024499999999999966,True
10842,Subscription_Boxes,content,-0.08785000000000001,-0.08785000000000001,0.0,False
10844,Subscription_Boxes,quality,0.8824,0.8824,0.0,False
10844,Subscription_Boxes,content,0.8824,0.8824,0.0,False
10845,Subscription_Boxes,packaging,0.2263,0.0,-0.2263,True
10846,Subscription_Boxes,price,0.5859,0.5859,0.0,False
10851,Subscription_Boxes,content,0.4939,0.4939,0.0,False
10852,Subscription_Boxes,billing,-0.25,-0.25,0.0,False
10854,Subscription_Boxes,content,0.6249,0.6249,0.0,False
10854,Subscription_Boxes,price,0.6249,0.0,-0.6249,True
10855,Subscription_Boxes,delivery,0.7096,0.7096,0.0,False
10855,Subscription_Boxes,price,0.7096,0.7096,0.0,False
10856,Subscription_Boxes,content,0.6124,0.3612,-0.25120000000000003,True
10857,Subscription_Boxes,advertising,-0.4019,-0.3818,0.020100000000000007,True
10857,Subscription_Boxes,price,-0.4019,0.34,0.7419,True
10858,Subscription_Boxes,delivery,0.4767,0.4767,0.0,False
10858,Subscription_Boxes,quality,0.4767,0.4767,0.0,False
10860,Subscription_Boxes,delivery,0.5719,0.5719,0.0,False
10860,Subscription_Boxes,packaging,0.2263,0.2263,0.0,False
10863,Subscription_Boxes,content,0.9041,0.9041,0.0,False
10864,Subscription_Boxes,quality,0.0,0.0,0.0,False
10864,Subscription_Boxes,content,0.0,0.0,0.0,False
10866,Subscription_Boxes,content,0.0,0.0,0.0,False
10872,Subscription_Boxes,billing,0.0,0.0,0.0,False
10872,Subscription_Boxes,content,0.296,0.296,0.0,False
10872,Subscription_Boxes,price,0.296,0.296,0.0,False
10873,Subscription_Boxes,price,0.7777,0.7777,0.0,False
10873,Subscription_Boxes,content,0.2046333333333333,0.28006666666666663,0.07543333333333332,True
10874,Subscription_Boxes,content,0.0,0.0,0.0,False
10875,Subscription_Boxes,delivery,0.7964,0.7964,0.0,False
10876,Subscription_Boxes,content,0.0,0.0,0.0,False
10878,Subscription_Boxes,price,-0.1695,-0.1695,0.0,False
10879,Subscription_Boxes,content,0.28676666666666667,0.28676666666666667,0.0,False
10879,Subscription_Boxes,quality,0.20995,0.20995,0.0,False
10879,Subscription_Boxes,price,0.3494,0.3494,0.0,False
10880,Subscription_Boxes,billing,-0.25,-0.25,0.0,False
10880,Subscription_Boxes,price,0.0,0.0,0.0,False
10883,Subscription_Boxes,billing,-0.25,-0.25,0.0,False
10883,Subscription_Boxes,content,-0.1779,-0.1779,0.0,False
10884,Subscription_Boxes,billing,-0.6908,-0.4939,0.19689999999999996,True
10884,Subscription_Boxes,content,0.6249,0.6249,0.0,False
10884,Subscription_Boxes,delivery,-0.6908,-0.4939,0.19689999999999996,True
10888,Subscription_Boxes,quality,-0.4767,-0.4767,0.0,False
10888,Subscription_Boxes,price,-0.4491,-0.4491,0.0,False
10889,Subscription_Boxes,billing,0.1779,0.1779,0.0,False
10890,Subscription_Boxes,billing,-0.3102,-0.3102,0.0,False
10890,Subscription_Boxes,content,0.35695,0.35695,0.0,False
10891,Subscription_Boxes,content,0.4404,0.2263,-0.2141,True
10892,Subscription_Boxes,billing,-0.25,-0.25,0.0,False
10892,Subscription_Boxes,content,0.53075,0.3397,-0.19105000000000005,True
10893,Subscription_Boxes,price,0.7184,0.7184,0.0,False
10894,Subscription_Boxes,price,0.4939,0.4939,0.0,False
10895,Subscription_Boxes,packaging,0.7904,0.4019,-0.3885,True
10899,Subscription_Boxes,billing,-0.2401,-0.2401,0.0,False
10899,Subscription_Boxes,quality,0.0,0.0,0.0,False
10900,Subscription_Boxes,billing,-0.3952,-0.3952,0.0,False
10900,Subscription_Boxes,content,0.0,0.0,0.0,False
10901,Subscription_Boxes,content,0.6249,0.6249,0.0,False
10901,Subscription_Boxes,price,0.0,0.0,0.0,False
10904,Subscription_Boxes,content,0.5106,0.5106,0.0,False
10905,Subscription_Boxes,delivery,-0.2628,-0.2628,0.0,False
10905,Subscription_Boxes,content,0.0,0.0,0.0,False
10906,Subscription_Boxes,content,0.6249,0.6249,0.0,False
10907,Subscription_Boxes,billing,0.4553,0.1105,-0.3448,True
10908,Subscription_Boxes,content,0.3922,0.3922,0.0,False
10910,Subscription_Boxes,content,-0.5127,0.7579,1.2706,True
10910,Subscription_Boxes,price,-0.5127,0.7579,1.2706,True
10911,Subscription_Boxes,content,0.6115,0.6115,0.0,False
10911,Subscription_Boxes,delivery,-0.6367,-0.6367,0.0,False
10911,Subscription_Boxes,packaging,-0.6367,-0.6367,0.0,False
10913,Subscription_Boxes,content,0.2294,0.2294,0.0,False
10913,Subscription_Boxes,customer_service,0.878,0.878,0.0,False
10915,Subscription_Boxes,content,0.0,0.0,0.0,False
10915,Subscription_Boxes,quality,0.0,0.0,0.0,False
10915,Subscription_Boxes,price,-0.1695,-0.1695,0.0,False
10917,Subscription_Boxes,content,0.0,0.0,0.0,False
10919,Subscription_Boxes,content,0.4939,0.4939,0.0,False
10919,Subscription_Boxes,customer_service,0.765,0.765,0.0,False
10919,Subscription_Boxes,price,0.4939,0.4939,0.0,False
10920,Subscription_Boxes,content,0.4215,0.4215,0.0,False
10921,Subscription_Boxes,price,0.5574,0.5574,0.0,False
10922,Subscription_Boxes,advertising,-0.7778,-0.7778,0.0,False
10922,Subscription_Boxes,content,0.42164999999999997,0.42164999999999997,0.0,False
10922,Subscription_Boxes,price,0.42164999999999997,0.42164999999999997,0.0,False
10926,Subscription_Boxes,packaging,0.1065,0.1065,0.0,False
10927,Subscription_Boxes,content,0.87515,0.42405,-0.4511,True
10927,Subscription_Boxes,price,0.8481,0.8481,0.0,False
10929,Subscription_Boxes,content,0.5828000000000001,0.5828000000000001,0.0,False
10929,Subscription_Boxes,customer_service,0.4404,0.4404,0.0,False
10929,Subscription_Boxes,delivery,0.5994,0.5994,0.0,False
10931,Subscription_Boxes,content,0.8955,0.8955,0.0,False
10932,Subscription_Boxes,content,0.2202,0.2202,0.0,False
10933,Subscription_Boxes,content,0.6025,0.6025,0.0,False
10933,Subscription_Boxes,delivery,0.6486,0.6486,0.0,False
10933,Subscription_Boxes,price,0.6486,0.6486,0.0,False
10934,Subscription_Boxes,content,0.0,0.0,0.0,False
10936,Subscription_Boxes,content,0.20040000000000002,0.20040000000000002,0.0,False
10936,Subscription_Boxes,packaging,0.0,0.0,0.0,False
10936,Subscription_Boxes,price,0.0,0.0,0.0,False
10940,Subscription_Boxes,content,0.11398000000000001,-0.03304,-0.14702,True
10941,Subscription_Boxes,content,0.7485,0.7485,0.0,False
10942,Subscription_Boxes,content,0.5635,0.5635,0.0,False
10944,Subscription_Boxes,content,0.6696,0.6696,0.0,False
10946,Subscription_Boxes,delivery,0.7269,0.7269,0.0,False
10948,Subscription_Boxes,content,0.054799999999999995,0.054799999999999995,0.0,False
10948,Subscription_Boxes,quality,0.0,0.0,0.0,False
10948,Subscription_Boxes,price,0.166,0.166,0.0,False
10949,Subscription_Boxes,content,0.6249,0.6249,0.0,False
10950,Subscription_Boxes,price,0.468,-0.1695,-0.6375000000000001,True
10951,Subscription_Boxes,content,0.6241,0.6241,0.0,False
10952,Subscription_Boxes,delivery,0.6249,0.6249,0.0,False
10954,Subscription_Boxes,delivery,0.5994,0.5994,0.0,False
10954,Subscription_Boxes,content,0.5994,0.5994,0.0,False
10956,Subscription_Boxes,content,0.5106,0.5106,0.0,False
10957,Subscription_Boxes,price,-0.1695,-0.1695,0.0,False
10957,Subscription_Boxes,content,-0.4939,-0.4939,0.0,False
10958,Subscription_Boxes,content,0.6114,0.6114,0.0,False
10959,Subscription_Boxes,quality,0.4926,0.4926,0.0,False
10959,Subscription_Boxes,price,0.7096,0.7096,0.0,False
10961,Subscription_Boxes,content,0.27568000000000004,0.1853,-0.09038000000000004,True
10962,Subscription_Boxes,content,0.939,0.8764,-0.06259999999999999,True
10962,Subscription_Boxes,quality,0.4695,0.4382,-0.031299999999999994,True
10962,Subscription_Boxes,price,0.6989,0.6676,-0.031299999999999994,True
10964,Subscription_Boxes,packaging,0.8481,0.8481,0.0,False
10969,Subscription_Boxes,price,0.8622,0.8622,0.0,False
10970,Subscription_Boxes,price,-0.035125,-0.035125,0.0,False
10971,Subscription_Boxes,quality,-0.49285,-0.18305,0.3098,True
10971,Subscription_Boxes,price,-0.36519999999999997,-0.36519999999999997,0.0,False
10972,Subscription_Boxes,delivery,0.4005,0.4005,0.0,False
10973,Subscription_Boxes,packaging,0.807,0.807,0.0,False
10974,Subscription_Boxes,quality,0.6369,0.6369,0.0,False
10976,Subscription_Boxes,billing,-0.2755,-0.2755,0.0,False
10976,Subscription_Boxes,content,0.0,0.0,0.0,False
10976,Subscription_Boxes,price,-0.4754,-0.4754,0.0,False
10978,Subscription_Boxes,content,0.5562,0.5562,0.0,False
10979,Subscription_Boxes,quality,0.7783,0.7783,0.0,False
10979,Subscription_Boxes,content,0.0,0.0,0.0,False
10981,Subscription_Boxes,delivery,0.49690000000000006,0.49690000000000006,0.0,False
10981,Subscription_Boxes,content,0.4019,0.4019,0.0,False
10982,Subscription_Boxes,quality,0.7512,0.7512,0.0,False
10983,Subscription_Boxes,content,-0.4019,-0.4019,0.0,False
10986,Subscription_Boxes,price,0.24695,0.24695,0.0,False
10987,Subscription_Boxes,content,0.0,0.0,0.0,False
10987,Subscription_Boxes,packaging,0.4971,0.4971,0.0,False
10989,Subscription_Boxes,delivery,-0.0572,-0.0572,0.0,False
10990,Subscription_Boxes,content,0.34,0.34,0.0,False
10990,Subscription_Boxes,price,0.34,0.34,0.0,False
10992,Subscription_Boxes,content,0.5576666666666666,0.5576666666666666,0.0,False
10992,Subscription_Boxes,delivery,0.6696,0.6696,0.0,False
10992,Subscription_Boxes,price,0.8832,0.8832,0.0,False
10993,Subscription_Boxes,content,0.0,0.0,0.0,False
10995,Subscription_Boxes,billing,-0.0935,-0.0935,0.0,False
10995,Subscription_Boxes,quality,-0.0129,0.6705,0.6834,True
10995,Subscription_Boxes,price,0.05566,0.05451428571428573,-0.0011457142857142708,True
10995,Subscription_Boxes,packaging,0.43125,0.2997,-0.13155,True
10997,Subscription_Boxes,content,0.8555,0.8555,0.0,False
10999,Subscription_Boxes,advertising,-0.2755,-0.2755,0.0,False
10999,Subscription_Boxes,billing,-0.2755,-0.2755,0.0,False
10999,Subscription_Boxes,content,-0.2755,-0.2755,0.0,False
11002,Subscription_Boxes,quality,0.4927,0.4927,0.0,False
11002,Subscription_Boxes,content,0.14366666666666666,-0.08036666666666667,-0.22403333333333333,True
11003,Subscription_Boxes,quality,0.7269,0.6249,-0.10199999999999998,True
11004,Subscription_Boxes,content,0.3612,0.3612,0.0,False
11005,Subscription_Boxes,content,-0.06446666666666667,-0.06446666666666667,0.0,False
11006,Subscription_Boxes,content,0.3612,0.3612,0.0,False
11008,Subscription_Boxes,quality,0.6249,0.6249,0.0,False
11008,Subscription_Boxes,price,0.6249,0.6249,0.0,False
11009,Subscription_Boxes,content,0.6468,0.6468,0.0,False
11009,Subscription_Boxes,packaging,0.4795,0.4795,0.0,False
11009,Subscription_Boxes,price,0.2263,0.2263,0.0,False
11010,Subscription_Boxes,quality,0.7408,0.5168,-0.22399999999999998,True
11010,Subscription_Boxes,content,0.76235,0.7357,-0.02664999999999995,True
11013,Subscription_Boxes,content,0.3369,0.3369,0.0,False
11013,Subscription_Boxes,price,0.3369,0.3369,0.0,False
11014,Subscription_Boxes,content,-0.50195,-0.50195,0.0,False
11015,Subscription_Boxes,delivery,0.643,0.643,0.0,False
11015,Subscription_Boxes,customer_service,0.7777,0.7777,0.0,False
11016,Subscription_Boxes,content,0.6369,0.6369,0.0,False
11017,Subscription_Boxes,quality,-0.1779,-0.1779,0.0,False
11017,Subscription_Boxes,content,-0.1779,-0.1779,0.0,False
11020,Subscription_Boxes,billing,-0.25,-0.25,0.0,False
11021,Subscription_Boxes,billing,-0.25,-0.25,0.0,False
11021,Subscription_Boxes,price,-0.208625,-0.17072500000000002,0.03789999999999999,True
11023,Subscription_Boxes,delivery,-0.6249,-0.6249,0.0,False
11023,Subscription_Boxes,content,0.3612,0.3612,0.0,False
11029,Subscription_Boxes,delivery,0.8817,0.659,-0.2227,True
11033,Subscription_Boxes,quality,0.2023,0.2023,0.0,False
11033,Subscription_Boxes,content,0.2023,0.2023,0.0,False
11034,Subscription_Boxes,content,0.5742,0.5742,0.0,False
11034,Subscription_Boxes,packaging,0.5719,0.4215,-0.15039999999999998,True
11035,Subscription_Boxes,delivery,0.7915,0.7915,0.0,False
11036,Subscription_Boxes,delivery,0.5106,0.5106,0.0,False
11036,Subscription_Boxes,packaging,0.5106,0.5106,0.0,False
11038,Subscription_Boxes,quality,0.0,0.0,0.0,False
11038,Subscription_Boxes,content,0.26153333333333334,0.3448333333333333,0.08329999999999999,True
11040,Subscription_Boxes,content,0.6588,0.6588,0.0,False
11042,Subscription_Boxes,delivery,0.6249,0.6249,0.0,False
11042,Subscription_Boxes,packaging,0.6249,0.6249,0.0,False
11043,Subscription_Boxes,quality,0.6369,0.6369,0.0,False
11043,Subscription_Boxes,content,0.6369,0.6369,0.0,False
11046,Subscription_Boxes,delivery,0.7184,0.7184,0.0,False
11046,Subscription_Boxes,price,0.7184,0.7184,0.0,False
11047,Subscription_Boxes,content,0.836,0.836,0.0,False
11047,Subscription_Boxes,customer_service,0.836,0.836,0.0,False
11048,Subscription_Boxes,content,0.91465,0.60725,-0.3074,True
11049,Subscription_Boxes,content,0.6893,0.6893,0.0,False
11051,Subscription_Boxes,price,0.7579,0.7579,0.0,False
11051,Subscription_Boxes,content,0.6249,0.6249,0.0,False
11053,Subscription_Boxes,price,0.8462,0.7269,-0.11929999999999996,True
11053,Subscription_Boxes,content,0.3388,0.31494,-0.023859999999999992,True
11058,Subscription_Boxes,quality,0.4404,0.4404,0.0,False
11060,Subscription_Boxes,quality,-0.4588,-0.4588,0.0,False
11060,Subscription_Boxes,price,-0.4588,-0.4588,0.0,False
11062,Subscription_Boxes,billing,-0.4215,-0.25,0.17149999999999999,True
11062,Subscription_Boxes,quality,0.6808,0.4019,-0.2789,True
11062,Subscription_Boxes,delivery,-0.4215,-0.25,0.17149999999999999,True
11062,Subscription_Boxes,price,0.6808,0.4019,-0.2789,True
11062,Subscription_Boxes,advertising,-0.4215,-0.2023,0.21919999999999998,True
11062,Subscription_Boxes,content,0.12965,0.09979999999999999,-0.02985,True
11063,Subscription_Boxes,price,-0.5106,-0.5106,0.0,False
11063,Subscription_Boxes,delivery,0.17459999999999998,-0.07655,-0.25115,True
11063,Subscription_Boxes,packaging,0.5023,0.3612,-0.14109999999999995,True
11066,Subscription_Boxes,billing,0.0772,0.0772,0.0,False
11066,Subscription_Boxes,quality,-0.5563,-0.5563,0.0,False
11066,Subscription_Boxes,price,0.13779999999999998,0.07557499999999999,-0.06222499999999999,True
11066,Subscription_Boxes,content,-0.07263333333333333,-0.07263333333333333,0.0,False
11067,Subscription_Boxes,price,-0.2401,-0.2401,0.0,False
11068,Subscription_Boxes,content,0.2553,0.2553,0.0,False
11069,Subscription_Boxes,quality,0.7512,0.7512,0.0,False
11072,Subscription_Boxes,delivery,0.3727,-0.2748,-0.6475,True
11074,Subscription_Boxes,content,0.4496,0.5794,0.12980000000000003,True
11077,Subscription_Boxes,quality,-0.3984,-0.2782,0.12019999999999997,True
11077,Subscription_Boxes,price,-0.1695,-0.1695,0.0,False
11078,Subscription_Boxes,delivery,0.4019,0.4019,0.0,False
11079,Subscription_Boxes,content,-0.47785,-0.47785,0.0,False
11079,Subscription_Boxes,customer_service,-0.664,-0.5849,0.07910000000000006,True
11081,Subscription_Boxes,quality,0.4404,0.4404,0.0,False
11082,Subscription_Boxes,content,0.6249,0.6249,0.0,False
11082,Subscription_Boxes,customer_service,0.5627,0.4754,-0.08729999999999999,True
11082,Subscription_Boxes,delivery,0.5627,-0.2516,-0.8143,True
11083,Subscription_Boxes,content,0.5859,0.5859,0.0,False
11084,Subscription_Boxes,content,-0.4404,-0.4404,0.0,False
11085,Subscription_Boxes,content,0.0,0.0,0.0,False
11086,Subscription_Boxes,content,0.0,0.0,0.0,False
11088,Subscription_Boxes,price,0.3353,0.3353,0.0,False
11089,Subscription_Boxes,packaging,0.7425,0.7425,0.0,False
11092,Subscription_Boxes,content,0.0,0.0,0.0,False
11093,Subscription_Boxes,content,0.3506,0.0,-0.3506,True
11094,Subscription_Boxes,content,0.27815,0.27815,0.0,False
11095,Subscription_Boxes,billing,-0.1183,-0.1183,0.0,False
11095,Subscription_Boxes,content,-0.4767,-0.4767,0.0,False
11095,Subscription_Boxes,quality,-0.4767,-0.4767,0.0,False
11098,Subscription_Boxes,price,0.4939,0.4939,0.0,False
11098,Subscription_Boxes,content,0.31402500000000005,0.31402500000000005,0.0,False
11100,Subscription_Boxes,content,0.60185,0.53425,-0.0676,True
11101,Subscription_Boxes,content,-0.7492,-0.7492,0.0,False
11104,Subscription_Boxes,content,0.7525999999999999,0.6819,-0.07069999999999999,True
11108,Subscription_Boxes,delivery,-0.1511,0.0,0.1511,True
11108,Subscription_Boxes,price,-0.07555,0.0,0.07555,True
11108,Subscription_Boxes,quality,-0.07555,-0.1462,-0.07064999999999999,True
11108,Subscription_Boxes,content,0.0,0.0,0.0,False
11113,Subscription_Boxes,price,0.7906,0.7906,0.0,False
11113,Subscription_Boxes,content,0.6249,0.6249,0.0,False
11117,Subscription_Boxes,price,-0.5334,-0.5334,0.0,False
11120,Subscription_Boxes,quality,-0.3412,-0.3412,0.0,False
11120,Subscription_Boxes,content,0.20110000000000003,0.23915000000000003,0.03805,True
11121,Subscription_Boxes,billing,-0.227075,-0.2128375,0.014237499999999986,True
11121,Subscription_Boxes,quality,0.228,0.228,0.0,False
11121,Subscription_Boxes,price,0.47533333333333333,0.4232666666666667,-0.05206666666666665,True
11121,Subscription_Boxes,content,0.599,0.48123333333333335,-0.11776666666666663,True
11122,Subscription_Boxes,quality,0.1002,0.1002,0.0,False
11125,Subscription_Boxes,content,0.7783,0.7783,0.0,False
11125,Subscription_Boxes,packaging,0.7783,0.7783,0.0,False
11127,Subscription_Boxes,price,0.4939,0.4939,0.0,False
11128,Subscription_Boxes,quality,-0.2732,-0.2732,0.0,False
11128,Subscription_Boxes,content,0.0,0.0,0.0,False
11129,Subscription_Boxes,content,0.3612,0.3612,0.0,False
11130,Subscription_Boxes,quality,0.5563,0.5563,0.0,False
11130,Subscription_Boxes,price,0.5563,0.5563,0.0,False
11131,Subscription_Boxes,price,-0.434,-0.434,0.0,False
11131,Subscription_Boxes,content,-0.23650000000000002,-0.23650000000000002,0.0,False
11132,Subscription_Boxes,content,0.6369,0.6369,0.0,False
11133,Subscription_Boxes,quality,0.0,0.0,0.0,False
11133,Subscription_Boxes,content,0.6757,0.4019,-0.2738,True
11134,Subscription_Boxes,price,-0.4404,-0.4404,0.0,False
11134,Subscription_Boxes,packaging,-0.2649,-0.2649,0.0,False
11135,Subscription_Boxes,quality,0.0,0.0,0.0,False
11135,Subscription_Boxes,content,0.0,0.0,0.0,False
11136,Subscription_Boxes,billing,-0.5859,-0.5859,0.0,False
11136,Subscription_Boxes,content,0.09486666666666667,0.0,-0.09486666666666667,True
11136,Subscription_Boxes,price,-0.29295,-0.29295,0.0,False
11138,Subscription_Boxes,price,0.4588,0.4588,0.0,False
11138,Subscription_Boxes,content,0.0,0.0,0.0,False
11139,Subscription_Boxes,billing,-0.3724,-0.3724,0.0,False
11141,Subscription_Boxes,content,0.5108666666666667,0.43406666666666666,-0.07680000000000003,True
11142,Subscription_Boxes,price,-0.1695,-0.1695,0.0,False
11143,Subscription_Boxes,content,0.7717,0.7717,0.0,False
11143,Subscription_Boxes,price,0.7717,0.7717,0.0,False
11144,Subscription_Boxes,advertising,0.07955,0.07955,0.0,False
11144,Subscription_Boxes,quality,-0.6116,-0.6116,0.0,False
11144,Subscription_Boxes,price,-0.6116,-0.6116,0.0,False
11145,Subscription_Boxes,content,0.7163,0.7163,0.0,False
11146,Subscription_Boxes,content,0.4019,0.4019,0.0,False
11147,Subscription_Boxes,delivery,0.0772,0.0772,0.0,False
11147,Subscription_Boxes,content,0.636,0.636,0.0,False
11148,Subscription_Boxes,content,0.3971,0.3971,0.0,False
11148,Subscription_Boxes,price,0.40825,0.2305,-0.17775,True
11149,Subscription_Boxes,packaging,-0.4767,-0.4767,0.0,False
11150,Subscription_Boxes,content,0.29964999999999997,0.1909,-0.10874999999999999,True
11151,Subscription_Boxes,content,0.0,0.0,0.0,False
11153,Subscription_Boxes,content,0.58565,0.58565,0.0,False
11153,Subscription_Boxes,packaging,0.1779,0.1779,0.0,False
11153,Subscription_Boxes,price,0.2263,0.2263,0.0,False
11154,Subscription_Boxes,content,0.3354,0.3354,0.0,False
11155,Subscription_Boxes,delivery,0.8519,0.8519,0.0,False
11155,Subscription_Boxes,content,0.8519,0.8519,0.0,False
11156,Subscription_Boxes,billing,-0.3164,-0.3164,0.0,False
11156,Subscription_Boxes,content,-0.3164,-0.3164,0.0,False
11156,Subscription_Boxes,price,-0.3164,-0.3164,0.0,False
11158,Subscription_Boxes,content,0.0,0.0,0.0,False
11160,Subscription_Boxes,delivery,0.2732,0.2732,0.0,False
11160,Subscription_Boxes,packaging,0.2732,0.2732,0.0,False
11162,Subscription_Boxes,content,0.9514,0.9001,-0.05130000000000001,True
11164,Subscription_Boxes,content,0.636,0.636,0.0,False
11166,Subscription_Boxes,content,0.0,0.0,0.0,False
11167,Subscription_Boxes,content,0.765,0.765,0.0,False
11169,Subscription_Boxes,content,0.4404,0.4404,0.0,False
11171,Subscription_Boxes,billing,0.0,0.0,0.0,False
11171,Subscription_Boxes,delivery,0.0,0.0,0.0,False
11172,Subscription_Boxes,content,0.0,0.0,0.0,False
11175,Subscription_Boxes,content,-0.6486,-0.6486,0.0,False
11175,Subscription_Boxes,quality,0.0,0.0,0.0,False
11175,Subscription_Boxes,delivery,-0.56265,-0.56265,0.0,False
11176,Subscription_Boxes,price,0.743,0.743,0.0,False
11177,Subscription_Boxes,quality,0.4576,0.4576,0.0,False
11177,Subscription_Boxes,content,0.6298,0.6298,0.0,False
11178,Subscription_Boxes,advertising,-0.3875,-0.3875,0.0,False
11179,Subscription_Boxes,content,-0.5217,-0.5217,0.0,False
11181,Subscription_Boxes,content,0.5719,0.5719,0.0,False
11182,Subscription_Boxes,content,0.7034,0.7034,0.0,False
11182,Subscription_Boxes,customer_service,0.5719,0.5719,0.0,False
11182,Subscription_Boxes,packaging,0.8074,0.8074,0.0,False
11183,Subscription_Boxes,content,0.5256,0.5256,0.0,False
11183,Subscription_Boxes,packaging,0.5740999999999999,0.5740999999999999,0.0,False
11184,Subscription_Boxes,price,-0.0387,-0.0258,0.012899999999999998,True
11184,Subscription_Boxes,content,-0.27013333333333334,-0.09400000000000001,0.1761333333333333,True
11185,Subscription_Boxes,content,0.2263,0.2263,0.0,False
11185,Subscription_Boxes,delivery,0.436,0.0,-0.436,True
11185,Subscription_Boxes,price,0.2263,0.2263,0.0,False
11186,Subscription_Boxes,content,0.3494333333333333,0.4119333333333333,0.0625,True
11188,Subscription_Boxes,price,-0.3699,-0.3699,0.0,False
11190,Subscription_Boxes,price,0.7717,0.7717,0.0,False
11190,Subscription_Boxes,content,0.3633,0.3633,0.0,False
11191,Subscription_Boxes,content,0.0,0.0,0.0,False
11192,Subscription_Boxes,content,-0.1207,-0.1207,0.0,False
11192,Subscription_Boxes,packaging,0.8442,0.8442,0.0,False
11193,Subscription_Boxes,billing,0.004725000000000007,0.03610000000000001,0.031375,True
11193,Subscription_Boxes,price,0.07896666666666667,0.07896666666666667,0.0,False
11194,Subscription_Boxes,quality,0.0,0.0,0.0,False
11194,Subscription_Boxes,content,-0.148,-0.148,0.0,False
11195,Subscription_Boxes,content,0.34,0.34,0.0,False
11196,Subscription_Boxes,content,0.8016,0.8016,0.0,False
11196,Subscription_Boxes,customer_service,0.7964,0.7964,0.0,False
11196,Subscription_Boxes,quality,0.8016,0.8016,0.0,False
11198,Subscription_Boxes,price,0.2202,0.2202,0.0,False
11199,Subscription_Boxes,price,0.0,0.0,0.0,False
11202,Subscription_Boxes,content,0.8519,0.8519,0.0,False
11203,Subscription_Boxes,content,0.5106,0.5106,0.0,False
11204,Subscription_Boxes,content,0.4927,0.4927,0.0,False
11208,Subscription_Boxes,quality,0.5927,0.4404,-0.1523,True
11209,Subscription_Boxes,delivery,0.0,0.0,0.0,False
11212,Subscription_Boxes,quality,0.6369,0.6369,0.0,False
11212,Subscription_Boxes,packaging,-0.3252,-0.3252,0.0,False
11212,Subscription_Boxes,delivery,0.5994,0.5994,0.0,False
11214,Subscription_Boxes,price,-0.5719,-0.4215,0.15039999999999998,True
11215,Subscription_Boxes,billing,-0.25,-0.25,0.0,False
11215,Subscription_Boxes,content,0.0,0.0,0.0,False
11215,Subscription_Boxes,price,-0.4215,-0.4215,0.0,False
11216,Subscription_Boxes,content,0.2263,0.2263,0.0,False
11218,Subscription_Boxes,content,0.3291,0.5719,0.24279999999999996,True
11218,Subscription_Boxes,price,0.7346,0.7346,0.0,False
11220,Subscription_Boxes,content,0.3599333333333334,0.3599333333333334,0.0,False
11223,Subscription_Boxes,quality,-0.1779,-0.1779,0.0,False
11223,Subscription_Boxes,delivery,0.1531,0.1531,0.0,False
11224,Subscription_Boxes,price,0.8316,0.8316,0.0,False
11224,Subscription_Boxes,content,0.4215,0.4215,0.0,False
11225,Subscription_Boxes,content,0.7845,0.7845,0.0,False
11225,Subscription_Boxes,delivery,-0.05655,0.004449999999999996,0.061,True
11225,Subscription_Boxes,price,-0.2411,-0.2411,0.0,False
11226,Subscription_Boxes,content,-0.011725,-0.20229999999999998,-0.190575,True
11226,Subscription_Boxes,customer_service,-0.5423,-0.5423,0.0,False
11227,Subscription_Boxes,billing,0.62285,0.62285,0.0,False
11227,Subscription_Boxes,quality,0.4588,0.4588,0.0,False
11227,Subscription_Boxes,packaging,-0.27115,-0.27115,0.0,False
11227,Subscription_Boxes,content,0.6869666666666667,0.6869666666666667,0.0,False
11231,Subscription_Boxes,price,0.5574,0.5574,0.0,False
11232,Subscription_Boxes,packaging,0.6509,0.6509,0.0,False
11236,Subscription_Boxes,content,0.3206333333333333,0.3206333333333333,0.0,False
11237,Subscription_Boxes,content,0.0,0.0,0.0,False
11238,Subscription_Boxes,billing,-0.25,-0.25,0.0,False
11238,Subscription_Boxes,content,0.4019,0.4019,0.0,False
11239,Subscription_Boxes,quality,0.6249,0.6249,0.0,False
11241,Subscription_Boxes,content,0.0,0.0,0.0,False
11242,Subscription_Boxes,quality,0.795,0.5096499999999999,-0.2853500000000001,True
11242,Subscription_Boxes,price,0.795,0.5096499999999999,-0.2853500000000001,True
11245,Subscription_Boxes,content,0.15846666666666667,0.15846666666666667,0.0,False
11248,Subscription_Boxes,content,0.6588,0.6588,0.0,False
11251,Subscription_Boxes,content,0.7959,0.7959,0.0,False
11254,Subscription_Boxes,content,-0.2584,-0.2584,0.0,False
11256,Subscription_Boxes,content,0.8442,0.8442,0.0,False
11258,Subscription_Boxes,content,0.7964,0.7964,0.0,False
11259,Subscription_Boxes,price,0.37693333333333334,0.37693333333333334,0.0,False
11259,Subscription_Boxes,content,0.0772,0.0772,0.0,False
11260,Subscription_Boxes,delivery,0.0,0.0,0.0,False
11260,Subscription_Boxes,content,0.0,0.0,0.0,False
11261,Subscription_Boxes,content,0.5994,0.5994,0.0,False
11262,Subscription_Boxes,quality,0.5719,0.5719,0.0,False
11263,Subscription_Boxes,quality,0.0772,0.0772,0.0,False
11263,Subscription_Boxes,delivery,0.3612,0.3612,0.0,False
11263,Subscription_Boxes,price,0.4295,0.4295,0.0,False
11264,Subscription_Boxes,content,-0.5423,-0.5423,0.0,False
11268,Subscription_Boxes,price,-0.6124,-0.6124,0.0,False
11269,Subscription_Boxes,billing,0.6369,0.6369,0.0,False
11269,Subscription_Boxes,content,0.15193333333333334,0.15193333333333334,0.0,False
11270,Subscription_Boxes,price,0.6486,0.6486,0.0,False
11272,Subscription_Boxes,price,0.2263,0.2263,0.0,False
11273,Subscription_Boxes,content,0.0,0.0,0.0,False
11273,Subscription_Boxes,price,-0.4728,-0.4728,0.0,False
11275,Subscription_Boxes,content,0.8932,0.6369,-0.2563,True
11277,Subscription_Boxes,content,0.7579,0.7579,0.0,False
11280,Subscription_Boxes,content,0.3612,0.3612,0.0,False
11280,Subscription_Boxes,price,0.3612,0.3612,0.0,False
11281,Subscription_Boxes,content,0.9224,0.5292,-0.3932,True
11281,Subscription_Boxes,price,0.9224,0.4215,-0.5009,True
11282,Subscription_Boxes,content,0.6369,0.6369,0.0,False
11286,Subscription_Boxes,customer_service,-0.4767,-0.4767,0.0,False
11287,Subscription_Boxes,content,0.0,0.0,0.0,False
11288,Subscription_Boxes,quality,0.4404,0.4404,0.0,False
11288,Subscription_Boxes,content,0.0,0.0,0.0,False
11291,Subscription_Boxes,content,0.40495000000000003,0.40495000000000003,0.0,False
11295,Subscription_Boxes,content,0.5994,0.5994,0.0,False
11297,Subscription_Boxes,content,-0.13775,-0.13775,0.0,False
11298,Subscription_Boxes,content,0.1119,0.1119,0.0,False
11300,Subscription_Boxes,billing,0.0,0.0,0.0,False
11300,Subscription_Boxes,content,0.0,0.0,0.0,False
11300,Subscription_Boxes,price,0.3922,0.3922,0.0,False
11301,Subscription_Boxes,content,0.05065,-0.07955,-0.13019999999999998,True
11302,Subscription_Boxes,content,0.3716,0.6249,0.2533,True
11302,Subscription_Boxes,quality,0.3716,0.6249,0.2533,True
11302,Subscription_Boxes,delivery,0.3716,0.6249,0.2533,True
11304,Subscription_Boxes,quality,0.4019,0.4019,0.0,False
11304,Subscription_Boxes,content,0.4019,0.4019,0.0,False
11305,Subscription_Boxes,content,0.7088,0.7088,0.0,False
11307,Subscription_Boxes,content,0.6249,0.6249,0.0,False
11308,Subscription_Boxes,content,0.34,0.34,0.0,False
11309,Subscription_Boxes,delivery,0.0,0.0,0.0,False
11310,Subscription_Boxes,billing,0.06495000000000001,-0.11689999999999999,-0.18185,True
11311,Subscription_Boxes,billing,-0.25,-0.25,0.0,False
11311,Subscription_Boxes,content,0.3947333333333333,0.3431666666666666,-0.051566666666666705,True
11315,Subscription_Boxes,price,0.27773333333333333,0.17193333333333335,-0.10579999999999998,True
11315,Subscription_Boxes,packaging,0.9153,0.9153,0.0,False
11316,Subscription_Boxes,content,0.0,0.0,0.0,False
11319,Subscription_Boxes,billing,0.6239,-0.25,-0.8739,True
11319,Subscription_Boxes,content,0.6239,0.5411,-0.08279999999999998,True
11320,Subscription_Boxes,content,0.12005,0.12005,0.0,False
11320,Subscription_Boxes,quality,0.0,0.0,0.0,False
11320,Subscription_Boxes,delivery,0.6239,0.6239,0.0,False
11325,Subscription_Boxes,content,0.68765,0.68765,0.0,False
11326,Subscription_Boxes,content,0.6697,0.1806,-0.4891,True
11327,Subscription_Boxes,content,0.3506,0.5994,0.24880000000000002,True
11328,Subscription_Boxes,content,0.2354,0.2354,0.0,False
11335,Subscription_Boxes,content,0.39225,0.39225,0.0,False
11336,Subscription_Boxes,advertising,0.0,0.0,0.0,False
11336,Subscription_Boxes,content,0.19323333333333334,0.19323333333333334,0.0,False
11336,Subscription_Boxes,price,0.28985,0.28985,0.0,False
11338,Subscription_Boxes,content,0.0,0.0,0.0,False
11339,Subscription_Boxes,content,0.0,0.0,0.0,False
11341,Subscription_Boxes,content,0.4754,0.4754,0.0,False
11342,Subscription_Boxes,price,0.6494,0.6494,0.0,False
11343,Subscription_Boxes,price,0.0,0.0,0.0,False
11345,Subscription_Boxes,content,0.60465,0.60465,0.0,False
11345,Subscription_Boxes,packaging,0.3612,0.3612,0.0,False
11346,Subscription_Boxes,billing,-0.25,-0.25,0.0,False
11346,Subscription_Boxes,packaging,0.2263,0.4215,0.19519999999999998,True
11346,Subscription_Boxes,price,0.2263,0.0,-0.2263,True
11347,Subscription_Boxes,quality,0.5729,0.5729,0.0,False
11348,Subscription_Boxes,content,0.369625,0.369625,0.0,False
11349,Subscription_Boxes,quality,0.4404,0.4404,0.0,False
11351,Subscription_Boxes,billing,-0.25,-0.25,0.0,False
11351,Subscription_Boxes,content,0.0,0.0,0.0,False
11353,Subscription_Boxes,content,0.6588,0.6588,0.0,False
11354,Subscription_Boxes,content,0.88788,0.85566,-0.032220000000000026,True
11355,Subscription_Boxes,billing,-0.0772,-0.0772,0.0,False
11355,Subscription_Boxes,content,-0.7096,-0.7096,0.0,False
11358,Subscription_Boxes,content,0.8204,0.8204,0.0,False
11360,Subscription_Boxes,content,0.0,0.0,0.0,False
11361,Subscription_Boxes,price,0.4941,0.2579,-0.23619999999999997,True
11362,Subscription_Boxes,content,0.0,0.0,0.0,False
11362,Subscription_Boxes,packaging,0.6932,0.6932,0.0,False
11362,Subscription_Boxes,price,0.0,0.0,0.0,False
11363,Subscription_Boxes,quality,0.9169,0.9169,0.0,False
11371,Subscription_Boxes,content,0.4404,0.4404,0.0,False
11373,Subscription_Boxes,delivery,-0.46655,-0.46655,0.0,False
11373,Subscription_Boxes,price,0.0,0.0,0.0,False
11374,Subscription_Boxes,billing,-0.25,-0.25,0.0,False
11374,Subscription_Boxes,packaging,0.5709,0.5709,0.0,False
11374,Subscription_Boxes,price,0.0,0.0,0.0,False
11375,Subscription_Boxes,billing,-0.1406,-0.25,-0.1094,True
11377,Subscription_Boxes,quality,0.7959,0.7959,0.0,False
11377,Subscription_Boxes,content,0.7959,0.7959,0.0,False
11380,Subscription_Boxes,packaging,0.7177,0.7177,0.0,False
11381,Subscription_Boxes,price,0.6236,0.6007,-0.02290000000000003,True
11384,Subscription_Boxes,content,0.5067600000000001,0.5067600000000001,0.0,False
11384,Subscription_Boxes,customer_service,0.6124,0.6124,0.0,False
11384,Subscription_Boxes,quality,0.0,0.0,0.0,False
11385,Subscription_Boxes,content,0.24345,0.3418,0.09834999999999999,True
11385,Subscription_Boxes,price,0.24345,0.3418,0.09834999999999999,True
11386,Subscription_Boxes,content,0.4404,0.4404,0.0,False
11389,Subscription_Boxes,content,0.7579,0.7579,0.0,False
11390,Subscription_Boxes,delivery,0.0,0.0,0.0,False
11392,Subscription_Boxes,content,0.4404,0.4404,0.0,False
11394,Subscription_Boxes,billing,0.0,0.0,0.0,False
11396,Subscription_Boxes,content,0.4588,0.4588,0.0,False
11398,Subscription_Boxes,delivery,0.4003,0.4003,0.0,False
11401,Subscription_Boxes,content,0.0,0.0,0.0,False
11401,Subscription_Boxes,packaging,0.4215,0.4215,0.0,False
11402,Subscription_Boxes,content,0.0,0.0,0.0,False
11403,Subscription_Boxes,price,0.2228,0.010849999999999999,-0.21195,True
11404,Subscription_Boxes,delivery,-0.5719,-0.5719,0.0,False
11404,Subscription_Boxes,content,-0.5719,-0.5719,0.0,False
11406,Subscription_Boxes,content,0.8788,0.8788,0.0,False
11407,Subscription_Boxes,quality,0.4588,0.4588,0.0,False
11408,Subscription_Boxes,delivery,0.6249,0.6249,0.0,False
11408,Subscription_Boxes,packaging,0.6249,0.6249,0.0,False
11408,Subscription_Boxes,advertising,0.6249,0.6249,0.0,False
11408,Subscription_Boxes,content,0.5563,0.5563,0.0,False
11409,Subscription_Boxes,quality,-0.6486,-0.6486,0.0,False
11409,Subscription_Boxes,content,-0.6486,-0.6486,0.0,False
11410,Subscription_Boxes,packaging,0.9022,0.9022,0.0,False
11411,Subscription_Boxes,billing,-0.6124,-0.4588,0.15360000000000007,True
11413,Subscription_Boxes,content,0.4404,0.4404,0.0,False
11414,Subscription_Boxes,delivery,-0.8047,-0.7906,0.014100000000000001,True
11414,Subscription_Boxes,content,-0.52735,-0.09423333333333332,0.43311666666666665,True
11415,Subscription_Boxes,content,-0.296,-0.296,0.0,False
11417,Subscription_Boxes,price,0.0,0.0,0.0,False
11419,Subscription_Boxes,quality,0.4404,0.4404,0.0,False
11419,Subscription_Boxes,content,0.5326500000000001,0.5326500000000001,0.0,False
11420,Subscription_Boxes,packaging,0.8313,0.8313,0.0,False
11421,Subscription_Boxes,quality,0.0,0.0,0.0,False
11423,Subscription_Boxes,content,0.0772,0.0772,0.0,False
11423,Subscription_Boxes,price,0.0772,0.0772,0.0,False
11424,Subscription_Boxes,content,0.6821,0.5795333333333333,-0.1025666666666667,True
11426,Subscription_Boxes,billing,-0.189,-0.25,-0.061,True
11426,Subscription_Boxes,delivery,-0.128,0.0,0.128,True
11426,Subscription_Boxes,price,0.3122,0.3762,0.064,True
11426,Subscription_Boxes,advertising,0.2732,0.2732,0.0,False
11426,Subscription_Boxes,content,0.2305875,0.2153375,-0.015250000000000014,True
11427,Subscription_Boxes,billing,-0.25,-0.25,0.0,False
11427,Subscription_Boxes,quality,-0.2708,-0.3384,-0.0676,True
11427,Subscription_Boxes,price,0.7096,0.7096,0.0,False
11427,Subscription_Boxes,content,-0.1354,-0.1692,-0.0338,True
11428,Subscription_Boxes,content,0.4137,0.4137,0.0,False
11430,Subscription_Boxes,content,0.23403333333333334,0.49226666666666663,0.2582333333333333,True
11431,Subscription_Boxes,price,-0.31694999999999995,-0.31694999999999995,0.0,False
11431,Subscription_Boxes,content,0.3612,0.3612,0.0,False
11434,Subscription_Boxes,content,0.5647,0.1531,-0.41159999999999997,True
11437,Subscription_Boxes,content,0.4215,0.4215,0.0,False
11438,Subscription_Boxes,content,0.08895,0.0,-0.08895,True
11440,Subscription_Boxes,content,0.7506,0.7506,0.0,False
11441,Subscription_Boxes,content,0.4939,0.4939,0.0,False
11442,Subscription_Boxes,content,0.5106,0.5106,0.0,False
11443,Subscription_Boxes,content,-0.296,-0.296,0.0,False
11444,Subscription_Boxes,content,0.6249,0.6249,0.0,False
11451,Subscription_Boxes,content,0.9072,0.7783,-0.12890000000000001,True
11452,Subscription_Boxes,content,0.7777,0.7777,0.0,False
11452,Subscription_Boxes,packaging,0.2732,0.2732,0.0,False
11453,Subscription_Boxes,content,0.37843333333333334,0.07696666666666664,-0.3014666666666667,True
11453,Subscription_Boxes,delivery,0.0,0.0,0.0,False
11453,Subscription_Boxes,price,0.6597,0.6597,0.0,False
11454,Subscription_Boxes,quality,0.3612,0.3612,0.0,False
11454,Subscription_Boxes,price,0.2484,0.2484,0.0,False
11457,Subscription_Boxes,content,0.4754,0.4754,0.0,False
11459,Subscription_Boxes,price,0.827,0.8268,-0.00019999999999997797,True
11460,Subscription_Boxes,content,0.6077,0.6077,0.0,False
11462,Subscription_Boxes,content,0.88,0.88,0.0,False
11463,Subscription_Boxes,content,0.65335,0.65335,0.0,False
11463,Subscription_Boxes,quality,0.8479,0.8479,0.0,False
11463,Subscription_Boxes,price,0.8479,0.8479,0.0,False
11464,Subscription_Boxes,billing,-0.128,-0.128,0.0,False
11464,Subscription_Boxes,quality,0.6908,0.6908,0.0,False
11464,Subscription_Boxes,delivery,0.19878,0.19878,0.0,False
11467,Subscription_Boxes,price,-0.4215,-0.4215,0.0,False
11467,Subscription_Boxes,content,0.0,0.0,0.0,False
11468,Subscription_Boxes,price,0.26644999999999996,-0.06355,-0.32999999999999996,True
11468,Subscription_Boxes,content,0.0,0.0,0.0,False
11469,Subscription_Boxes,quality,0.0,0.0,0.0,False
11469,Subscription_Boxes,content,0.0,0.0,0.0,False
11472,Subscription_Boxes,price,0.3071,-0.0258,-0.3329,True
11473,Subscription_Boxes,billing,0.126,0.126,0.0,False
11474,Subscription_Boxes,billing,0.0,0.0,0.0,False
11474,Subscription_Boxes,content,-0.09118,-0.19392,-0.10274000000000001,True
11474,Subscription_Boxes,price,0.0688,-0.323,-0.39180000000000004,True
11475,Subscription_Boxes,price,-0.357,-0.357,0.0,False
11476,Subscription_Boxes,price,0.2263,0.2263,0.0,False
11477,Subscription_Boxes,billing,-0.5180666666666667,-0.3942666666666667,0.12379999999999997,True
11478,Subscription_Boxes,quality,-0.2732,-0.2732,0.0,False
11479,Subscription_Boxes,content,0.5505666666666666,0.48865000000000003,-0.06191666666666662,True
11480,Subscription_Boxes,delivery,0.0,0.0,0.0,False
11480,Subscription_Boxes,content,0.4215,0.4215,0.0,False
11481,Subscription_Boxes,content,0.7177,0.7177,0.0,False
11485,Subscription_Boxes,content,0.44849999999999995,0.32492,-0.12357999999999997,True
11486,Subscription_Boxes,content,0.6705,0.6705,0.0,False
11488,Subscription_Boxes,billing,-0.5423,-0.5423,0.0,False
11489,Subscription_Boxes,content,0.0,0.0,0.0,False
11491,Subscription_Boxes,content,-0.7783,-0.7783,0.0,False
11492,Subscription_Boxes,billing,0.0,0.0,0.0,False
11492,Subscription_Boxes,customer_service,0.0,0.0,0.0,False
11494,Subscription_Boxes,content,0.4404,0.4404,0.0,False
11496,Subscription_Boxes,billing,0.0,0.0,0.0,False
11496,Subscription_Boxes,content,0.0,0.0,0.0,False
11497,Subscription_Boxes,content,0.5859,0.5859,0.0,False
11498,Subscription_Boxes,content,0.46140000000000003,0.46140000000000003,0.0,False
11498,Subscription_Boxes,packaging,0.3804,0.3804,0.0,False
11500,Subscription_Boxes,billing,0.08165,-0.472,-0.55365,True
11502,Subscription_Boxes,content,-0.0772,-0.03340000000000001,0.04379999999999999,True
11502,Subscription_Boxes,quality,0.7713,0.7713,0.0,False
11502,Subscription_Boxes,price,0.4588,0.4588,0.0,False
11503,Subscription_Boxes,billing,0.0634,0.0634,0.0,False
11503,Subscription_Boxes,delivery,0.0634,0.0634,0.0,False
11504,Subscription_Boxes,content,-0.07723333333333336,-0.07723333333333336,0.0,False
11506,Subscription_Boxes,billing,0.7269,0.7269,0.0,False
11514,Subscription_Boxes,billing,0.0,0.0,0.0,False
11516,Subscription_Boxes,delivery,0.4404,0.4404,0.0,False
11517,Subscription_Boxes,content,0.6249,0.6249,0.0,False
11518,Subscription_Boxes,content,0.636,0.636,0.0,False
11519,Subscription_Boxes,content,0.3148,-0.6134,-0.9281999999999999,True
11520,Subscription_Boxes,content,-0.2411,-0.2411,0.0,False
11520,Subscription_Boxes,quality,0.0,0.0,0.0,False
11520,Subscription_Boxes,price,0.2944,0.2944,0.0,False
11521,Subscription_Boxes,billing,-0.25,-0.25,0.0,False
11522,Subscription_Boxes,content,0.3035,0.4404,0.13690000000000002,True
11522,Subscription_Boxes,customer_service,0.3035,-0.6408,-0.9443,True
11523,Subscription_Boxes,customer_service,0.6124,0.6124,0.0,False
11523,Subscription_Boxes,delivery,0.0,0.0,0.0,False
11523,Subscription_Boxes,price,0.6308,0.6308,0.0,False
11523,Subscription_Boxes,content,0.46576666666666666,0.46576666666666666,0.0,False
11524,Subscription_Boxes,content,0.3384,0.3384,0.0,False
11525,Subscription_Boxes,content,0.6696500000000001,0.6696500000000001,0.0,False
11526,Subscription_Boxes,advertising,-0.6871,0.0,0.6871,True
11526,Subscription_Boxes,content,-0.08126666666666667,0.14776666666666666,0.2290333333333333,True
11526,Subscription_Boxes,price,-0.6871,-0.5334,0.15370000000000006,True
11530,Subscription_Boxes,billing,-0.25,-0.25,0.0,False
11530,Subscription_Boxes,quality,0.3612,0.3612,0.0,False
11531,Subscription_Boxes,content,0.4902,0.4902,0.0,False
11531,Subscription_Boxes,price,0.4902,0.4902,0.0,False
11532,Subscription_Boxes,price,0.2263,0.2263,0.0,False
11534,Subscription_Boxes,billing,-0.0258,-0.0258,0.0,False
11534,Subscription_Boxes,price,-0.0258,-0.0258,0.0,False
11535,Subscription_Boxes,billing,0.72715,0.3157,-0.41145,True
11535,Subscription_Boxes,quality,0.7935,0.6249,-0.16859999999999997,True
11535,Subscription_Boxes,price,0.7935,0.2023,-0.5912,True
11535,Subscription_Boxes,content,0.7848,0.6144,-0.1704000000000001,True
11537,Subscription_Boxes,content,0.46455,0.46455,0.0,False
11538,Subscription_Boxes,content,0.9577,0.9577,0.0,False
11539,Subscription_Boxes,price,0.0,0.0,0.0,False
11545,Subscription_Boxes,content,-0.2202,-0.2202,0.0,False
11545,Subscription_Boxes,packaging,-0.1695,-0.1695,0.0,False
11545,Subscription_Boxes,price,-0.1695,-0.1695,0.0,False
11546,Subscription_Boxes,content,0.6999,-0.2755,-0.9754,True
11549,Subscription_Boxes,content,0.20995,0.20995,0.0,False
11550,Subscription_Boxes,quality,0.2732,0.2732,0.0,False
11550,Subscription_Boxes,price,0.2732,0.2732,0.0,False
11551,Subscription_Boxes,quality,0.5574,0.5574,0.0,False
11551,Subscription_Boxes,price,0.5574,0.5574,0.0,False
11552,Subscription_Boxes,delivery,0.4939,0.4939,0.0,False
11552,Subscription_Boxes,content,0.4939,0.4939,0.0,False
11553,Subscription_Boxes,content,0.2263,0.2263,0.0,False
11553,Subscription_Boxes,price,0.2263,0.2263,0.0,False
11554,Subscription_Boxes,delivery,0.528,0.528,0.0,False
11556,Subscription_Boxes,content,0.0,0.0,0.0,False
11557,Subscription_Boxes,price,0.8516,0.8516,0.0,False
11557,Subscription_Boxes,content,0.722,0.722,0.0,False
11559,Subscription_Boxes,content,0.8807,0.8807,0.0,False
11561,Subscription_Boxes,billing,-0.6486,-0.4939,0.15469999999999995,True
11561,Subscription_Boxes,quality,-0.6486,0.0,0.6486,True
11561,Subscription_Boxes,delivery,-0.6486,-0.24695,0.40164999999999995,True
11561,Subscription_Boxes,price,0.5425,0.875,0.3325,True
11561,Subscription_Boxes,content,-0.039099999999999996,0.075,0.1141,True
11562,Subscription_Boxes,billing,-0.128,-0.125,0.0030000000000000027,True
11562,Subscription_Boxes,delivery,-0.2263,-0.2263,0.0,False
11562,Subscription_Boxes,price,-0.1695,-0.1695,0.0,False
11562,Subscription_Boxes,packaging,0.0,0.0,0.0,False
11562,Subscription_Boxes,content,0.0,0.0,0.0,False
11563,Subscription_Boxes,billing,0.2498,0.1877,-0.06209999999999999,True
11564,Subscription_Boxes,billing,0.0498,0.0498,0.0,False
11564,Subscription_Boxes,customer_service,-0.34,-0.34,0.0,False
11564,Subscription_Boxes,delivery,-0.25880000000000003,-0.25880000000000003,0.0,False
11564,Subscription_Boxes,content,-0.4465333333333333,-0.3922666666666667,0.054266666666666574,True
11565,Subscription_Boxes,content,0.0,0.0,0.0,False
11565,Subscription_Boxes,price,0.0,0.0,0.0,False
11566,Subscription_Boxes,billing,-0.25,-0.25,0.0,False
11567,Subscription_Boxes,price,-0.1695,-0.1695,0.0,False
11567,Subscription_Boxes,content,-0.6705,-0.6705,0.0,False
11568,Subscription_Boxes,content,0.6605,0.5859,-0.0746,True
11575,Subscription_Boxes,content,-0.5558,0.5106,1.0664,True
11576,Subscription_Boxes,content,0.7964,0.7964,0.0,False
11577,Subscription_Boxes,content,-0.24813333333333332,-0.24813333333333332,0.0,False
11579,Subscription_Boxes,content,0.6249,0.6249,0.0,False
11580,Subscription_Boxes,billing,-0.25,-0.25,0.0,False
11580,Subscription_Boxes,content,0.26335,0.26335,0.0,False
11582,Subscription_Boxes,billing,-0.25,-0.25,0.0,False
11584,Subscription_Boxes,delivery,-0.296,-0.296,0.0,False
11585,Subscription_Boxes,content,0.1027,0.1027,0.0,False
11586,Subscription_Boxes,content,0.291725,0.291725,0.0,False
11587,Subscription_Boxes,content,0.5003,0.5003,0.0,False
11587,Subscription_Boxes,price,0.5003,0.5003,0.0,False
11589,Subscription_Boxes,content,0.0,0.0,0.0,False
11591,Subscription_Boxes,content,0.7745,0.5994,-0.17509999999999992,True
11592,Subscription_Boxes,content,0.0,0.0,0.0,False
11593,Subscription_Boxes,quality,0.7128,0.7128,0.0,False
11594,Subscription_Boxes,billing,-0.002799999999999997,-0.03605,-0.03325,True
11594,Subscription_Boxes,delivery,-0.1835,-0.25,-0.0665,True
11594,Subscription_Boxes,price,-0.4939,-0.4939,0.0,False
11594,Subscription_Boxes,content,-0.3387,-0.06075,0.27795000000000003,True
11595,Subscription_Boxes,content,-0.296,-0.296,0.0,False
11597,Subscription_Boxes,billing,0.1511,0.1511,0.0,False
11597,Subscription_Boxes,content,0.2202,0.2202,0.0,False
11601,Subscription_Boxes,billing,0.1779,0.1779,0.0,False
11603,Subscription_Boxes,quality,0.9336,0.9336,0.0,False
11606,Subscription_Boxes,content,0.0,0.0,0.0,False
11607,Subscription_Boxes,price,0.0,0.0,0.0,False
11611,Subscription_Boxes,billing,0.5749,0.2363,-0.33859999999999996,True
11611,Subscription_Boxes,delivery,0.0,0.0,0.0,False
11612,Subscription_Boxes,content,0.297,0.297,0.0,False
11612,Subscription_Boxes,quality,0.0,0.0,0.0,False
11612,Subscription_Boxes,price,0.891,0.891,0.0,False
11613,Subscription_Boxes,billing,-0.6705,-0.6705,0.0,False
11613,Subscription_Boxes,content,0.6113,0.5411,-0.07019999999999993,True
11613,Subscription_Boxes,price,-0.6705,-0.6705,0.0,False
11614,Subscription_Boxes,content,0.0,0.0,0.0,False
11615,Subscription_Boxes,delivery,0.6249,0.6249,0.0,False
11616,Subscription_Boxes,content,0.5106,0.5106,0.0,False
11617,Subscription_Boxes,customer_service,0.4648,0.6523,0.1875,True
11618,Subscription_Boxes,quality,0.2263,0.2263,0.0,False
11618,Subscription_Boxes,content,0.07543333333333334,0.07543333333333334,0.0,False
11623,Subscription_Boxes,content,-0.1779,-0.1779,0.0,False
11623,Subscription_Boxes,quality,-0.1779,-0.1779,0.0,False
11623,Subscription_Boxes,packaging,0.3182,0.3182,0.0,False
11624,Subscription_Boxes,content,0.7003,0.7003,0.0,False
11624,Subscription_Boxes,packaging,0.7088,0.7088,0.0,False
11625,Subscription_Boxes,content,0.8481,0.8481,0.0,False
11625,Subscription_Boxes,packaging,0.8481,0.8481,0.0,False
11627,Subscription_Boxes,quality,0.0,0.0,0.0,False
11628,Subscription_Boxes,price,0.0436,0.0,-0.0436,True
11629,Subscription_Boxes,quality,-0.6249,-0.6249,0.0,False
11630,Subscription_Boxes,content,0.6369,0.6369,0.0,False
11631,Subscription_Boxes,price,0.431,0.431,0.0,False
11632,Subscription_Boxes,price,0.0,0.0,0.0,False
11633,Subscription_Boxes,content,0.0,0.0,0.0,False
11633,Subscription_Boxes,price,0.0,0.0,0.0,False
11634,Subscription_Boxes,price,0.4404,0.4404,0.0,False
11636,Subscription_Boxes,customer_service,0.8221,0.8221,0.0,False
11637,Subscription_Boxes,content,0.503575,0.4213,-0.08227499999999999,True
11638,Subscription_Boxes,delivery,-0.3182,-0.3182,0.0,False
11638,Subscription_Boxes,content,0.46414285714285713,0.34358571428571427,-0.12055714285714286,True
11640,Subscription_Boxes,content,-0.4215,-0.4215,0.0,False
11640,Subscription_Boxes,delivery,0.0,0.0,0.0,False
11640,Subscription_Boxes,price,-0.4215,-0.4215,0.0,False
11641,Subscription_Boxes,price,-0.296,-0.296,0.0,False
11641,Subscription_Boxes,content,0.53505,0.53505,0.0,False
11644,Subscription_Boxes,content,0.0,0.0,0.0,False
11644,Subscription_Boxes,quality,0.0,0.0,0.0,False
11644,Subscription_Boxes,price,0.6588,0.6588,0.0,False
11645,Subscription_Boxes,price,0.7184,0.7184,0.0,False
11646,Subscription_Boxes,content,0.636,0.636,0.0,False
11647,Subscription_Boxes,quality,0.9288,0.9288,0.0,False
11647,Subscription_Boxes,content,0.7424999999999999,0.7424999999999999,0.0,False
11649,Subscription_Boxes,billing,0.3657,0.3657,0.0,False
11649,Subscription_Boxes,content,0.6249,-0.5423,-1.1672,True
11650,Subscription_Boxes,delivery,0.0,0.0,0.0,False
11650,Subscription_Boxes,content,0.6697,0.6697,0.0,False
11651,Subscription_Boxes,content,0.4404,0.4404,0.0,False
11652,Subscription_Boxes,content,0.6486,0.6486,0.0,False
11654,Subscription_Boxes,price,0.0,0.0,0.0,False
11654,Subscription_Boxes,content,0.239975,0.397725,0.15775,True
11655,Subscription_Boxes,price,0.0,0.0,0.0,False
11657,Subscription_Boxes,content,0.7574,0.7574,0.0,False
11659,Subscription_Boxes,content,0.5719,0.5719,0.0,False
11660,Subscription_Boxes,content,0.24003333333333332,0.24003333333333332,0.0,False
11660,Subscription_Boxes,customer_service,0.7003,0.7003,0.0,False
11660,Subscription_Boxes,price,0.5379,0.5379,0.0,False
11661,Subscription_Boxes,content,0.5574,0.5574,0.0,False
11663,Subscription_Boxes,advertising,-0.5563,-0.5563,0.0,False
11663,Subscription_Boxes,billing,-0.25,-0.25,0.0,False
11663,Subscription_Boxes,price,0.0516,0.0516,0.0,False
11664,Subscription_Boxes,content,0.2263,0.2263,0.0,False
11665,Subscription_Boxes,content,0.7579,0.6124,-0.14549999999999996,True
11667,Subscription_Boxes,content,0.43839999999999996,0.34369999999999995,-0.0947,True
11669,Subscription_Boxes,content,0.6641,0.6641,0.0,False
11671,Subscription_Boxes,advertising,0.5859,0.5859,0.0,False
11672,Subscription_Boxes,delivery,0.0,0.0,0.0,False
11672,Subscription_Boxes,quality,-0.7755,-0.7755,0.0,False
11673,Subscription_Boxes,price,-0.5824,-0.5824,0.0,False
11676,Subscription_Boxes,delivery,0.7003,0.7003,0.0,False
11676,Subscription_Boxes,content,0.1454,0.1779,0.0325,True
11677,Subscription_Boxes,quality,-0.4215,-0.4215,0.0,False
11677,Subscription_Boxes,content,-0.4215,-0.4215,0.0,False
11678,Subscription_Boxes,customer_service,-0.1516,-0.1516,0.0,False
11679,Subscription_Boxes,billing,0.185,0.1245,-0.0605,True
11679,Subscription_Boxes,content,-0.05654999999999999,-0.1222,-0.06565000000000001,True
11682,Subscription_Boxes,price,-0.1007,-0.1007,0.0,False
11684,Subscription_Boxes,price,0.358,0.358,0.0,False
11684,Subscription_Boxes,content,0.34,0.34,0.0,False
11685,Subscription_Boxes,packaging,-0.14645,-0.09279999999999997,0.05365000000000003,True
11686,Subscription_Boxes,content,0.0,0.0,0.0,False
11689,Subscription_Boxes,quality,0.6249,0.6249,0.0,False
11691,Subscription_Boxes,packaging,0.0,0.0,0.0,False
11692,Subscription_Boxes,quality,0.2023,-0.5574,-0.7597,True
11692,Subscription_Boxes,content,0.4588,0.4588,0.0,False
11693,Subscription_Boxes,price,-0.07655,0.0,0.07655,True
11693,Subscription_Boxes,content,0.47173333333333334,0.47173333333333334,0.0,False
11694,Subscription_Boxes,billing,0.0,0.0,0.0,False
11694,Subscription_Boxes,quality,0.2777,0.2263,-0.0514,True
11694,Subscription_Boxes,delivery,0.4515,0.4019,-0.04960000000000003,True
11695,Subscription_Boxes,content,0.6696,0.6696,0.0,False
11695,Subscription_Boxes,quality,0.4404,0.0,-0.4404,True
11695,Subscription_Boxes,price,0.6696,0.6696,0.0,False
11696,Subscription_Boxes,content,0.5896,0.5896,0.0,False
11696,Subscription_Boxes,customer_service,0.5267,0.5267,0.0,False
11696,Subscription_Boxes,packaging,0.6369,0.6369,0.0,False
11697,Subscription_Boxes,content,0.6185,0.6185,0.0,False
11698,Subscription_Boxes,content,0.807,0.807,0.0,False
11699,Subscription_Boxes,customer_service,0.8402,0.8402,0.0,False
11707,Subscription_Boxes,price,-0.1695,-0.1695,0.0,False
11708,Subscription_Boxes,quality,0.6249,0.6249,0.0,False
11709,Subscription_Boxes,content,0.0,0.0,0.0,False
11709,Subscription_Boxes,delivery,0.3174,0.0,-0.3174,True
11709,Subscription_Boxes,price,0.2732,-0.0772,-0.3504,True
11710,Subscription_Boxes,billing,-0.25,-0.25,0.0,False
11711,Subscription_Boxes,price,-0.1935,-0.1935,0.0,False
11711,Subscription_Boxes,content,0.15855000000000002,0.15855000000000002,0.0,False
11712,Subscription_Boxes,content,0.53845,0.53845,0.0,False
11712,Subscription_Boxes,packaging,0.2263,0.2263,0.0,False
11713,Subscription_Boxes,content,0.4939,0.4939,0.0,False
11714,Subscription_Boxes,content,0.6369,0.6369,0.0,False
11715,Subscription_Boxes,content,0.6369,0.6369,0.0,False
11717,Subscription_Boxes,quality,0.7044,0.7044,0.0,False
11717,Subscription_Boxes,packaging,0.7717,0.7717,0.0,False
11717,Subscription_Boxes,delivery,0.4199,0.4199,0.0,False
11717,Subscription_Boxes,content,0.7717,0.7717,0.0,False
11719,Subscription_Boxes,content,0.7579,0.7579,0.0,False
11720,Subscription_Boxes,content,0.5095,0.5095,0.0,False
11722,Subscription_Boxes,delivery,0.0,0.0,0.0,False
11722,Subscription_Boxes,packaging,0.0,0.0,0.0,False
11723,Subscription_Boxes,price,-0.21075,-0.21075,0.0,False
11724,Subscription_Boxes,content,0.0,0.0,0.0,False
11724,Subscription_Boxes,quality,0.032799999999999996,-0.23835,-0.27115,True
11724,Subscription_Boxes,price,0.0,0.0,0.0,False
11726,Subscription_Boxes,billing,0.13115,0.11335,-0.017799999999999983,True
11727,Subscription_Boxes,content,0.7597666666666667,0.6913333333333335,-0.06843333333333323,True
11727,Subscription_Boxes,delivery,0.3818,0.3818,0.0,False
11727,Subscription_Boxes,price,0.8047,0.5104500000000001,-0.2942499999999999,True
11728,Subscription_Boxes,content,0.0,0.0,0.0,False
11728,Subscription_Boxes,price,-0.1695,-0.1695,0.0,False
11731,Subscription_Boxes,content,0.7964,0.7964,0.0,False
11732,Subscription_Boxes,content,0.0,0.0,0.0,False
11733,Subscription_Boxes,advertising,0.0,0.0,0.0,False
11733,Subscription_Boxes,price,-0.4215,-0.4215,0.0,False
11735,Subscription_Boxes,delivery,0.5818,0.5818,0.0,False
11737,Subscription_Boxes,content,0.5719,0.5719,0.0,False
11738,Subscription_Boxes,price,0.7178,0.7178,0.0,False
11739,Subscription_Boxes,content,0.3612,0.3612,0.0,False
11739,Subscription_Boxes,price,-0.2222,-0.2222,0.0,False
11741,Subscription_Boxes,billing,-0.0772,-0.0772,0.0,False
11741,Subscription_Boxes,price,0.9156,0.835,-0.0806,True
11742,Subscription_Boxes,billing,-0.0772,-0.0772,0.0,False
11742,Subscription_Boxes,content,-0.4767,-0.4767,0.0,False
11742,Subscription_Boxes,price,0.7501,0.7501,0.0,False
11743,Subscription_Boxes,price,0.2263,0.2263,0.0,False
11745,Subscription_Boxes,content,-0.274,-0.3182,-0.04419999999999996,True
11746,Subscription_Boxes,price,0.5106,0.5106,0.0,False
11749,Subscription_Boxes,billing,0.2263,0.2263,0.0,False
11749,Subscription_Boxes,price,0.3182,0.3182,0.0,False
11751,Subscription_Boxes,billing,0.3062,0.3062,0.0,False
11751,Subscription_Boxes,content,0.4151,0.4151,0.0,False
11752,Subscription_Boxes,price,0.0,0.0,0.0,False
11752,Subscription_Boxes,content,0.3612,0.3612,0.0,False
11753,Subscription_Boxes,delivery,0.3574,0.3574,0.0,False
11753,Subscription_Boxes,content,0.3612,0.3612,0.0,False
11758,Subscription_Boxes,packaging,0.9545,0.9545,0.0,False
11759,Subscription_Boxes,content,0.6369,0.6369,0.0,False
11760,Subscription_Boxes,content,0.5994,0.5994,0.0,False
11762,Subscription_Boxes,delivery,0.126,0.126,0.0,False
11762,Subscription_Boxes,price,0.5859,0.0,-0.5859,True
11763,Subscription_Boxes,quality,0.9153,0.9153,0.0,False
11764,Subscription_Boxes,billing,-0.25,-0.25,0.0,False
11764,Subscription_Boxes,customer_service,0.0,0.0,0.0,False
11764,Subscription_Boxes,quality,0.08080000000000001,0.08080000000000001,0.0,False
11764,Subscription_Boxes,price,0.7269,0.7269,0.0,False
11764,Subscription_Boxes,content,0.2787,0.2787,0.0,False
11766,Subscription_Boxes,price,0.5994,0.5994,0.0,False
11767,Subscription_Boxes,quality,0.4404,0.4404,0.0,False
11768,Subscription_Boxes,billing,-0.34,-0.34,0.0,False
11768,Subscription_Boxes,content,0.0,0.0,0.0,False
11769,Subscription_Boxes,advertising,0.0,0.0,0.0,False
11770,Subscription_Boxes,delivery,0.0,0.0,0.0,False
11772,Subscription_Boxes,content,0.6908,0.6908,0.0,False
11775,Subscription_Boxes,price,0.8082,0.8082,0.0,False
11775,Subscription_Boxes,content,0.7156,0.7156,0.0,False
11776,Subscription_Boxes,price,0.5423,0.5423,0.0,False
11776,Subscription_Boxes,content,0.007800000000000029,0.007800000000000029,0.0,False
11778,Subscription_Boxes,quality,0.0,0.0,0.0,False
11778,Subscription_Boxes,content,0.38915,0.38915,0.0,False
11782,Subscription_Boxes,content,0.2553,0.2553,0.0,False
11782,Subscription_Boxes,delivery,0.5106,0.5106,0.0,False
11782,Subscription_Boxes,packaging,0.818,0.818,0.0,False
11783,Subscription_Boxes,billing,0.1511,0.1511,0.0,False
11783,Subscription_Boxes,content,0.3612,0.3612,0.0,False
11784,Subscription_Boxes,content,0.0,0.0,0.0,False
11784,Subscription_Boxes,price,-0.11845,-0.11845,0.0,False
11787,Subscription_Boxes,content,0.5106,0.5106,0.0,False
11787,Subscription_Boxes,delivery,0.0,0.0,0.0,False
11787,Subscription_Boxes,packaging,0.5106,0.5106,0.0,False
11788,Subscription_Boxes,content,0.5023,0.3612,-0.14109999999999995,True
11788,Subscription_Boxes,quality,0.7717,0.7717,0.0,False
11788,Subscription_Boxes,price,0.7717,0.7717,0.0,False
11789,Subscription_Boxes,content,0.17804999999999999,0.17804999999999999,0.0,False
11798,Subscription_Boxes,content,0.4795,0.4795,0.0,False
11799,Subscription_Boxes,quality,-0.0516,-0.0516,0.0,False
11799,Subscription_Boxes,packaging,-0.0516,-0.0516,0.0,False
11799,Subscription_Boxes,price,-0.0981,-0.0981,0.0,False
11799,Subscription_Boxes,content,-0.0516,-0.0516,0.0,False
11800,Subscription_Boxes,quality,0.7906,0.7906,0.0,False
11802,Subscription_Boxes,price,0.0,0.0,0.0,False
11803,Subscription_Boxes,content,-0.06885000000000002,-0.06885000000000002,0.0,False
11805,Subscription_Boxes,content,0.0,0.0,0.0,False
11806,Subscription_Boxes,content,-0.3612,-0.3612,0.0,False
11806,Subscription_Boxes,price,-0.3612,-0.3612,0.0,False
11808,Subscription_Boxes,quality,0.7261,0.4754,-0.2507,True
11808,Subscription_Boxes,content,0.7261,0.4754,-0.2507,True
11809,Subscription_Boxes,quality,0.891,0.891,0.0,False
11809,Subscription_Boxes,content,0.891,0.891,0.0,False
11812,Subscription_Boxes,packaging,0.4404,0.4404,0.0,False
11814,Subscription_Boxes,billing,-0.25,-0.25,0.0,False
11818,Subscription_Boxes,quality,0.0,0.0,0.0,False
11820,Subscription_Boxes,packaging,0.0,0.0,0.0,False
11822,Subscription_Boxes,content,0.4927,0.4927,0.0,False
11824,Subscription_Boxes,content,0.0,0.0,0.0,False
11825,Subscription_Boxes,content,0.0258,0.18655000000000002,0.16075000000000003,True
11825,Subscription_Boxes,price,0.0258,-0.2263,-0.2521,True
11828,Subscription_Boxes,content,0.23765,0.23765,0.0,False
11831,Subscription_Boxes,content,0.1027,0.1027,0.0,False
11831,Subscription_Boxes,price,-0.2617,0.0,0.2617,True
11832,Subscription_Boxes,price,-0.2732,-0.2732,0.0,False
11835,Subscription_Boxes,content,0.31245,0.31245,0.0,False
11836,Subscription_Boxes,content,0.1265,0.1265,0.0,False
11836,Subscription_Boxes,price,-0.1695,-0.1695,0.0,False
11837,Subscription_Boxes,quality,0.261,0.4756,0.2146,True
11837,Subscription_Boxes,content,0.3902,0.3902,0.0,False
11839,Subscription_Boxes,price,0.4215,0.4215,0.0,False
11839,Subscription_Boxes,content,0.39135,0.39135,0.0,False
11842,Subscription_Boxes,quality,-0.0772,-0.0772,0.0,False
11842,Subscription_Boxes,content,0.1816,0.1816,0.0,False
11843,Subscription_Boxes,billing,-0.4784,-0.4784,0.0,False
11843,Subscription_Boxes,content,0.5267,0.5267,0.0,False
11843,Subscription_Boxes,price,-0.2654,-0.2654,0.0,False
11845,Subscription_Boxes,billing,0.0,0.0,0.0,False
11846,Subscription_Boxes,delivery,0.0,0.0,0.0,False
11846,Subscription_Boxes,content,0.2241,0.2241,0.0,False
11847,Subscription_Boxes,price,0.37375,0.37375,0.0,False
11847,Subscription_Boxes,packaging,0.3657,0.3657,0.0,False
11850,Subscription_Boxes,content,0.7964,0.7964,0.0,False
11851,Subscription_Boxes,content,0.51535,0.51535,0.0,False
11852,Subscription_Boxes,content,0.706,0.706,0.0,False
11853,Subscription_Boxes,content,0.1289,0.0,-0.1289,True
11854,Subscription_Boxes,content,0.0,0.0,0.0,False
11855,Subscription_Boxes,quality,0.4404,0.4404,0.0,False
11856,Subscription_Boxes,content,0.7096,0.5574,-0.1522,True
11856,Subscription_Boxes,quality,0.0,0.0,0.0,False
11856,Subscription_Boxes,delivery,0.34325,0.34325,0.0,False
11857,Subscription_Boxes,delivery,0.0,0.0,0.0,False
11858,Subscription_Boxes,billing,0.0,0.0,0.0,False
11858,Subscription_Boxes,content,0.0,0.0,0.0,False
11859,Subscription_Boxes,content,0.0,0.0,0.0,False
11861,Subscription_Boxes,billing,0.5487,0.0,-0.5487,True
11861,Subscription_Boxes,packaging,0.7615,0.7615,0.0,False
11862,Subscription_Boxes,content,0.0,0.0,0.0,False
11863,Subscription_Boxes,content,0.3321,0.3321,0.0,False
11863,Subscription_Boxes,packaging,0.5267,0.5267,0.0,False
11864,Subscription_Boxes,billing,-0.10600000000000001,-0.10600000000000001,0.0,False
11864,Subscription_Boxes,content,0.2584,0.2584,0.0,False
11865,Subscription_Boxes,content,0.0,0.0,0.0,False
11866,Subscription_Boxes,quality,0.5994,0.5994,0.0,False
11868,Subscription_Boxes,price,-0.15246666666666667,-0.15246666666666667,0.0,False
11868,Subscription_Boxes,content,0.2977,0.2977,0.0,False
11869,Subscription_Boxes,delivery,0.0,0.0,0.0,False
11871,Subscription_Boxes,delivery,0.0,0.0,0.0,False
11871,Subscription_Boxes,content,-0.0634,-0.0634,0.0,False
11873,Subscription_Boxes,quality,0.2023,0.2023,0.0,False
11874,Subscription_Boxes,content,0.6597,0.6597,0.0,False
11875,Subscription_Boxes,billing,-0.3350666666666666,-0.16323333333333334,0.17183333333333328,True
11875,Subscription_Boxes,customer_service,0.0103,0.0103,0.0,False
11875,Subscription_Boxes,quality,-0.7184,-0.7184,0.0,False
11875,Subscription_Boxes,delivery,-0.7184,-0.7184,0.0,False
11875,Subscription_Boxes,content,0.0,0.0,0.0,False
11878,Subscription_Boxes,content,0.838,0.838,0.0,False
11879,Subscription_Boxes,content,0.6824,0.6369,-0.045499999999999985,True
11880,Subscription_Boxes,content,-0.296,-0.296,0.0,False
11881,Subscription_Boxes,content,0.0,0.0,0.0,False
11883,Subscription_Boxes,packaging,0.4734,0.0,-0.4734,True
11883,Subscription_Boxes,customer_service,0.6249,0.6249,0.0,False
11884,Subscription_Boxes,price,0.1591,0.1591,0.0,False
11885,Subscription_Boxes,content,0.0,0.0,0.0,False
11886,Subscription_Boxes,content,0.2023,0.2023,0.0,False
11886,Subscription_Boxes,quality,0.0,0.0,0.0,False
11886,Subscription_Boxes,price,0.4588,0.4588,0.0,False
11887,Subscription_Boxes,content,0.6369,0.6369,0.0,False
11887,Subscription_Boxes,quality,0.6369,0.6369,0.0,False
11887,Subscription_Boxes,delivery,0.6369,0.6369,0.0,False
11890,Subscription_Boxes,delivery,0.6696,0.6696,0.0,False
11891,Subscription_Boxes,content,0.4653,0.4329,-0.032399999999999984,True
11892,Subscription_Boxes,billing,-0.25,-0.25,0.0,False
11892,Subscription_Boxes,content,0.4447,0.3612,-0.08349999999999996,True
11893,Subscription_Boxes,price,0.5233,0.5233,0.0,False
11894,Subscription_Boxes,content,0.765,0.765,0.0,False
11895,Subscription_Boxes,quality,0.5561499999999999,0.5561499999999999,0.0,False
11897,Subscription_Boxes,content,0.0,0.0,0.0,False
11898,Subscription_Boxes,quality,0.6857,0.54,-0.14569999999999994,True
11898,Subscription_Boxes,content,0.6705,0.6705,0.0,False
11899,Subscription_Boxes,price,0.3382,0.3382,0.0,False
11899,Subscription_Boxes,content,0.3632,0.3632,0.0,False
11900,Subscription_Boxes,price,0.24695,0.24695,0.0,False
11901,Subscription_Boxes,price,0.6705,0.6705,0.0,False
11902,Subscription_Boxes,price,-0.4215,-0.4215,0.0,False
11904,Subscription_Boxes,content,0.6659,0.6659,0.0,False
11905,Subscription_Boxes,content,-0.4588,-0.4588,0.0,False
11908,Subscription_Boxes,billing,-0.25,-0.25,0.0,False
11908,Subscription_Boxes,content,-0.1582,-0.19375,-0.03555,True
11909,Subscription_Boxes,delivery,0.8591,0.8591,0.0,False
11909,Subscription_Boxes,content,0.0,0.0,0.0,False
11911,Subscription_Boxes,content,0.8481,0.8481,0.0,False
11912,Subscription_Boxes,content,-0.2057,-0.3875,-0.18180000000000002,True
11914,Subscription_Boxes,content,0.433,0.433,0.0,False
11917,Subscription_Boxes,delivery,0.296,0.296,0.0,False
11918,Subscription_Boxes,content,0.10296666666666666,0.10296666666666666,0.0,False
11919,Subscription_Boxes,delivery,0.6249,0.6249,0.0,False
11921,Subscription_Boxes,price,-0.1695,-0.1695,0.0,False
11922,Subscription_Boxes,content,-0.4939,-0.4939,0.0,False
11928,Subscription_Boxes,billing,-0.5454,-0.5393,0.006099999999999994,True
11928,Subscription_Boxes,price,0.3291,0.2263,-0.1028,True
11929,Subscription_Boxes,content,0.24080000000000001,0.24080000000000001,0.0,False
11929,Subscription_Boxes,quality,0.0,0.0,0.0,False
11929,Subscription_Boxes,price,0.0,0.0,0.0,False
11931,Subscription_Boxes,billing,-0.25,-0.25,0.0,False
11931,Subscription_Boxes,quality,-0.68,0.4404,1.1204,True
11933,Subscription_Boxes,content,-0.6001,-0.6001,0.0,False
11934,Subscription_Boxes,price,-0.4215,-0.4215,0.0,False
11936,Subscription_Boxes,packaging,0.6115,0.6115,0.0,False
11939,Subscription_Boxes,billing,0.4215,0.4215,0.0,False
11939,Subscription_Boxes,price,0.5859,0.0,-0.5859,True
11940,Subscription_Boxes,content,0.1531,0.296,0.14289999999999997,True
11941,Subscription_Boxes,quality,0.636,0.636,0.0,False
11942,Subscription_Boxes,delivery,0.4939,0.4939,0.0,False
11942,Subscription_Boxes,packaging,0.0,0.0,0.0,False
11947,Subscription_Boxes,billing,-0.1469,-0.25,-0.1031,True
11947,Subscription_Boxes,price,0.2579,0.2579,0.0,False
11948,Subscription_Boxes,content,0.6249,0.6249,0.0,False
11949,Subscription_Boxes,price,-0.1695,-0.1695,0.0,False
11949,Subscription_Boxes,content,0.0,0.0,0.0,False
11950,Subscription_Boxes,content,0.765,0.765,0.0,False
11952,Subscription_Boxes,quality,-0.4767,-0.4767,0.0,False
11952,Subscription_Boxes,content,0.0,0.0,0.0,False
11953,Subscription_Boxes,content,0.415375,0.415375,0.0,False
11953,Subscription_Boxes,quality,0.1724,0.1724,0.0,False
11953,Subscription_Boxes,price,0.4019,0.4019,0.0,False
11956,Subscription_Boxes,content,0.7506,0.7506,0.0,False
11957,Subscription_Boxes,content,0.31845,0.31845,0.0,False
11959,Subscription_Boxes,customer_service,0.4939,0.4939,0.0,False
11959,Subscription_Boxes,delivery,0.6249,0.6249,0.0,False
11959,Subscription_Boxes,quality,0.7184,0.7184,0.0,False
11959,Subscription_Boxes,content,0.4477666666666667,0.4477666666666667,0.0,False
11961,Subscription_Boxes,content,0.4215,0.4215,0.0,False
11962,Subscription_Boxes,content,0.6335999999999999,0.6335999999999999,0.0,False
11962,Subscription_Boxes,customer_service,0.8268,0.8268,0.0,False
11962,Subscription_Boxes,packaging,0.4404,0.4404,0.0,False
11963,Subscription_Boxes,price,0.7783,0.7783,0.0,False
11964,Subscription_Boxes,content,0.9722,0.9722,0.0,False
11965,Subscription_Boxes,price,0.4404,0.4404,0.0,False
11967,Subscription_Boxes,content,0.0,0.0,0.0,False
11967,Subscription_Boxes,quality,0.4404,0.4404,0.0,False
11967,Subscription_Boxes,price,0.4404,0.4404,0.0,False
11970,Subscription_Boxes,content,0.6588,0.6588,0.0,False
11971,Subscription_Boxes,content,0.6115,0.6115,0.0,False
11973,Subscription_Boxes,billing,0.2023,0.2023,0.0,False
11975,Subscription_Boxes,quality,0.2263,0.2263,0.0,False
11978,Subscription_Boxes,quality,0.983,0.7645,-0.21850000000000003,True
11980,Subscription_Boxes,content,0.0772,0.0772,0.0,False
11982,Subscription_Boxes,content,0.6249,0.6249,0.0,False
11983,Subscription_Boxes,billing,-0.2266,0.0,0.2266,True
11983,Subscription_Boxes,content,-0.6798,-0.5256,0.1542,True
11983,Subscription_Boxes,quality,-0.6798,-0.5256,0.1542,True
11986,Subscription_Boxes,content,0.1027,0.1027,0.0,False
11987,Subscription_Boxes,price,-0.6207,-0.6207,0.0,False
11987,Subscription_Boxes,content,0.25,0.4588,0.20879999999999999,True
11988,Subscription_Boxes,quality,0.7351,0.7351,0.0,False
11989,Subscription_Boxes,quality,0.3818,0.3818,0.0,False
11990,Subscription_Boxes,delivery,0.0,0.0,0.0,False
11990,Subscription_Boxes,content,0.8553,0.8553,0.0,False
11991,Subscription_Boxes,billing,0.6124,0.6124,0.0,False
11993,Subscription_Boxes,delivery,0.0,0.0,0.0,False
11998,Subscription_Boxes,content,0.5994,0.5994,0.0,False
11998,Subscription_Boxes,packaging,0.4588,0.4588,0.0,False
11999,Subscription_Boxes,content,-0.296,-0.296,0.0,False
12000,Subscription_Boxes,content,0.5563,0.5563,0.0,False
12001,Subscription_Boxes,content,0.7964,0.7964,0.0,False
12003,Subscription_Boxes,content,0.7597750000000001,0.7597750000000001,0.0,False
12004,Subscription_Boxes,billing,0.0,0.0,0.0,False
12005,Subscription_Boxes,content,0.5106,0.5106,0.0,False
12005,Subscription_Boxes,price,0.6486,0.6486,0.0,False
12006,Subscription_Boxes,content,0.0,0.0,0.0,False
12007,Subscription_Boxes,content,0.458175,0.43167500000000003,-0.026499999999999968,True
12009,Subscription_Boxes,content,0.2732,0.2732,0.0,False
12010,Subscription_Boxes,billing,0.0,0.0,0.0,False
12010,Subscription_Boxes,quality,0.0,0.0,0.0,False
12011,Subscription_Boxes,delivery,-0.451,0.0,0.451,True
12012,Subscription_Boxes,billing,-0.25,-0.25,0.0,False
12012,Subscription_Boxes,quality,-0.01996666666666667,-0.08333333333333333,-0.06336666666666665,True
12013,Subscription_Boxes,content,0.2732,0.2732,0.0,False
12014,Subscription_Boxes,content,-0.17865999999999999,-0.17865999999999999,0.0,False
12015,Subscription_Boxes,content,0.0,0.0,0.0,False
12016,Subscription_Boxes,quality,0.6249,0.6249,0.0,False
12018,Subscription_Boxes,delivery,0.1779,0.1779,0.0,False
12019,Subscription_Boxes,content,0.0,0.0,0.0,False
12020,Subscription_Boxes,billing,0.5796,0.5796,0.0,False
12021,Subscription_Boxes,billing,-0.4767,-0.4767,0.0,False
12021,Subscription_Boxes,quality,-0.4767,-0.4767,0.0,False
12023,Subscription_Boxes,content,0.34,0.17,-0.17,True
12024,Subscription_Boxes,content,0.6249,0.6249,0.0,False
12026,Subscription_Boxes,billing,0.0,0.0,0.0,False
12026,Subscription_Boxes,quality,0.0,0.0,0.0,False
12029,Subscription_Boxes,advertising,0.3422,0.4466,0.10439999999999999,True
12029,Subscription_Boxes,content,-0.13508,0.06344999999999999,0.19852999999999998,True
12029,Subscription_Boxes,price,0.1711,0.2233,0.052199999999999996,True
12032,Subscription_Boxes,billing,0.3818,0.3818,0.0,False
12032,Subscription_Boxes,content,0.4927,0.4927,0.0,False
12032,Subscription_Boxes,price,0.3818,0.3818,0.0,False
12033,Subscription_Boxes,content,0.7003,0.7003,0.0,False
12034,Subscription_Boxes,content,0.41337999999999997,0.41337999999999997,0.0,False
12034,Subscription_Boxes,delivery,0.9081,0.9081,0.0,False
12034,Subscription_Boxes,price,0.5106,0.5106,0.0,False
12038,Subscription_Boxes,quality,0.24635,0.24635,0.0,False
12039,Subscription_Boxes,content,0.6717000000000001,0.6717000000000001,0.0,False
12039,Subscription_Boxes,price,0.8508,0.8508,0.0,False
12041,Subscription_Boxes,content,0.49365000000000003,0.49365000000000003,0.0,False
12041,Subscription_Boxes,packaging,0.5106,0.5106,0.0,False
12042,Subscription_Boxes,content,0.636,0.636,0.0,False
12043,Subscription_Boxes,content,-0.4767,-0.4767,0.0,False
12045,Subscription_Boxes,content,0.5994,0.5994,0.0,False
12046,Subscription_Boxes,quality,0.7089,0.7089,0.0,False
12046,Subscription_Boxes,content,0.6474,0.6474,0.0,False
12047,Subscription_Boxes,delivery,0.7506,0.7506,0.0,False
12047,Subscription_Boxes,content,0.7553,0.7553,0.0,False
12049,Subscription_Boxes,billing,0.0,0.0,0.0,False
12051,Subscription_Boxes,billing,-0.25,-0.25,0.0,False
12052,Subscription_Boxes,billing,0.25,0.25,0.0,False
12055,Subscription_Boxes,content,0.6249,0.6249,0.0,False
12056,Subscription_Boxes,billing,0.3818,0.3818,0.0,False
12056,Subscription_Boxes,quality,-0.04365,-0.1242,-0.08055000000000001,True
12057,Subscription_Boxes,quality,0.6808,0.6808,0.0,False
12057,Subscription_Boxes,content,0.7119,0.7119,0.0,False
12058,Subscription_Boxes,billing,0.1969,0.1969,0.0,False
12058,Subscription_Boxes,content,0.0516,0.0516,0.0,False
12058,Subscription_Boxes,price,-0.05895,-0.05895,0.0,False
12059,Subscription_Boxes,billing,-0.6428,-0.6428,0.0,False
12059,Subscription_Boxes,content,0.016899999999999995,0.014787499999999995,-0.0021125,True
12059,Subscription_Boxes,delivery,0.4939,0.4939,0.0,False
12060,Subscription_Boxes,content,0.0,0.0,0.0,False
12061,Subscription_Boxes,billing,-0.2952,0.0,0.2952,True
12061,Subscription_Boxes,content,0.29575,0.29575,0.0,False
12062,Subscription_Boxes,content,0.0,0.0,0.0,False
12064,Subscription_Boxes,content,0.20095,0.20095,0.0,False
12065,Subscription_Boxes,price,0.07329999999999999,0.06701666666666667,-0.006283333333333321,True
12065,Subscription_Boxes,content,0.252125,0.2298875,-0.022237499999999993,True
12066,Subscription_Boxes,content,0.6249,0.6249,0.0,False
12067,Subscription_Boxes,billing,-0.061,-0.061,0.0,False
12067,Subscription_Boxes,quality,0.03955,-0.0864,-0.12595,True
12071,Subscription_Boxes,quality,-0.5256,-0.5256,0.0,False
12073,Subscription_Boxes,customer_service,-0.2063,-0.3885,-0.1822,True
12074,Subscription_Boxes,content,0.23506,0.16606,-0.06899999999999998,True
12076,Subscription_Boxes,price,-0.8049,-0.6908,0.11409999999999998,True
12076,Subscription_Boxes,content,0.11420000000000001,-0.060066666666666636,-0.17426666666666665,True
12077,Subscription_Boxes,content,0.0,0.0,0.0,False
12077,Subscription_Boxes,price,0.0,0.0,0.0,False
12078,Subscription_Boxes,content,0.39293999999999996,0.24231999999999995,-0.15062,True
12078,Subscription_Boxes,packaging,0.0037999999999999887,0.0037999999999999887,0.0,False
12078,Subscription_Boxes,price,-0.06390000000000001,-0.22025,-0.15635,True
12079,Subscription_Boxes,content,0.11816666666666668,0.29806666666666665,0.17989999999999995,True
12082,Subscription_Boxes,price,0.3718,0.2579,-0.1139,True
12082,Subscription_Boxes,content,0.0,0.0,0.0,False
12083,Subscription_Boxes,billing,-0.5106,-0.5106,0.0,False
12083,Subscription_Boxes,quality,0.2732,0.2732,0.0,False
12083,Subscription_Boxes,price,0.08895,0.0,-0.08895,True
12088,Subscription_Boxes,advertising,0.0,0.0,0.0,False
12088,Subscription_Boxes,content,-0.17556666666666665,-0.17556666666666665,0.0,False
12089,Subscription_Boxes,content,0.5859,0.5859,0.0,False
12090,Subscription_Boxes,content,0.0,0.0,0.0,False
12093,Subscription_Boxes,price,0.2047,0.2047,0.0,False
12095,Subscription_Boxes,content,0.34255,0.34255,0.0,False
12097,Subscription_Boxes,content,-0.24695,-0.24695,0.0,False
12098,Subscription_Boxes,content,0.17063333333333333,0.17063333333333333,0.0,False
12098,Subscription_Boxes,customer_service,0.4588,0.4588,0.0,False
12101,Subscription_Boxes,price,0.0,0.0,0.0,False
12101,Subscription_Boxes,packaging,0.9201,0.9201,0.0,False
12102,Subscription_Boxes,content,0.7707,0.7707,0.0,False
12103,Subscription_Boxes,quality,0.4754,0.4754,0.0,False
12104,Subscription_Boxes,content,0.0,0.0,0.0,False
12106,Subscription_Boxes,content,0.9628,0.66665,-0.29615,True
12106,Subscription_Boxes,quality,0.9628,0.9118,-0.050999999999999934,True
12106,Subscription_Boxes,price,0.9628,0.9118,-0.050999999999999934,True
12107,Subscription_Boxes,delivery,0.4343,0.33485,-0.09945000000000004,True
12107,Subscription_Boxes,content,0.6808,0.6808,0.0,False
12108,Subscription_Boxes,quality,0.6124,0.6124,0.0,False
12108,Subscription_Boxes,content,0.5645,0.5645,0.0,False
12111,Subscription_Boxes,content,-0.028549999999999992,-0.028549999999999992,0.0,False
12111,Subscription_Boxes,quality,-0.235,-0.235,0.0,False
12111,Subscription_Boxes,packaging,0.1779,0.1779,0.0,False
12112,Subscription_Boxes,delivery,0.68,0.68,0.0,False
12112,Subscription_Boxes,packaging,0.68,0.68,0.0,False
12115,Subscription_Boxes,delivery,0.3348,0.3348,0.0,False
12120,Subscription_Boxes,billing,-0.25,-0.25,0.0,False
12120,Subscription_Boxes,content,-0.1009,-0.1009,0.0,False
12121,Subscription_Boxes,content,0.6035,0.6035,0.0,False
12122,Subscription_Boxes,billing,-0.3134,-0.3134,0.0,False
12122,Subscription_Boxes,delivery,0.0,0.0,0.0,False
12123,Subscription_Boxes,delivery,-0.4939,-0.4939,0.0,False
12124,Subscription_Boxes,billing,-0.25,-0.25,0.0,False
12124,Subscription_Boxes,quality,0.2732,0.2732,0.0,False
12124,Subscription_Boxes,price,0.38355,0.38355,0.0,False
12124,Subscription_Boxes,content,0.4939,0.4939,0.0,False
12127,Subscription_Boxes,quality,0.5859,0.5859,0.0,False
12127,Subscription_Boxes,content,0.47355,0.47355,0.0,False
12128,Subscription_Boxes,delivery,0.4404,0.4404,0.0,False
12128,Subscription_Boxes,content,-0.12290000000000001,-0.12290000000000001,0.0,False
12129,Subscription_Boxes,content,0.8217,0.8217,0.0,False
12130,Subscription_Boxes,billing,0.7425,0.7425,0.0,False
12130,Subscription_Boxes,quality,0.7907500000000001,0.7907500000000001,0.0,False
12130,Subscription_Boxes,price,0.7425,0.7425,0.0,False
12130,Subscription_Boxes,delivery,0.0,0.0,0.0,False
12130,Subscription_Boxes,content,0.6267,0.6083500000000001,-0.018349999999999977,True
12134,Subscription_Boxes,billing,-0.1706,-0.1706,0.0,False
12134,Subscription_Boxes,content,0.22512499999999996,0.22512499999999996,0.0,False
12135,Subscription_Boxes,content,0.15979999999999997,0.15979999999999997,0.0,False
12136,Subscription_Boxes,content,0.11610000000000001,0.16297499999999998,0.04687499999999997,True
12136,Subscription_Boxes,delivery,0.4404,0.4404,0.0,False
12136,Subscription_Boxes,packaging,0.4404,0.4404,0.0,False
12138,Subscription_Boxes,content,0.37645,0.37645,0.0,False
12139,Subscription_Boxes,content,0.4019,0.0,-0.4019,True
12140,Subscription_Boxes,billing,-0.6676,-0.6215,0.04609999999999992,True
12140,Subscription_Boxes,content,-0.6676,-0.6215,0.04609999999999992,True
12142,Subscription_Boxes,quality,0.4927,0.4927,0.0,False
12142,Subscription_Boxes,content,0.4927,0.4927,0.0,False
12145,Subscription_Boxes,quality,0.7964,0.7964,0.0,False
12145,Subscription_Boxes,content,0.3579333333333334,0.07635,-0.2815833333333334,True
12146,Subscription_Boxes,content,0.6696,0.6696,0.0,False
12148,Subscription_Boxes,content,0.24573333333333333,0.24573333333333333,0.0,False
12150,Subscription_Boxes,content,0.5106,0.5106,0.0,False
12153,Subscription_Boxes,content,0.5719,0.21075,-0.36114999999999997,True
12155,Subscription_Boxes,content,0.0,0.0,0.0,False
12156,Subscription_Boxes,delivery,0.7506,0.7506,0.0,False
12156,Subscription_Boxes,content,0.7506,0.7506,0.0,False
12157,Subscription_Boxes,packaging,-0.4404,-0.4404,0.0,False
12158,Subscription_Boxes,content,-0.296,-0.296,0.0,False
12163,Subscription_Boxes,billing,-0.25,-0.25,0.0,False
12163,Subscription_Boxes,delivery,0.2732,0.0,-0.2732,True
12163,Subscription_Boxes,packaging,0.0,0.7351,0.7351,True
12163,Subscription_Boxes,content,0.0,0.7351,0.7351,True
12165,Subscription_Boxes,billing,0.0,0.0,0.0,False
12168,Subscription_Boxes,quality,0.0,0.0,0.0,False
12169,Subscription_Boxes,content,0.7184,0.7184,0.0,False
12170,Subscription_Boxes,content,0.5859,0.5859,0.0,False
12170,Subscription_Boxes,customer_service,0.5719,0.5719,0.0,False
12171,Subscription_Boxes,content,0.6705,0.6705,0.0,False
12172,Subscription_Boxes,packaging,0.6249,0.6249,0.0,False
12173,Subscription_Boxes,content,0.0,0.0,0.0,False
12174,Subscription_Boxes,content,0.7902,0.7902,0.0,False
12175,Subscription_Boxes,price,0.4939,0.4939,0.0,False
12177,Subscription_Boxes,content,0.6369,0.6369,0.0,False
12178,Subscription_Boxes,billing,-0.2023,-0.2023,0.0,False
12178,Subscription_Boxes,content,-0.2023,-0.2023,0.0,False
12178,Subscription_Boxes,delivery,-0.2023,-0.2023,0.0,False
12179,Subscription_Boxes,advertising,0.6597,0.6597,0.0,False
12179,Subscription_Boxes,content,0.19324999999999998,0.19324999999999998,0.0,False
12179,Subscription_Boxes,delivery,-0.2732,-0.2732,0.0,False
12180,Subscription_Boxes,quality,0.32985,0.32985,0.0,False
12181,Subscription_Boxes,quality,-0.4767,-0.4767,0.0,False
12183,Subscription_Boxes,delivery,0.96,0.96,0.0,False
12183,Subscription_Boxes,packaging,0.96,0.96,0.0,False
12185,Subscription_Boxes,quality,0.5106,0.5106,0.0,False
12188,Subscription_Boxes,quality,0.0,0.0,0.0,False
12188,Subscription_Boxes,content,0.6557,0.6557,0.0,False
12190,Subscription_Boxes,quality,0.6597,0.6597,0.0,False
12191,Subscription_Boxes,billing,0.4588,0.4588,0.0,False
12191,Subscription_Boxes,content,0.8122,0.8122,0.0,False
12191,Subscription_Boxes,price,0.8122,0.8122,0.0,False
12192,Subscription_Boxes,content,0.2263,0.2263,0.0,False
12193,Subscription_Boxes,advertising,0.6908,0.6908,0.0,False
12194,Subscription_Boxes,content,0.5859,0.5859,0.0,False
12195,Subscription_Boxes,content,0.8832,0.8832,0.0,False
12196,Subscription_Boxes,content,0.4404,0.4404,0.0,False
12196,Subscription_Boxes,price,-0.5667,-0.5667,0.0,False
12197,Subscription_Boxes,billing,-0.7332,-0.7332,0.0,False
12197,Subscription_Boxes,content,0.27864285714285714,0.2878857142857143,0.009242857142857164,True
12197,Subscription_Boxes,price,0.3535,0.38585,0.032350000000000045,True
12198,Subscription_Boxes,delivery,-0.5256,-0.5256,0.0,False
12198,Subscription_Boxes,content,0.4404,0.4404,0.0,False
12199,Subscription_Boxes,content,0.0,0.0,0.0,False
12200,Subscription_Boxes,billing,-0.7096,-0.7096,0.0,False
12200,Subscription_Boxes,content,-0.7096,-0.7096,0.0,False
12201,Subscription_Boxes,content,0.636,0.636,0.0,False
12203,Subscription_Boxes,packaging,0.7269,0.7269,0.0,False
12205,Subscription_Boxes,content,0.0,0.0,0.0,False
12206,Subscription_Boxes,billing,-0.16455,-0.11315,0.0514,True
12206,Subscription_Boxes,content,-0.0258,-0.0258,0.0,False
12207,Subscription_Boxes,billing,-0.3412,0.0,0.3412,True
12207,Subscription_Boxes,customer_service,-0.3412,-0.3412,0.0,False
12207,Subscription_Boxes,quality,0.0,0.0,0.0,False
12207,Subscription_Boxes,delivery,-0.34,-0.34,0.0,False
12207,Subscription_Boxes,packaging,0.03426666666666667,0.06506666666666666,0.030799999999999994,True
12207,Subscription_Boxes,content,0.0,0.0,0.0,False
12208,Subscription_Boxes,content,0.09506666666666667,-0.004400000000000015,-0.09946666666666669,True
12208,Subscription_Boxes,packaging,-0.5792,0.0,0.5792,True
12210,Subscription_Boxes,content,0.3517666666666666,0.5613666666666667,0.20960000000000006,True
12211,Subscription_Boxes,content,0.765,0.765,0.0,False
12212,Subscription_Boxes,price,0.5574,0.5574,0.0,False
12213,Subscription_Boxes,price,0.0,0.0,0.0,False
12214,Subscription_Boxes,delivery,0.13419999999999999,0.041833333333333333,-0.09236666666666665,True
12214,Subscription_Boxes,packaging,-0.1531,0.0,0.1531,True
12215,Subscription_Boxes,content,0.725,0.3503,-0.3747,True
12216,Subscription_Boxes,content,0.8834,0.8834,0.0,False
12217,Subscription_Boxes,content,0.0,0.0,0.0,False
12217,Subscription_Boxes,packaging,0.0,0.0,0.0,False
12217,Subscription_Boxes,price,0.5574,0.5574,0.0,False
12218,Subscription_Boxes,content,-0.1695,-0.1695,0.0,False
12218,Subscription_Boxes,delivery,0.0,0.0,0.0,False
12218,Subscription_Boxes,price,-0.4753,-0.4753,0.0,False
12219,Subscription_Boxes,price,0.11940000000000003,0.11940000000000003,0.0,False
12220,Subscription_Boxes,price,0.7351,0.7351,0.0,False
12221,Subscription_Boxes,content,0.5994,0.5994,0.0,False
12221,Subscription_Boxes,quality,0.5994,0.5994,0.0,False
12221,Subscription_Boxes,delivery,0.5994,0.5994,0.0,False
12223,Subscription_Boxes,content,0.73265,0.73265,0.0,False
12224,Subscription_Boxes,content,-0.5938,-0.5938,0.0,False
12225,Subscription_Boxes,content,0.4404,0.4404,0.0,False
12227,Subscription_Boxes,delivery,-0.2921,0.3682,0.6603000000000001,True
12227,Subscription_Boxes,content,0.06590000000000001,0.0,-0.06590000000000001,True
12228,Subscription_Boxes,quality,0.0,0.0,0.0,False
12228,Subscription_Boxes,content,0.0,0.0,0.0,False
12229,Subscription_Boxes,content,0.6573,0.6573,0.0,False
12231,Subscription_Boxes,delivery,0.8225,0.8225,0.0,False
12231,Subscription_Boxes,packaging,0.8225,0.8225,0.0,False
12231,Subscription_Boxes,price,0.0,0.0,0.0,False
12231,Subscription_Boxes,content,0.7177,0.7177,0.0,False
12232,Subscription_Boxes,content,0.0,0.0,0.0,False
12233,Subscription_Boxes,price,-0.4215,-0.4215,0.0,False
12234,Subscription_Boxes,quality,0.5859,0.5859,0.0,False
12234,Subscription_Boxes,content,0.5859,0.5859,0.0,False
12235,Subscription_Boxes,content,0.0408,0.11623333333333336,0.07543333333333335,True
12237,Subscription_Boxes,billing,0.0,0.0,0.0,False
12237,Subscription_Boxes,quality,0.4019,0.4019,0.0,False
12237,Subscription_Boxes,price,-0.1695,-0.1695,0.0,False
12237,Subscription_Boxes,content,-0.7096,-0.6369,0.07269999999999999,True
12239,Subscription_Boxes,content,0.6588,0.6588,0.0,False
12239,Subscription_Boxes,price,0.6588,0.6588,0.0,False
12241,Subscription_Boxes,quality,0.4404,0.4404,0.0,False
12242,Subscription_Boxes,content,0.802,0.802,0.0,False
12244,Subscription_Boxes,content,-0.1259,-0.2411,-0.1152,True
12245,Subscription_Boxes,content,0.8261,0.8261,0.0,False
12247,Subscription_Boxes,content,0.1744,0.1744,0.0,False
12250,Subscription_Boxes,content,0.6249,0.6249,0.0,False
12251,Subscription_Boxes,content,-0.4168,-0.4168,0.0,False
12252,Subscription_Boxes,price,0.2942,0.2942,0.0,False
12253,Subscription_Boxes,content,0.4019,0.4019,0.0,False
12254,Subscription_Boxes,delivery,0.0,0.0,0.0,False
12254,Subscription_Boxes,content,0.0,0.0,0.0,False
12255,Subscription_Boxes,billing,-0.24349999999999997,-0.24349999999999997,0.0,False
12255,Subscription_Boxes,customer_service,-0.25,0.0,0.25,True
12255,Subscription_Boxes,price,-0.2584,-0.2584,0.0,False
12255,Subscription_Boxes,content,-0.03487499999999998,-0.03487499999999998,0.0,False
12257,Subscription_Boxes,quality,0.0,0.0,0.0,False
12257,Subscription_Boxes,content,-0.125,-0.125,0.0,False
12259,Subscription_Boxes,content,0.4019,0.4019,0.0,False
12260,Subscription_Boxes,billing,0.3123,0.3123,0.0,False
12260,Subscription_Boxes,content,0.836,0.836,0.0,False
12260,Subscription_Boxes,customer_service,0.7506,0.7506,0.0,False
12261,Subscription_Boxes,content,0.0,0.0,0.0,False
12262,Subscription_Boxes,content,0.8074,0.8074,0.0,False
12263,Subscription_Boxes,content,0.658,0.658,0.0,False
12265,Subscription_Boxes,content,0.6369,0.6369,0.0,False
12266,Subscription_Boxes,content,0.7382500000000001,0.6698999999999999,-0.06835000000000013,True
12266,Subscription_Boxes,price,0.7964,0.6597,-0.13670000000000004,True
12269,Subscription_Boxes,content,-0.50235,-0.50235,0.0,False
12275,Subscription_Boxes,billing,-0.6249,-0.6249,0.0,False
12275,Subscription_Boxes,content,0.47229999999999994,0.35875,-0.11354999999999993,True
12275,Subscription_Boxes,quality,0.296,0.296,0.0,False
12276,Subscription_Boxes,content,0.6249,0.6249,0.0,False
12281,Subscription_Boxes,content,0.6757,0.34,-0.33569999999999994,True
12284,Subscription_Boxes,delivery,0.555,0.555,0.0,False
12287,Subscription_Boxes,content,0.698,0.431,-0.26699999999999996,True
12288,Subscription_Boxes,price,-0.4215,-0.4215,0.0,False
12289,Subscription_Boxes,billing,0.0,0.0,0.0,False
12293,Subscription_Boxes,content,0.8934,0.8934,0.0,False
12294,Subscription_Boxes,price,0.0,0.0,0.0,False
12296,Subscription_Boxes,content,0.727475,0.664975,-0.0625,True
12297,Subscription_Boxes,content,0.050199999999999995,0.050199999999999995,0.0,False
12297,Subscription_Boxes,quality,0.4404,0.4404,0.0,False
12297,Subscription_Boxes,price,0.6801,0.6801,0.0,False
12299,Subscription_Boxes,content,0.1779,0.1779,0.0,False
12302,Subscription_Boxes,content,0.6738,0.31245,-0.36134999999999995,True
12304,Subscription_Boxes,content,0.2263,0.2263,0.0,False
12304,Subscription_Boxes,price,0.2263,0.2263,0.0,False
12305,Subscription_Boxes,content,0.58705,0.62075,0.03370000000000006,True
12305,Subscription_Boxes,quality,0.4404,0.4404,0.0,False
12305,Subscription_Boxes,price,0.4404,0.4404,0.0,False
12308,Subscription_Boxes,billing,0.0088,0.0088,0.0,False
12308,Subscription_Boxes,delivery,0.0,0.0,0.0,False
12308,Subscription_Boxes,price,0.0088,0.0088,0.0,False
12310,Subscription_Boxes,packaging,0.8313,0.8313,0.0,False
12312,Subscription_Boxes,price,0.34,0.34,0.0,False
12313,Subscription_Boxes,billing,0.0,0.0,0.0,False
12313,Subscription_Boxes,delivery,0.7184,0.7184,0.0,False
12313,Subscription_Boxes,packaging,0.4521,0.4521,0.0,False
12314,Subscription_Boxes,content,0.6249,0.6249,0.0,False
12316,Subscription_Boxes,content,0.7842666666666668,0.7842666666666668,0.0,False
12317,Subscription_Boxes,billing,-0.0672,-0.0449,0.022299999999999993,True
12317,Subscription_Boxes,quality,0.3439,0.3439,0.0,False
12317,Subscription_Boxes,delivery,0.45815,0.45815,0.0,False
12317,Subscription_Boxes,price,-0.0772,-0.0772,0.0,False
12317,Subscription_Boxes,content,0.044188888888888896,0.031044444444444447,-0.013144444444444448,True
12318,Subscription_Boxes,price,-0.024,-0.016,0.008,True
12319,Subscription_Boxes,quality,0.8519,0.8519,0.0,False
12319,Subscription_Boxes,content,0.738375,0.4971,-0.24127500000000002,True
12320,Subscription_Boxes,content,0.6369,0.6369,0.0,False
12321,Subscription_Boxes,content,0.6103333333333333,0.489425,-0.12090833333333328,True
12321,Subscription_Boxes,quality,0.8832,0.8832,0.0,False
12321,Subscription_Boxes,packaging,0.6103333333333333,0.4941,-0.1162333333333333,True
12322,Subscription_Boxes,billing,0.0,0.0,0.0,False
12323,Subscription_Boxes,content,-0.2975,0.4404,0.7379,True
12323,Subscription_Boxes,quality,-0.2975,0.4404,0.7379,True
12323,Subscription_Boxes,packaging,0.25225000000000003,0.08810000000000001,-0.16415000000000002,True
12325,Subscription_Boxes,content,0.7351,0.5859,-0.1492,True
12329,Subscription_Boxes,quality,0.78645,0.7601,-0.026349999999999985,True
12329,Subscription_Boxes,price,0.6114,0.6114,0.0,False
12329,Subscription_Boxes,packaging,0.7515499999999999,0.7252000000000001,-0.026349999999999874,True
12329,Subscription_Boxes,delivery,0.948,0.8953,-0.05269999999999997,True
12329,Subscription_Boxes,content,0.8492999999999999,0.8317333333333332,-0.01756666666666673,True
12333,Subscription_Boxes,content,0.6753,0.6753,0.0,False
12335,Subscription_Boxes,content,0.868,0.868,0.0,False
12336,Subscription_Boxes,content,0.25,0.4588,0.20879999999999999,True
12338,Subscription_Boxes,quality,0.0,0.0,0.0,False
12338,Subscription_Boxes,content,0.0,0.0,0.0,False
12340,Subscription_Boxes,customer_service,-0.5423,-0.5423,0.0,False
12341,Subscription_Boxes,price,-0.11259999999999999,-0.07076666666666666,0.041833333333333333,True
12344,Subscription_Boxes,content,0.5267,0.5267,0.0,False
12347,Subscription_Boxes,content,0.0,0.0,0.0,False
12348,Subscription_Boxes,content,0.7506,0.7506,0.0,False
12348,Subscription_Boxes,quality,0.7506,0.7506,0.0,False
12348,Subscription_Boxes,packaging,0.7506,0.7506,0.0,False
12349,Subscription_Boxes,billing,0.0,0.0,0.0,False
12350,Subscription_Boxes,content,0.8402,0.8402,0.0,False
12353,Subscription_Boxes,advertising,-0.0284,-0.0284,0.0,False
12353,Subscription_Boxes,billing,-0.25,-0.25,0.0,False
12353,Subscription_Boxes,customer_service,-0.0284,-0.0284,0.0,False
12354,Subscription_Boxes,quality,0.7086,0.3612,-0.3474,True
12354,Subscription_Boxes,content,0.4404,0.4404,0.0,False
12355,Subscription_Boxes,quality,0.0,0.0,0.0,False
12356,Subscription_Boxes,content,0.6468,0.6468,0.0,False
12357,Subscription_Boxes,price,-0.7803,-0.7803,0.0,False
12359,Subscription_Boxes,content,0.6968,0.62185,-0.07494999999999996,True
12360,Subscription_Boxes,quality,0.8979,0.8979,0.0,False
12360,Subscription_Boxes,content,-0.1326,-0.1326,0.0,False
12362,Subscription_Boxes,billing,-0.25,-0.25,0.0,False
12362,Subscription_Boxes,content,-0.1089,0.4215,0.5304,True
12362,Subscription_Boxes,price,-0.0084,-0.1695,-0.16110000000000002,True
12365,Subscription_Boxes,content,-0.7217,-0.4412,0.2805,True
12365,Subscription_Boxes,quality,-0.7217,-0.4412,0.2805,True
12365,Subscription_Boxes,price,-0.434,-0.434,0.0,False
12366,Subscription_Boxes,content,0.694,0.694,0.0,False
12368,Subscription_Boxes,billing,-0.6891,-0.6891,0.0,False
12368,Subscription_Boxes,delivery,0.0703,0.1366,0.0663,True
12368,Subscription_Boxes,packaging,0.1406,0.2732,0.1326,True
12368,Subscription_Boxes,price,-0.3320666666666667,-0.3320666666666667,0.0,False
12370,Subscription_Boxes,content,0.5994,0.5994,0.0,False
12371,Subscription_Boxes,content,-0.1045,-0.1045,0.0,False
12372,Subscription_Boxes,content,0.4215,0.4215,0.0,False
12373,Subscription_Boxes,content,0.6996,0.6996,0.0,False
12374,Subscription_Boxes,delivery,0.0,0.0,0.0,False
12375,Subscription_Boxes,quality,0.8516,0.8516,0.0,False
12375,Subscription_Boxes,content,0.67275,0.67275,0.0,False
12376,Subscription_Boxes,billing,0.0,0.0,0.0,False
12376,Subscription_Boxes,delivery,0.128,0.128,0.0,False
12377,Subscription_Boxes,quality,0.9102,0.8769,-0.033299999999999996,True
12378,Subscription_Boxes,billing,-0.25,-0.25,0.0,False
12378,Subscription_Boxes,delivery,0.0,0.0,0.0,False
12378,Subscription_Boxes,price,0.0,0.0,0.0,False
12381,Subscription_Boxes,content,0.9192,0.9192,0.0,False
12382,Subscription_Boxes,content,0.2553,0.2553,0.0,False
12385,Subscription_Boxes,content,0.0516,0.0516,0.0,False
12386,Subscription_Boxes,packaging,0.0,0.0,0.0,False
12387,Subscription_Boxes,quality,0.1027,0.2023,0.09960000000000001,True
12388,Subscription_Boxes,content,0.4939,0.4939,0.0,False
12389,Subscription_Boxes,billing,0.0,0.0,0.0,False
12389,Subscription_Boxes,packaging,-0.5106,-0.5106,0.0,False
12389,Subscription_Boxes,advertising,0.1862,0.1862,0.0,False
12389,Subscription_Boxes,content,-0.2553,-0.2553,0.0,False
12391,Subscription_Boxes,price,0.3291,0.2263,-0.1028,True
12392,Subscription_Boxes,content,0.05050000000000002,0.1771,0.1266,True
12393,Subscription_Boxes,content,0.7955,0.7955,0.0,False
12394,Subscription_Boxes,price,0.3612,0.3612,0.0,False
12395,Subscription_Boxes,content,0.23765,0.23765,0.0,False
12395,Subscription_Boxes,quality,0.4753,0.4753,0.0,False
12395,Subscription_Boxes,delivery,0.4753,0.4753,0.0,False
12396,Subscription_Boxes,delivery,0.7096,0.7096,0.0,False
12397,Subscription_Boxes,price,0.4939,0.4939,0.0,False
12397,Subscription_Boxes,content,0.5700000000000001,0.5700000000000001,0.0,False
12398,Subscription_Boxes,content,-0.05980000000000002,-0.02413333333333334,0.03566666666666668,True
12399,Subscription_Boxes,price,0.2263,0.2263,0.0,False
12399,Subscription_Boxes,content,0.2945333333333333,0.2945333333333333,0.0,False
12400,Subscription_Boxes,content,0.4404,0.4404,0.0,False
12401,Subscription_Boxes,content,0.6696,0.6696,0.0,False
12402,Subscription_Boxes,packaging,0.5574,0.5574,0.0,False
12403,Subscription_Boxes,billing,0.3089,0.3089,0.0,False
12404,Subscription_Boxes,content,0.0,0.0,0.0,False
12407,Subscription_Boxes,price,0.2942,0.2942,0.0,False
12409,Subscription_Boxes,billing,0.0,0.0,0.0,False
12411,Subscription_Boxes,content,0.1027,0.0,-0.1027,True
12413,Subscription_Boxes,content,0.09620000000000004,0.09620000000000004,0.0,False
12414,Subscription_Boxes,billing,0.0,0.0,0.0,False
12414,Subscription_Boxes,customer_service,0.0,0.0,0.0,False
12414,Subscription_Boxes,price,0.3182,0.5574,0.23920000000000002,True
12414,Subscription_Boxes,content,0.2202,0.2202,0.0,False
12415,Subscription_Boxes,content,-0.0521,-0.0521,0.0,False
12416,Subscription_Boxes,content,0.42115,0.42115,0.0,False
12417,Subscription_Boxes,content,0.3182,0.29265,-0.02554999999999996,True
12418,Subscription_Boxes,quality,0.7003,0.4404,-0.2599,True
12419,Subscription_Boxes,packaging,0.0,0.0,0.0,False
12420,Subscription_Boxes,content,0.4404,0.4404,0.0,False
12422,Subscription_Boxes,delivery,-0.4404,-0.4404,0.0,False
12422,Subscription_Boxes,content,0.1255,0.1255,0.0,False
12423,Subscription_Boxes,content,-0.2755,-0.2755,0.0,False
12426,Subscription_Boxes,content,0.6369,0.6369,0.0,False
12428,Subscription_Boxes,content,0.8217,0.8217,0.0,False
12428,Subscription_Boxes,delivery,0.6588,0.6588,0.0,False
12428,Subscription_Boxes,price,0.6588,0.6588,0.0,False
12431,Subscription_Boxes,billing,-0.4753,-0.4753,0.0,False
12431,Subscription_Boxes,price,-0.4753,-0.4753,0.0,False
12432,Subscription_Boxes,quality,0.6705,0.6705,0.0,False
12433,Subscription_Boxes,quality,0.7717,0.7717,0.0,False
12437,Subscription_Boxes,price,0.0,0.0,0.0,False
12439,Subscription_Boxes,quality,-0.4767,-0.4767,0.0,False
12440,Subscription_Boxes,content,0.7873,0.6839500000000001,-0.10334999999999994,True
12441,Subscription_Boxes,content,0.7506,0.7506,0.0,False
12444,Subscription_Boxes,content,0.7579,0.7579,0.0,False
12446,Subscription_Boxes,delivery,0.0,0.0,0.0,False
12448,Subscription_Boxes,content,0.6249,0.6249,0.0,False
12449,Subscription_Boxes,price,0.0,0.0,0.0,False
12449,Subscription_Boxes,packaging,0.0,0.0,0.0,False
12450,Subscription_Boxes,content,0.7003,0.7003,0.0,False
12450,Subscription_Boxes,price,0.7003,0.7003,0.0,False
12452,Subscription_Boxes,content,0.6115,0.6115,0.0,False
12454,Subscription_Boxes,billing,-0.25,-0.25,0.0,False
12455,Subscription_Boxes,billing,-0.5846,-0.4512,0.13340000000000002,True
12455,Subscription_Boxes,content,0.122825,0.06477500000000001,-0.05804999999999999,True
12455,Subscription_Boxes,quality,-0.3612,-0.3612,0.0,False
12457,Subscription_Boxes,billing,0.2244,0.09445,-0.12994999999999998,True
12457,Subscription_Boxes,content,-0.4956,-0.4956,0.0,False
12458,Subscription_Boxes,content,0.5563,0.5563,0.0,False
12460,Subscription_Boxes,content,0.7516,0.4588,-0.29280000000000006,True
12462,Subscription_Boxes,price,-0.1695,-0.1695,0.0,False
12462,Subscription_Boxes,content,0.0,0.0,0.0,False
12463,Subscription_Boxes,content,0.0,0.0,0.0,False
12465,Subscription_Boxes,billing,-0.5256,-0.5256,0.0,False
12465,Subscription_Boxes,quality,0.6124,0.6124,0.0,False
12465,Subscription_Boxes,packaging,0.6124,0.6124,0.0,False
12465,Subscription_Boxes,delivery,0.06705,0.06705,0.0,False
12465,Subscription_Boxes,content,0.40735000000000005,0.40735000000000005,0.0,False
12466,Subscription_Boxes,content,0.6486,0.6486,0.0,False
12471,Subscription_Boxes,quality,0.2023,0.2023,0.0,False
12472,Subscription_Boxes,quality,0.91,0.91,0.0,False
12472,Subscription_Boxes,content,0.91,0.0,-0.91,True
12475,Subscription_Boxes,billing,-0.4019,-0.4019,0.0,False
12475,Subscription_Boxes,content,0.30469999999999997,0.30469999999999997,0.0,False
12475,Subscription_Boxes,delivery,0.6351,0.6351,0.0,False
12477,Subscription_Boxes,content,0.55435,0.55435,0.0,False
12478,Subscription_Boxes,content,0.8744,0.8744,0.0,False
12478,Subscription_Boxes,price,0.8744,0.8744,0.0,False
12480,Subscription_Boxes,billing,0.7351,0.7351,0.0,False
12480,Subscription_Boxes,content,0.0,0.0,0.0,False
12480,Subscription_Boxes,price,0.4847,0.4847,0.0,False
12481,Subscription_Boxes,content,0.7278,0.7278,0.0,False
12481,Subscription_Boxes,quality,0.5965,0.5965,0.0,False
12481,Subscription_Boxes,price,0.9286,0.9286,0.0,False
12482,Subscription_Boxes,content,0.7269,0.7269,0.0,False
12483,Subscription_Boxes,content,0.6665,-0.3559,-1.0224,True
12484,Subscription_Boxes,delivery,0.0,0.0,0.0,False
12486,Subscription_Boxes,delivery,0.5719,0.5719,0.0,False
12486,Subscription_Boxes,quality,0.8016,0.8016,0.0,False
12487,Subscription_Boxes,content,0.45005,0.45005,0.0,False
12487,Subscription_Boxes,quality,0.9001,0.9001,0.0,False
12487,Subscription_Boxes,price,0.4767,0.34,-0.1367,True
12489,Subscription_Boxes,billing,0.2263,0.2263,0.0,False
12489,Subscription_Boxes,content,0.34965,0.34965,0.0,False
12489,Subscription_Boxes,price,0.2263,0.2263,0.0,False
12491,Subscription_Boxes,content,0.5994,0.5994,0.0,False
12492,Subscription_Boxes,content,-0.10779999999999999,-0.07499999999999997,0.032800000000000024,True
12494,Subscription_Boxes,content,0.807,0.807,0.0,False
12494,Subscription_Boxes,packaging,0.5719,0.5719,0.0,False
12495,Subscription_Boxes,quality,0.6249,0.6249,0.0,False
12495,Subscription_Boxes,content,0.6249,0.6249,0.0,False
12496,Subscription_Boxes,delivery,0.0,0.0,0.0,False
12496,Subscription_Boxes,packaging,0.0,0.0,0.0,False
12497,Subscription_Boxes,billing,0.2382,0.4404,0.20220000000000002,True
12497,Subscription_Boxes,quality,0.31515,0.125,-0.19014999999999999,True
12497,Subscription_Boxes,price,0.128,0.0,-0.128,True
12497,Subscription_Boxes,content,0.5023,0.0,-0.5023,True
12498,Subscription_Boxes,quality,0.872,0.872,0.0,False
12498,Subscription_Boxes,content,0.854,0.854,0.0,False
12499,Subscription_Boxes,content,0.41005,0.23026666666666665,-0.17978333333333338,True
12500,Subscription_Boxes,billing,-0.25,-0.25,0.0,False
12504,Subscription_Boxes,content,0.4404,0.4404,0.0,False
12505,Subscription_Boxes,content,0.2263,0.2263,0.0,False
12507,Subscription_Boxes,content,0.6124,0.3612,-0.25120000000000003,True
12510,Subscription_Boxes,content,-0.2732,-0.2732,0.0,False
12511,Subscription_Boxes,delivery,0.0,0.0,0.0,False
12511,Subscription_Boxes,content,0.4574,0.4574,0.0,False
12512,Subscription_Boxes,packaging,0.0,0.0,0.0,False
12513,Subscription_Boxes,delivery,0.7684,0.6249,-0.14349999999999996,True
12514,Subscription_Boxes,content,0.2382,0.4404,0.20220000000000002,True
12515,Subscription_Boxes,billing,-0.6833,-0.6833,0.0,False
12515,Subscription_Boxes,content,0.0,0.0,0.0,False
12517,Subscription_Boxes,content,-0.05406666666666667,0.10533333333333333,0.15940000000000001,True
12517,Subscription_Boxes,quality,-0.15445,-0.15445,0.0,False
12517,Subscription_Boxes,price,0.3197666666666667,0.4791666666666667,0.1594,True
12518,Subscription_Boxes,billing,-0.6249,-0.6249,0.0,False
12518,Subscription_Boxes,quality,0.06440000000000004,0.19160000000000002,0.12719999999999998,True
12520,Subscription_Boxes,packaging,0.6124,0.6124,0.0,False
12522,Subscription_Boxes,content,0.22726666666666664,0.20096666666666665,-0.02629999999999999,True
12523,Subscription_Boxes,price,0.3724,0.3724,0.0,False
12525,Subscription_Boxes,price,0.8689,0.8689,0.0,False
12526,Subscription_Boxes,content,0.0,0.0,0.0,False
12528,Subscription_Boxes,content,0.5256,0.5256,0.0,False
12529,Subscription_Boxes,quality,0.6249,0.6249,0.0,False
12529,Subscription_Boxes,delivery,-0.4215,-0.296,0.1255,True
12529,Subscription_Boxes,price,0.6369,0.6369,0.0,False
12529,Subscription_Boxes,content,0.6249,0.6249,0.0,False
12531,Subscription_Boxes,billing,-0.3102,-0.3102,0.0,False
12531,Subscription_Boxes,content,0.3995,0.21619999999999998,-0.18330000000000005,True
12531,Subscription_Boxes,quality,-0.0671,-0.2975,-0.2304,True
12532,Subscription_Boxes,billing,0.6369,0.2263,-0.4106,True
12532,Subscription_Boxes,price,0.6369,0.5106,-0.12629999999999997,True
12534,Subscription_Boxes,content,0.4939,0.4939,0.0,False
12537,Subscription_Boxes,billing,0.3818,0.3818,0.0,False
12538,Subscription_Boxes,delivery,-0.9011,-0.8591,0.04200000000000004,True
12538,Subscription_Boxes,content,-0.9011,-0.8591,0.04200000000000004,True
12541,Subscription_Boxes,content,0.39355,0.3294,-0.06414999999999998,True
12542,Subscription_Boxes,content,0.6588,0.6588,0.0,False
12544,Subscription_Boxes,price,0.0,0.0,0.0,False
12544,Subscription_Boxes,content,-0.1779,-0.1779,0.0,False
12545,Subscription_Boxes,price,-0.47230000000000005,-0.47230000000000005,0.0,False
12545,Subscription_Boxes,content,0.15099999999999997,0.15099999999999997,0.0,False
12546,Subscription_Boxes,quality,0.877,0.877,0.0,False
12546,Subscription_Boxes,packaging,0.877,0.877,0.0,False
12546,Subscription_Boxes,delivery,0.6369,0.6369,0.0,False
12546,Subscription_Boxes,content,0.7505,0.7505,0.0,False
12547,Subscription_Boxes,billing,-0.2998,-0.2998,0.0,False
12547,Subscription_Boxes,customer_service,-0.10890000000000002,-0.2998,-0.1909,True
12547,Subscription_Boxes,packaging,-0.2998,-0.2998,0.0,False
12548,Subscription_Boxes,content,0.7351,0.7351,0.0,False
12548,Subscription_Boxes,quality,0.7351,0.7351,0.0,False
12548,Subscription_Boxes,packaging,0.765,0.765,0.0,False
12550,Subscription_Boxes,price,-0.2903,-0.2903,0.0,False
12551,Subscription_Boxes,billing,0.0,0.0,0.0,False
12551,Subscription_Boxes,content,0.5106,0.5106,0.0,False
12551,Subscription_Boxes,price,0.0,0.0,0.0,False
12553,Subscription_Boxes,quality,0.6249,0.6249,0.0,False
12554,Subscription_Boxes,content,0.06275,0.06275,0.0,False
12555,Subscription_Boxes,delivery,0.6114,0.0,-0.6114,True
12555,Subscription_Boxes,content,0.4201,0.4201,0.0,False
12558,Subscription_Boxes,billing,-0.25,-0.25,0.0,False
12558,Subscription_Boxes,content,0.0,0.0,0.0,False
12558,Subscription_Boxes,delivery,-0.25,-0.25,0.0,False
12559,Subscription_Boxes,content,0.4215,0.4215,0.0,False
12560,Subscription_Boxes,delivery,0.5927,0.0,-0.5927,True
12561,Subscription_Boxes,content,0.0,0.0,0.0,False
12562,Subscription_Boxes,content,0.6096,0.6096,0.0,False
12563,Subscription_Boxes,billing,0.0,0.0,0.0,False
12565,Subscription_Boxes,content,0.29823333333333335,0.29823333333333335,0.0,False
12566,Subscription_Boxes,delivery,0.6213,0.6213,0.0,False
12568,Subscription_Boxes,content,0.636,0.636,0.0,False
12570,Subscription_Boxes,delivery,0.4389,0.4389,0.0,False
12570,Subscription_Boxes,packaging,0.13853333333333331,0.13853333333333331,0.0,False
12574,Subscription_Boxes,content,0.7906,0.7906,0.0,False
12575,Subscription_Boxes,content,0.1935,0.1935,0.0,False
12576,Subscription_Boxes,billing,-0.4912,-0.4912,0.0,False
12577,Subscription_Boxes,content,0.0,0.0,0.0,False
12577,Subscription_Boxes,price,0.0,0.0,0.0,False
12578,Subscription_Boxes,billing,-0.2057,-0.2057,0.0,False
12580,Subscription_Boxes,delivery,0.9393,0.9393,0.0,False
12582,Subscription_Boxes,content,0.6249,0.6249,0.0,False
12582,Subscription_Boxes,quality,0.7995,0.7995,0.0,False
12582,Subscription_Boxes,price,0.7995,0.7995,0.0,False
12584,Subscription_Boxes,quality,0.6369,0.6369,0.0,False
12584,Subscription_Boxes,content,0.6369,0.6369,0.0,False
12586,Subscription_Boxes,content,0.7425,0.7425,0.0,False
12587,Subscription_Boxes,delivery,0.4404,0.4404,0.0,False
12588,Subscription_Boxes,content,0.7906,0.7906,0.0,False
12590,Subscription_Boxes,content,0.8172,0.8172,0.0,False
12591,Subscription_Boxes,packaging,0.8126,0.8126,0.0,False
12592,Subscription_Boxes,delivery,0.0516,-0.1027,-0.1543,True
12593,Subscription_Boxes,advertising,0.2263,0.2263,0.0,False
12593,Subscription_Boxes,billing,0.0,0.0,0.0,False
12593,Subscription_Boxes,content,-0.1531,-0.1531,0.0,False
12595,Subscription_Boxes,customer_service,0.7644,0.5983,-0.16609999999999991,True
12595,Subscription_Boxes,quality,0.7644,0.2023,-0.5620999999999999,True
12595,Subscription_Boxes,delivery,0.7644,0.5983,-0.16609999999999991,True
12596,Subscription_Boxes,quality,0.4215,0.4215,0.0,False
12597,Subscription_Boxes,delivery,0.4588,0.4588,0.0,False
12597,Subscription_Boxes,content,0.4588,0.4588,0.0,False
12598,Subscription_Boxes,content,0.53455,0.3103,-0.22424999999999995,True
12598,Subscription_Boxes,price,0.7079,0.5697,-0.1382,True
12601,Subscription_Boxes,quality,0.4215,0.4215,0.0,False
12601,Subscription_Boxes,price,0.4215,0.4215,0.0,False
12603,Subscription_Boxes,customer_service,-0.3182,-0.3182,0.0,False
12604,Subscription_Boxes,billing,0.0,0.0,0.0,False
12604,Subscription_Boxes,content,0.30269999999999997,0.30269999999999997,0.0,False
12606,Subscription_Boxes,quality,0.934,0.934,0.0,False
12607,Subscription_Boxes,packaging,0.1779,0.1779,0.0,False
12610,Subscription_Boxes,content,0.39225,0.39225,0.0,False
12610,Subscription_Boxes,delivery,0.2263,0.2263,0.0,False
12610,Subscription_Boxes,packaging,0.6696,0.6696,0.0,False
12611,Subscription_Boxes,content,0.6249,0.6249,0.0,False
12612,Subscription_Boxes,content,0.636,0.636,0.0,False
12613,Subscription_Boxes,quality,-0.6238,-0.6238,0.0,False
12614,Subscription_Boxes,quality,-0.4201,-0.4201,0.0,False
12616,Subscription_Boxes,billing,-0.25,-0.25,0.0,False
12616,Subscription_Boxes,customer_service,-0.25,-0.25,0.0,False
12616,Subscription_Boxes,price,0.8481,0.8481,0.0,False
12616,Subscription_Boxes,content,0.52295,0.52295,0.0,False
12617,Subscription_Boxes,price,-0.1195,-0.1195,0.0,False
12619,Subscription_Boxes,content,0.0,0.0,0.0,False
12620,Subscription_Boxes,billing,-0.25,-0.25,0.0,False
12620,Subscription_Boxes,price,-0.014,-0.014,0.0,False
12620,Subscription_Boxes,advertising,0.0,0.0,0.0,False
12620,Subscription_Boxes,content,-0.028,-0.028,0.0,False
12622,Subscription_Boxes,price,0.3804,0.3804,0.0,False
12622,Subscription_Boxes,content,0.6369,0.6369,0.0,False
12624,Subscription_Boxes,billing,-0.25,-0.25,0.0,False
12625,Subscription_Boxes,content,0.1998,0.1998,0.0,False
12627,Subscription_Boxes,content,0.5328,0.4927,-0.040100000000000025,True
12627,Subscription_Boxes,price,0.5328,0.2481,-0.28470000000000006,True
12628,Subscription_Boxes,billing,-0.25,-0.25,0.0,False
12629,Subscription_Boxes,content,0.6188,0.6188,0.0,False
12630,Subscription_Boxes,delivery,0.9145,0.9145,0.0,False
12630,Subscription_Boxes,content,0.0,0.0,0.0,False
12631,Subscription_Boxes,content,0.42865,-0.148,-0.57665,True
12631,Subscription_Boxes,price,0.0,0.0,0.0,False
12632,Subscription_Boxes,price,-0.4215,-0.4215,0.0,False
12633,Subscription_Boxes,price,0.5974,0.5974,0.0,False
12633,Subscription_Boxes,content,0.4436,0.4436,0.0,False
12634,Subscription_Boxes,price,-0.0772,-0.0772,0.0,False
12635,Subscription_Boxes,billing,0.4767,0.4767,0.0,False
12638,Subscription_Boxes,billing,-0.4404,-0.4404,0.0,False
12638,Subscription_Boxes,content,-0.4404,-0.4404,0.0,False
12640,Subscription_Boxes,content,0.48145,0.3632,-0.11824999999999997,True
12641,Subscription_Boxes,content,0.5707666666666666,0.39107499999999995,-0.1796916666666667,True
12643,Subscription_Boxes,billing,-0.5106,-0.5106,0.0,False
12644,Subscription_Boxes,packaging,0.6249,0.6249,0.0,False
12645,Subscription_Boxes,price,0.7783,0.7783,0.0,False
12645,Subscription_Boxes,content,0.050199999999999995,0.050199999999999995,0.0,False
12647,Subscription_Boxes,quality,-0.8204,-0.8204,0.0,False
12650,Subscription_Boxes,content,-0.5994,-0.5994,0.0,False
12651,Subscription_Boxes,price,0.5574,0.5574,0.0,False
12653,Subscription_Boxes,content,0.7845,0.7845,0.0,False
12653,Subscription_Boxes,price,0.7845,0.7845,0.0,False
12654,Subscription_Boxes,billing,-0.37195,-0.37195,0.0,False
12654,Subscription_Boxes,content,-0.24695,-0.24695,0.0,False
12655,Subscription_Boxes,price,0.6249,0.6249,0.0,False
12655,Subscription_Boxes,content,0.5501666666666667,0.23343333333333338,-0.3167333333333333,True
12660,Subscription_Boxes,quality,-0.11315,-0.11315,0.0,False
12660,Subscription_Boxes,content,0.34,0.34,0.0,False
12661,Subscription_Boxes,content,0.4404,0.4404,0.0,False
12661,Subscription_Boxes,price,0.4404,0.4404,0.0,False
12662,Subscription_Boxes,billing,-0.3918,-0.4084,-0.016600000000000004,True
12662,Subscription_Boxes,content,0.8074,0.8074,0.0,False
12664,Subscription_Boxes,delivery,0.908,0.908,0.0,False
12664,Subscription_Boxes,content,0.908,0.908,0.0,False
12666,Subscription_Boxes,content,0.54555,0.54555,0.0,False
12670,Subscription_Boxes,content,0.8271,0.8271,0.0,False
12671,Subscription_Boxes,content,0.59005,0.59005,0.0,False
12672,Subscription_Boxes,content,0.7978000000000001,0.7978000000000001,0.0,False
12675,Subscription_Boxes,price,0.3243,0.3243,0.0,False
12676,Subscription_Boxes,content,0.4404,0.4404,0.0,False
12677,Subscription_Boxes,packaging,0.6239,0.6239,0.0,False
12679,Subscription_Boxes,content,0.5719,0.5719,0.0,False
12681,Subscription_Boxes,delivery,-0.2732,-0.2732,0.0,False
12681,Subscription_Boxes,content,-0.22135,-0.22135,0.0,False
12682,Subscription_Boxes,content,0.6369,0.6369,0.0,False
12682,Subscription_Boxes,price,0.6369,0.6369,0.0,False
12687,Subscription_Boxes,content,0.6588,0.6588,0.0,False
12688,Subscription_Boxes,quality,0.9171,0.9171,0.0,False
12691,Subscription_Boxes,billing,0.4019,0.4019,0.0,False
12691,Subscription_Boxes,content,0.0,0.0,0.0,False
12692,Subscription_Boxes,content,0.0,0.0,0.0,False
12692,Subscription_Boxes,packaging,0.7003,0.7003,0.0,False
12693,Subscription_Boxes,billing,0.0,0.0,0.0,False
12693,Subscription_Boxes,packaging,0.2887,0.2887,0.0,False
12694,Subscription_Boxes,content,0.2944,0.2944,0.0,False
12694,Subscription_Boxes,packaging,-0.0951,-0.0951,0.0,False
12695,Subscription_Boxes,quality,0.9402,0.9402,0.0,False
12696,Subscription_Boxes,content,-0.539,-0.539,0.0,False
12697,Subscription_Boxes,price,-0.0384,-0.1695,-0.13110000000000002,True
12699,Subscription_Boxes,content,0.4215,0.4215,0.0,False
12700,Subscription_Boxes,billing,-0.0155,-0.0155,0.0,False
12700,Subscription_Boxes,content,0.0,0.0,0.0,False
12701,Subscription_Boxes,content,0.8182,0.8182,0.0,False
12707,Subscription_Boxes,content,0.765,0.765,0.0,False
12708,Subscription_Boxes,delivery,0.25,0.0,-0.25,True
12710,Subscription_Boxes,content,0.4201,0.4201,0.0,False
12711,Subscription_Boxes,quality,0.8625,0.8625,0.0,False
12714,Subscription_Boxes,delivery,0.8533,0.21824999999999997,-0.63505,True
12715,Subscription_Boxes,price,0.5423,0.5423,0.0,False
12715,Subscription_Boxes,content,0.0,0.0,0.0,False
12717,Subscription_Boxes,packaging,0.8932,0.8932,0.0,False
12718,Subscription_Boxes,content,0.631,0.8519,0.22089999999999999,True
12719,Subscription_Boxes,quality,-0.2732,-0.2732,0.0,False
12719,Subscription_Boxes,content,0.0,0.0,0.0,False
12721,Subscription_Boxes,quality,0.296,0.2023,-0.09369999999999998,True
12721,Subscription_Boxes,packaging,0.296,0.2023,-0.09369999999999998,True
12723,Subscription_Boxes,content,0.6705,0.6705,0.0,False
12726,Subscription_Boxes,content,0.636,0.636,0.0,False
12728,Subscription_Boxes,content,0.4329,0.4329,0.0,False
12730,Subscription_Boxes,content,-0.5423,-0.5423,0.0,False
12731,Subscription_Boxes,content,0.64945,0.64945,0.0,False
12733,Subscription_Boxes,price,0.3612,0.3612,0.0,False
12733,Subscription_Boxes,content,-0.01035,-0.1785,-0.16815,True
12736,Subscription_Boxes,price,0.11775,0.11775,0.0,False
12739,Subscription_Boxes,price,0.6705,0.6705,0.0,False
12741,Subscription_Boxes,billing,-0.5267,-0.25,0.27669999999999995,True
12741,Subscription_Boxes,price,0.2263,0.2263,0.0,False
12742,Subscription_Boxes,content,0.6249,0.6249,0.0,False
12743,Subscription_Boxes,billing,0.0,0.0,0.0,False
12743,Subscription_Boxes,content,0.12498000000000001,0.12498000000000001,0.0,False
12743,Subscription_Boxes,delivery,0.7425,0.7425,0.0,False
12745,Subscription_Boxes,delivery,0.8625,0.8625,0.0,False
12746,Subscription_Boxes,billing,-0.1695,-0.1695,0.0,False
12746,Subscription_Boxes,content,0.6597,0.6597,0.0,False
12746,Subscription_Boxes,delivery,-0.1779,-0.1779,0.0,False
12750,Subscription_Boxes,content,0.5859,0.5859,0.0,False
12751,Subscription_Boxes,price,0.7845,0.7845,0.0,False
12757,Subscription_Boxes,price,0.0,0.0,0.0,False
12759,Subscription_Boxes,price,0.36465000000000003,0.20095,-0.16370000000000004,True
12760,Subscription_Boxes,delivery,0.7684,0.0,-0.7684,True
12761,Subscription_Boxes,price,0.5563,0.5563,0.0,False
12763,Subscription_Boxes,delivery,0.0,0.0,0.0,False
12763,Subscription_Boxes,content,0.38585,0.38585,0.0,False
12766,Subscription_Boxes,content,0.7430666666666665,0.7430666666666665,0.0,False
12766,Subscription_Boxes,delivery,0.01695000000000002,0.01695000000000002,0.0,False
12766,Subscription_Boxes,price,0.6199333333333333,0.6199333333333333,0.0,False
12769,Subscription_Boxes,content,0.4003,0.4003,0.0,False
12771,Subscription_Boxes,billing,0.3352,0.3352,0.0,False
12771,Subscription_Boxes,content,0.0,0.0,0.0,False
12771,Subscription_Boxes,price,0.7845,0.7845,0.0,False
12772,Subscription_Boxes,billing,-0.25,-0.25,0.0,False
12772,Subscription_Boxes,content,-0.2755,-0.2755,0.0,False
12773,Subscription_Boxes,content,0.2202,0.2202,0.0,False
12776,Subscription_Boxes,content,0.18115,0.07220000000000001,-0.10894999999999999,True
12776,Subscription_Boxes,quality,0.4404,0.4404,0.0,False
12776,Subscription_Boxes,delivery,-0.0781,0.6115,0.6896,True
12778,Subscription_Boxes,content,0.6044666666666667,0.6044666666666667,0.0,False
12780,Subscription_Boxes,delivery,-0.296,-0.296,0.0,False
12780,Subscription_Boxes,content,0.0,0.0,0.0,False
12781,Subscription_Boxes,content,0.7263999999999999,0.7263999999999999,0.0,False
12782,Subscription_Boxes,content,0.8481,0.8481,0.0,False
12782,Subscription_Boxes,price,0.8481,0.8481,0.0,False
12783,Subscription_Boxes,content,0.636,0.636,0.0,False
12784,Subscription_Boxes,quality,0.8481,0.8481,0.0,False
12784,Subscription_Boxes,packaging,0.5413,0.5413,0.0,False
12785,Subscription_Boxes,content,0.32830000000000004,0.71075,0.38244999999999996,True
12788,Subscription_Boxes,price,0.3257,0.3257,0.0,False
12789,Subscription_Boxes,content,0.0,0.0,0.0,False
12792,Subscription_Boxes,price,0.0516,0.0516,0.0,False
12792,Subscription_Boxes,content,0.66465,0.66465,0.0,False
12793,Subscription_Boxes,packaging,0.5994,0.5994,0.0,False
12794,Subscription_Boxes,price,0.4404,0.4404,0.0,False
12794,Subscription_Boxes,content,0.6157333333333334,0.492675,-0.12305833333333338,True
12797,Subscription_Boxes,billing,-0.46645000000000003,-0.46645000000000003,0.0,False
12797,Subscription_Boxes,content,-0.128,-0.128,0.0,False
12797,Subscription_Boxes,price,0.0726,0.0726,0.0,False
12798,Subscription_Boxes,price,0.6369,0.6369,0.0,False
12799,Subscription_Boxes,content,0.0,0.0,0.0,False
12799,Subscription_Boxes,price,0.0,0.0,0.0,False
12801,Subscription_Boxes,content,0.6705,0.6705,0.0,False
12802,Subscription_Boxes,billing,-0.2023,-0.2023,0.0,False
12803,Subscription_Boxes,content,0.8271,0.8271,0.0,False
12805,Subscription_Boxes,quality,-0.734,-0.734,0.0,False
12808,Subscription_Boxes,billing,0.2006,0.2006,0.0,False
12808,Subscription_Boxes,content,-0.7293,-0.7293,0.0,False
12808,Subscription_Boxes,price,0.2006,0.2006,0.0,False
12809,Subscription_Boxes,price,0.0,0.0,0.0,False
12810,Subscription_Boxes,quality,0.6486,0.6486,0.0,False
12811,Subscription_Boxes,advertising,-0.2839,-0.2839,0.0,False
12811,Subscription_Boxes,price,-0.2839,-0.2839,0.0,False
12813,Subscription_Boxes,price,0.0,0.0,0.0,False
12814,Subscription_Boxes,content,-0.44055,-0.44055,0.0,False
12814,Subscription_Boxes,price,0.0,0.0,0.0,False
12815,Subscription_Boxes,content,0.6249,0.6249,0.0,False
12816,Subscription_Boxes,content,0.4404,0.4404,0.0,False
12816,Subscription_Boxes,packaging,0.4404,0.4404,0.0,False
12817,Subscription_Boxes,content,0.39225,0.39225,0.0,False
12817,Subscription_Boxes,delivery,0.2263,0.2263,0.0,False
12817,Subscription_Boxes,packaging,0.6696,0.6696,0.0,False
12818,Subscription_Boxes,billing,0.0,0.0,0.0,False
12818,Subscription_Boxes,content,0.326,0.26025,-0.06575000000000003,True
12818,Subscription_Boxes,delivery,0.5023,0.0,-0.5023,True
12819,Subscription_Boxes,content,0.33335000000000004,0.33335000000000004,0.0,False
12819,Subscription_Boxes,quality,-0.08779999999999999,-0.08779999999999999,0.0,False
12819,Subscription_Boxes,price,0.2263,0.2263,0.0,False
12820,Subscription_Boxes,quality,0.3612,0.3612,0.0,False
12821,Subscription_Boxes,delivery,0.4754,0.4754,0.0,False
12821,Subscription_Boxes,quality,0.4754,0.4754,0.0,False
12824,Subscription_Boxes,content,-0.4215,-0.4215,0.0,False
12825,Subscription_Boxes,price,-0.5423,-0.5423,0.0,False
12826,Subscription_Boxes,content,0.41185,0.3701,-0.04175000000000001,True
12826,Subscription_Boxes,customer_service,0.25,0.25,0.0,False
12827,Subscription_Boxes,content,0.0,0.0,0.0,False
12828,Subscription_Boxes,price,0.775,0.5574,-0.21760000000000002,True
12828,Subscription_Boxes,content,0.6954666666666666,0.5710999999999999,-0.12436666666666663,True
12829,Subscription_Boxes,price,0.4939,0.4939,0.0,False
12830,Subscription_Boxes,billing,0.0,0.0,0.0,False
12830,Subscription_Boxes,content,0.0,0.0,0.0,False
12830,Subscription_Boxes,price,0.0,0.0,0.0,False
12831,Subscription_Boxes,quality,0.6249,0.6249,0.0,False
12832,Subscription_Boxes,billing,-0.7964,-0.7964,0.0,False
12832,Subscription_Boxes,content,0.1779,0.1779,0.0,False
12833,Subscription_Boxes,content,0.0,0.0,0.0,False
12834,Subscription_Boxes,content,-0.3291,0.030149999999999982,0.35924999999999996,True
12835,Subscription_Boxes,content,-0.62795,-0.5508,0.07715000000000005,True
12842,Subscription_Boxes,content,0.0,0.0,0.0,False
12842,Subscription_Boxes,quality,0.0,0.0,0.0,False
12842,Subscription_Boxes,delivery,-0.1531,-0.1531,0.0,False
12843,Subscription_Boxes,billing,-0.5393,-0.3786,0.1607,True
12843,Subscription_Boxes,price,-0.5393,-0.28959999999999997,0.24970000000000003,True
12845,Subscription_Boxes,content,0.1254,0.1588333333333333,0.03343333333333329,True
12846,Subscription_Boxes,content,0.48533333333333334,0.48533333333333334,0.0,False
12846,Subscription_Boxes,packaging,0.8074,0.8074,0.0,False
12847,Subscription_Boxes,content,0.6369,0.6369,0.0,False
12848,Subscription_Boxes,content,0.6950000000000001,0.6950000000000001,0.0,False
12848,Subscription_Boxes,packaging,0.5994,0.5994,0.0,False
12848,Subscription_Boxes,price,0.8655,0.8655,0.0,False
12850,Subscription_Boxes,content,0.4939,0.4939,0.0,False
12853,Subscription_Boxes,price,-0.1695,-0.1695,0.0,False
12855,Subscription_Boxes,advertising,0.4939,0.4939,0.0,False
12855,Subscription_Boxes,content,-0.041700000000000015,-0.041700000000000015,0.0,False
12861,Subscription_Boxes,content,0.25,0.25,0.0,False
12862,Subscription_Boxes,quality,0.5106,0.5106,0.0,False
12862,Subscription_Boxes,content,0.5733,0.5733,0.0,False
12863,Subscription_Boxes,content,0.5106,0.5106,0.0,False
12864,Subscription_Boxes,delivery,0.5994,0.5994,0.0,False
12866,Subscription_Boxes,content,-0.2829,0.4466,0.7295,True
12867,Subscription_Boxes,delivery,0.3382,0.3382,0.0,False
12868,Subscription_Boxes,quality,0.4404,0.4404,0.0,False
12868,Subscription_Boxes,content,0.0,0.0,0.0,False
12869,Subscription_Boxes,quality,0.0,0.0,0.0,False
12869,Subscription_Boxes,delivery,0.1779,0.1779,0.0,False
12869,Subscription_Boxes,price,0.07784999999999999,0.07784999999999999,0.0,False
12870,Subscription_Boxes,content,0.7783,0.7783,0.0,False
12872,Subscription_Boxes,content,0.00860000000000001,0.00860000000000001,0.0,False
12873,Subscription_Boxes,delivery,0.0,0.0,0.0,False
12873,Subscription_Boxes,packaging,0.312,0.312,0.0,False
12874,Subscription_Boxes,content,0.0,0.0,0.0,False
12875,Subscription_Boxes,billing,0.0,0.0,0.0,False
12876,Subscription_Boxes,quality,0.0258,0.0258,0.0,False
12876,Subscription_Boxes,price,0.2916,0.0387,-0.2529,True
12876,Subscription_Boxes,packaging,-0.33265,0.1392,0.47185,True
12876,Subscription_Boxes,advertising,0.0052,0.0052,0.0,False
12881,Subscription_Boxes,content,-0.3925,0.009599999999999997,0.4021,True
12882,Subscription_Boxes,price,-0.1695,-0.1695,0.0,False
12883,Subscription_Boxes,billing,-0.6124,-0.4588,0.15360000000000007,True
12886,Subscription_Boxes,content,0.7717,0.7717,0.0,False
12888,Subscription_Boxes,billing,-0.0135,-0.0135,0.0,False
12888,Subscription_Boxes,customer_service,-0.607,-0.607,0.0,False
12888,Subscription_Boxes,quality,0.4019,0.4019,0.0,False
12888,Subscription_Boxes,price,0.007199999999999984,0.007199999999999984,0.0,False
12888,Subscription_Boxes,content,-0.22213333333333332,-0.22213333333333332,0.0,False
12889,Subscription_Boxes,price,-0.296,-0.296,0.0,False
12889,Subscription_Boxes,content,-0.8402,-0.8402,0.0,False
12894,Subscription_Boxes,content,-0.25,-0.25,0.0,False
12896,Subscription_Boxes,price,0.6486,0.6486,0.0,False
12898,Subscription_Boxes,billing,-0.5499,-0.25,0.29990000000000006,True
12898,Subscription_Boxes,quality,0.0,0.0,0.0,False
12898,Subscription_Boxes,price,0.0,0.0,0.0,False
12900,Subscription_Boxes,delivery,0.0,0.0,0.0,False
12901,Subscription_Boxes,quality,0.7684,0.6249,-0.14349999999999996,True
12901,Subscription_Boxes,content,0.5778,0.5299666666666667,-0.04783333333333328,True
12907,Subscription_Boxes,content,0.9159,0.9159,0.0,False
12912,Subscription_Boxes,content,0.0,0.0,0.0,False
12913,Subscription_Boxes,content,0.0,0.0,0.0,False
12915,Subscription_Boxes,content,0.40186666666666665,0.40186666666666665,0.0,False
12916,Subscription_Boxes,delivery,0.5994,0.5994,0.0,False
12916,Subscription_Boxes,price,0.4215,0.4215,0.0,False
12916,Subscription_Boxes,packaging,0.4588,0.4588,0.0,False
12916,Subscription_Boxes,content,0.510525,0.510525,0.0,False
12917,Subscription_Boxes,delivery,0.48039999999999994,0.3226,-0.15779999999999994,True
12917,Subscription_Boxes,content,0.817,0.817,0.0,False
12918,Subscription_Boxes,delivery,0.851,0.851,0.0,False
12918,Subscription_Boxes,price,0.851,0.851,0.0,False
12920,Subscription_Boxes,price,0.2263,0.2263,0.0,False
12921,Subscription_Boxes,packaging,-0.148,-0.148,0.0,False
12922,Subscription_Boxes,delivery,0.71935,0.71935,0.0,False
12922,Subscription_Boxes,content,0.61815,0.61815,0.0,False
12923,Subscription_Boxes,packaging,0.9273,0.9273,0.0,False
12925,Subscription_Boxes,quality,0.0,0.0,0.0,False
12925,Subscription_Boxes,content,0.1511,0.1511,0.0,False
12926,Subscription_Boxes,quality,0.6249,0.6249,0.0,False
12926,Subscription_Boxes,content,0.5668333333333333,0.5668333333333333,0.0,False
12929,Subscription_Boxes,price,-0.2584,-0.2584,0.0,False
12929,Subscription_Boxes,content,-0.2584,-0.2584,0.0,False
12930,Subscription_Boxes,billing,-0.25,-0.25,0.0,False
12930,Subscription_Boxes,content,0.0,0.0,0.0,False
12930,Subscription_Boxes,price,0.8537,0.765,-0.0887,True
12931,Subscription_Boxes,quality,0.27859999999999996,0.204,-0.07459999999999997,True
12932,Subscription_Boxes,content,0.5267,0.5267,0.0,False
12935,Subscription_Boxes,price,-0.1695,-0.1695,0.0,False
12936,Subscription_Boxes,price,0.7964,0.7964,0.0,False
12936,Subscription_Boxes,content,0.07483333333333335,0.07483333333333335,0.0,False
12937,Subscription_Boxes,price,0.5562,0.5562,0.0,False
12937,Subscription_Boxes,content,0.20935,0.25622500000000004,0.04687500000000003,True
12938,Subscription_Boxes,content,0.5292,0.5292,0.0,False
12939,Subscription_Boxes,price,-0.0256,-0.1695,-0.1439,True
12940,Subscription_Boxes,content,0.4215,0.4215,0.0,False
12941,Subscription_Boxes,content,0.4939,0.4939,0.0,False
12941,Subscription_Boxes,packaging,0.47965,0.47965,0.0,False
12942,Subscription_Boxes,advertising,0.7003,0.7003,0.0,False
12942,Subscription_Boxes,content,0.3474333333333333,0.2696222222222222,-0.07781111111111111,True
12944,Subscription_Boxes,content,0.6115,0.6115,0.0,False
12945,Subscription_Boxes,content,0.601975,0.601975,0.0,False
12945,Subscription_Boxes,packaging,-0.5334,-0.5334,0.0,False
12947,Subscription_Boxes,price,0.4005,0.4005,0.0,False
12947,Subscription_Boxes,content,0.2901111111111111,0.31179999999999997,0.02168888888888887,True
12949,Subscription_Boxes,billing,-0.25,-0.25,0.0,False
12949,Subscription_Boxes,content,0.03266666666666668,0.03266666666666668,0.0,False
12950,Subscription_Boxes,content,0.3612,0.3612,0.0,False
12951,Subscription_Boxes,content,0.9231,0.9231,0.0,False
12954,Subscription_Boxes,price,0.2108,-0.0541,-0.26489999999999997,True
12954,Subscription_Boxes,content,0.46414,0.46414,0.0,False
12955,Subscription_Boxes,quality,0.7227,0.5719,-0.15080000000000005,True
12956,Subscription_Boxes,billing,0.4215,0.4215,0.0,False
12956,Subscription_Boxes,price,0.0772,0.0772,0.0,False
12956,Subscription_Boxes,advertising,0.1531,0.1531,0.0,False
12956,Subscription_Boxes,content,0.0772,0.0772,0.0,False
12957,Subscription_Boxes,content,0.36460000000000004,0.36460000000000004,0.0,False
12957,Subscription_Boxes,quality,0.6291,0.2997,-0.32939999999999997,True
12957,Subscription_Boxes,delivery,0.1298,0.1298,0.0,False
12958,Subscription_Boxes,content,0.6573,0.6573,0.0,False
12958,Subscription_Boxes,price,0.6573,0.6573,0.0,False
12963,Subscription_Boxes,content,0.2382,0.0,-0.2382,True
12963,Subscription_Boxes,quality,0.2382,0.4404,0.20220000000000002,True
12963,Subscription_Boxes,price,0.2382,0.0,-0.2382,True
12964,Subscription_Boxes,quality,0.6597,0.4215,-0.23819999999999997,True
12964,Subscription_Boxes,content,0.6597,0.34,-0.31969999999999993,True
12965,Subscription_Boxes,content,0.3454333333333333,0.20673333333333332,-0.1387,True
12965,Subscription_Boxes,delivery,0.9209,0.8225,-0.09840000000000004,True
12965,Subscription_Boxes,price,0.0,0.0,0.0,False
12966,Subscription_Boxes,content,-0.2716,-0.2716,0.0,False
12966,Subscription_Boxes,quality,-0.2716,-0.2716,0.0,False
12966,Subscription_Boxes,price,-0.4215,-0.4215,0.0,False
12967,Subscription_Boxes,price,0.4404,0.4404,0.0,False
12968,Subscription_Boxes,content,0.8316,0.6249,-0.2067,True
12969,Subscription_Boxes,content,0.2997,0.2997,0.0,False
12970,Subscription_Boxes,content,0.9274,0.9274,0.0,False
12971,Subscription_Boxes,content,0.9077,0.9077,0.0,False
12971,Subscription_Boxes,packaging,0.9077,0.9077,0.0,False
12972,Subscription_Boxes,content,0.659,0.659,0.0,False
12973,Subscription_Boxes,content,-0.23263333333333333,-0.23263333333333333,0.0,False
12974,Subscription_Boxes,content,0.4404,0.4404,0.0,False
12975,Subscription_Boxes,content,0.5635,0.5635,0.0,False
12975,Subscription_Boxes,customer_service,0.0,0.0,0.0,False
12976,Subscription_Boxes,billing,-0.0422,-0.0422,0.0,False
12976,Subscription_Boxes,delivery,0.5106,-0.2023,-0.7129000000000001,True
12976,Subscription_Boxes,price,0.16895,0.0655,-0.10344999999999999,True
12976,Subscription_Boxes,content,0.687975,0.751225,0.06325000000000003,True
12980,Subscription_Boxes,content,0.6249,0.6249,0.0,False
12981,Subscription_Boxes,content,0.6249,0.6249,0.0,False
12982,Subscription_Boxes,quality,0.0,0.0,0.0,False
12982,Subscription_Boxes,content,0.451,0.451,0.0,False
12983,Subscription_Boxes,content,0.6474,0.4927,-0.15469999999999995,True
12983,Subscription_Boxes,quality,0.6474,0.4927,-0.15469999999999995,True
12983,Subscription_Boxes,price,0.6474,0.4927,-0.15469999999999995,True
12985,Subscription_Boxes,content,0.3818,0.3818,0.0,False
12987,Subscription_Boxes,quality,0.5606,0.5606,0.0,False
12988,Subscription_Boxes,billing,-0.16255,-0.2787,-0.11615,True
12988,Subscription_Boxes,delivery,0.8519,0.8519,0.0,False
12988,Subscription_Boxes,price,-0.5574,-0.5574,0.0,False
12988,Subscription_Boxes,content,0.14725,0.14725,0.0,False
12989,Subscription_Boxes,content,0.4215,0.4215,0.0,False
12990,Subscription_Boxes,content,-0.34,-0.34,0.0,False
12994,Subscription_Boxes,content,0.35964999999999997,0.357525,-0.002124999999999988,True
12994,Subscription_Boxes,delivery,0.8945,0.886,-0.008499999999999952,True
12994,Subscription_Boxes,price,0.0,0.0,0.0,False
12995,Subscription_Boxes,price,0.7684,0.0,-0.7684,True
12997,Subscription_Boxes,price,-0.6808,-0.6808,0.0,False
12998,Subscription_Boxes,content,0.06615000000000001,0.06615000000000001,0.0,False
13000,Subscription_Boxes,content,0.4424,0.4019,-0.040500000000000036,True
13003,Subscription_Boxes,price,0.5542,0.5542,0.0,False
13003,Subscription_Boxes,content,0.3182,0.3182,0.0,False
13004,Subscription_Boxes,content,0.4576,0.4576,0.0,False
13004,Subscription_Boxes,delivery,0.1366,0.1366,0.0,False
13004,Subscription_Boxes,packaging,0.6794,0.6794,0.0,False
13006,Subscription_Boxes,content,-0.0258,-0.0258,0.0,False
13006,Subscription_Boxes,price,-0.0516,-0.0516,0.0,False
13008,Subscription_Boxes,content,0.4841,-0.4767,-0.9608,True
13009,Subscription_Boxes,content,0.4013,0.5287999999999999,0.12749999999999995,True
13010,Subscription_Boxes,customer_service,0.7184,0.6249,-0.09350000000000003,True
13011,Subscription_Boxes,quality,0.72475,0.72475,0.0,False
13011,Subscription_Boxes,content,0.52785,0.52785,0.0,False
13012,Subscription_Boxes,content,-0.4213,-0.3818,0.039500000000000035,True
13013,Subscription_Boxes,content,0.6249,0.6249,0.0,False
13015,Subscription_Boxes,quality,0.4767,0.4767,0.0,False
13015,Subscription_Boxes,content,0.0,0.0,0.0,False
13017,Subscription_Boxes,advertising,-0.5859,-0.5859,0.0,False
13017,Subscription_Boxes,price,0.8188,0.8188,0.0,False
13019,Subscription_Boxes,content,0.7579,0.7579,0.0,False
13021,Subscription_Boxes,content,0.6249,0.6249,0.0,False
13022,Subscription_Boxes,content,0.705,0.46605,-0.23894999999999994,True
13023,Subscription_Boxes,content,0.0,0.0,0.0,False
13026,Subscription_Boxes,content,0.0772,0.0772,0.0,False
13029,Subscription_Boxes,price,-0.3561,0.0,0.3561,True
13030,Subscription_Boxes,content,0.6908,0.6908,0.0,False
13030,Subscription_Boxes,packaging,0.6908,0.6908,0.0,False
13030,Subscription_Boxes,price,-0.296,-0.296,0.0,False
13031,Subscription_Boxes,content,0.0,0.0,0.0,False
13033,Subscription_Boxes,quality,0.2944,0.2944,0.0,False
13036,Subscription_Boxes,content,0.5093,0.5093,0.0,False
13037,Subscription_Boxes,price,0.0,0.0,0.0,False
13037,Subscription_Boxes,content,0.16463333333333333,0.16463333333333333,0.0,False
13038,Subscription_Boxes,content,0.0,0.0,0.0,False
13041,Subscription_Boxes,content,0.6249,0.6249,0.0,False
13042,Subscription_Boxes,delivery,0.4774,0.4774,0.0,False
13042,Subscription_Boxes,content,0.2779333333333333,0.32015,0.04221666666666668,True
13043,Subscription_Boxes,delivery,0.6186499999999999,0.581,-0.03764999999999996,True
13043,Subscription_Boxes,price,0.3867,0.3867,0.0,False
13043,Subscription_Boxes,advertising,0.5859,0.5106,-0.07529999999999992,True
13043,Subscription_Boxes,content,0.0,0.0,0.0,False
13045,Subscription_Boxes,content,0.7163,0.7163,0.0,False
13051,Subscription_Boxes,quality,0.7659,0.3612,-0.4047,True
13052,Subscription_Boxes,content,0.3612,0.3612,0.0,False
13053,Subscription_Boxes,content,0.164,0.164,0.0,False
13053,Subscription_Boxes,customer_service,0.4019,0.4019,0.0,False
13055,Subscription_Boxes,content,0.5106,0.5106,0.0,False
13058,Subscription_Boxes,content,0.4019,0.4019,0.0,False
13059,Subscription_Boxes,billing,-0.296,-0.296,0.0,False
13059,Subscription_Boxes,content,0.6588,0.6588,0.0,False
13060,Subscription_Boxes,content,0.0,0.0,0.0,False
13060,Subscription_Boxes,customer_service,0.0,0.0,0.0,False
13060,Subscription_Boxes,quality,0.0,0.0,0.0,False
13061,Subscription_Boxes,content,0.6696,0.6696,0.0,False
13062,Subscription_Boxes,price,0.4386,0.4386,0.0,False
13062,Subscription_Boxes,content,0.7016999999999999,0.7016999999999999,0.0,False
13063,Subscription_Boxes,quality,0.6249,0.6249,0.0,False
13063,Subscription_Boxes,content,0.5126,0.5126,0.0,False
13065,Subscription_Boxes,billing,-0.25,-0.25,0.0,False
13065,Subscription_Boxes,content,0.0,0.0,0.0,False
13066,Subscription_Boxes,advertising,0.0,0.0,0.0,False
13066,Subscription_Boxes,content,0.157,0.24333333333333332,0.08633333333333332,True
13068,Subscription_Boxes,content,0.3051333333333333,0.3051333333333333,0.0,False
13068,Subscription_Boxes,quality,0.6369,0.6369,0.0,False
13068,Subscription_Boxes,packaging,0.6369,0.6369,0.0,False
13069,Subscription_Boxes,billing,0.0,0.0,0.0,False
13069,Subscription_Boxes,delivery,0.0,0.0,0.0,False
13069,Subscription_Boxes,price,-0.1695,-0.1695,0.0,False
13070,Subscription_Boxes,advertising,0.0,0.0,0.0,False
13073,Subscription_Boxes,price,0.3612,0.3612,0.0,False
13074,Subscription_Boxes,price,-0.7185,-0.7185,0.0,False
13075,Subscription_Boxes,billing,-0.25,-0.25,0.0,False
13076,Subscription_Boxes,delivery,0.0,0.0,0.0,False
13076,Subscription_Boxes,content,-0.38045,-0.38045,0.0,False
13077,Subscription_Boxes,quality,0.6249,0.6249,0.0,False
13078,Subscription_Boxes,customer_service,-0.2481,-0.34,-0.09190000000000004,True
13079,Subscription_Boxes,content,0.0,0.0,0.0,False
13080,Subscription_Boxes,content,0.1779,0.1779,0.0,False
13081,Subscription_Boxes,content,0.0,0.0,0.0,False
13082,Subscription_Boxes,quality,0.6369,0.4404,-0.1965,True
13082,Subscription_Boxes,price,0.6064,0.6064,0.0,False
13082,Subscription_Boxes,advertising,0.0,0.0,0.0,False
13082,Subscription_Boxes,content,0.1806,0.1806,0.0,False
13083,Subscription_Boxes,content,0.2263,0.2263,0.0,False
13084,Subscription_Boxes,content,0.0,0.0,0.0,False
13087,Subscription_Boxes,advertising,-0.8958,-0.8958,0.0,False
13087,Subscription_Boxes,content,-0.8958,-0.8958,0.0,False
13088,Subscription_Boxes,content,0.6249,0.6249,0.0,False
13089,Subscription_Boxes,delivery,0.4559,0.4559,0.0,False
13089,Subscription_Boxes,packaging,0.4559,0.4559,0.0,False
13091,Subscription_Boxes,delivery,-0.4019,-0.4939,-0.09200000000000003,True
13092,Subscription_Boxes,price,0.0,0.0,0.0,False
13095,Subscription_Boxes,delivery,0.0,0.0,0.0,False
13096,Subscription_Boxes,billing,-0.4784,-0.4784,0.0,False
13096,Subscription_Boxes,quality,0.9001,0.9001,0.0,False
13096,Subscription_Boxes,packaging,0.2477,0.2477,0.0,False
13096,Subscription_Boxes,content,0.313025,0.313025,0.0,False
13098,Subscription_Boxes,content,0.7783,0.7783,0.0,False
13099,Subscription_Boxes,content,0.6588,0.6588,0.0,False
13099,Subscription_Boxes,packaging,0.6588,0.6588,0.0,False
13100,Subscription_Boxes,content,0.6249,0.6249,0.0,False
13101,Subscription_Boxes,content,0.6486,0.6486,0.0,False
13101,Subscription_Boxes,price,0.6486,0.6486,0.0,False
13107,Subscription_Boxes,content,-0.10093333333333333,-0.10093333333333333,0.0,False
13108,Subscription_Boxes,content,0.07555,0.07555,0.0,False
13109,Subscription_Boxes,billing,-0.161,-0.3102,-0.14919999999999997,True
13111,Subscription_Boxes,quality,0.33830000000000005,0.33830000000000005,0.0,False
13111,Subscription_Boxes,content,0.5994,0.5994,0.0,False
13112,Subscription_Boxes,price,0.0,0.0,0.0,False
13112,Subscription_Boxes,content,0.320925,0.320925,0.0,False
13113,Subscription_Boxes,delivery,0.0,0.0,0.0,False
13113,Subscription_Boxes,content,0.5994,0.5994,0.0,False
13116,Subscription_Boxes,content,0.6998000000000001,0.6501333333333333,-0.04966666666666675,True
13117,Subscription_Boxes,billing,0.6808,0.6808,0.0,False
13117,Subscription_Boxes,quality,0.27505,0.27505,0.0,False
13117,Subscription_Boxes,price,-0.3384,-0.3384,0.0,False
13121,Subscription_Boxes,billing,0.0,0.0,0.0,False
13121,Subscription_Boxes,delivery,0.8173,0.8173,0.0,False
13122,Subscription_Boxes,price,-0.656,-0.656,0.0,False
13123,Subscription_Boxes,quality,0.9588,0.9588,0.0,False
13123,Subscription_Boxes,price,0.9588,0.9588,0.0,False
13124,Subscription_Boxes,content,-0.265675,-0.0527,0.212975,True
13125,Subscription_Boxes,content,0.11125,0.11125,0.0,False
13125,Subscription_Boxes,delivery,0.5423,0.5423,0.0,False
13125,Subscription_Boxes,packaging,0.5719,0.5719,0.0,False
13131,Subscription_Boxes,content,0.48245000000000005,0.48245000000000005,0.0,False
13134,Subscription_Boxes,delivery,0.2828,0.2828,0.0,False
13137,Subscription_Boxes,content,-0.00023333333333334463,-0.00023333333333334463,0.0,False
13138,Subscription_Boxes,content,0.6249,0.6249,0.0,False
13141,Subscription_Boxes,content,0.743,0.743,0.0,False
13141,Subscription_Boxes,packaging,0.6728,0.6728,0.0,False
13142,Subscription_Boxes,quality,0.8172,0.8172,0.0,False
13143,Subscription_Boxes,billing,0.2382,0.0,-0.2382,True
13143,Subscription_Boxes,quality,0.2382,0.4404,0.20220000000000002,True
13143,Subscription_Boxes,price,0.2382,0.0,-0.2382,True
13143,Subscription_Boxes,content,0.2382,0.4404,0.20220000000000002,True
13144,Subscription_Boxes,content,0.2732,0.2732,0.0,False
13145,Subscription_Boxes,quality,0.3036,0.3036,0.0,False
13149,Subscription_Boxes,billing,0.8151,0.7351,-0.08000000000000007,True
13150,Subscription_Boxes,content,0.5106,0.5106,0.0,False
13152,Subscription_Boxes,delivery,0.0,0.0,0.0,False
13154,Subscription_Boxes,price,0.2263,0.2263,0.0,False
13155,Subscription_Boxes,price,-0.4389,-0.4389,0.0,False
13157,Subscription_Boxes,content,-0.2351,0.4404,0.6755,True
13160,Subscription_Boxes,content,0.7013,0.6249,-0.07640000000000002,True
13163,Subscription_Boxes,content,0.7243,0.7243,0.0,False
13164,Subscription_Boxes,content,0.2697,0.2697,0.0,False
13165,Subscription_Boxes,price,0.4215,0.4215,0.0,False
13166,Subscription_Boxes,content,0.4215,0.4215,0.0,False
13166,Subscription_Boxes,price,0.24695,0.24695,0.0,False
13169,Subscription_Boxes,content,0.0,0.0,0.0,False
13169,Subscription_Boxes,price,-0.1695,-0.1695,0.0,False
13173,Subscription_Boxes,content,0.0,0.0,0.0,False
13174,Subscription_Boxes,advertising,0.5188,0.4201,-0.09870000000000007,True
13177,Subscription_Boxes,content,0.3612,0.3612,0.0,False
13179,Subscription_Boxes,content,0.6037,0.6037,0.0,False
13180,Subscription_Boxes,content,0.0,0.0,0.0,False
13183,Subscription_Boxes,quality,0.4215,0.4215,0.0,False
13184,Subscription_Boxes,billing,-0.25,-0.25,0.0,False
13184,Subscription_Boxes,price,0.0088,0.0088,0.0,False
13187,Subscription_Boxes,billing,0.045050000000000034,0.045125000000000026,7.499999999999174e-05,True
13187,Subscription_Boxes,delivery,0.11076666666666668,0.11076666666666668,0.0,False
13187,Subscription_Boxes,price,0.0,0.0,0.0,False
13187,Subscription_Boxes,content,0.6836,0.6836,0.0,False
13188,Subscription_Boxes,content,-0.042,-0.03423333333333333,0.007766666666666672,True
13189,Subscription_Boxes,content,0.3612,0.3612,0.0,False
13192,Subscription_Boxes,advertising,0.9607,0.765,-0.19569999999999999,True
13192,Subscription_Boxes,content,0.9607,0.8255,-0.1352,True
13193,Subscription_Boxes,delivery,0.0,0.0,0.0,False
13193,Subscription_Boxes,content,0.25855,0.25855,0.0,False
13195,Subscription_Boxes,content,0.0,0.0,0.0,False
13196,Subscription_Boxes,billing,0.0,0.0,0.0,False
13196,Subscription_Boxes,content,0.24590000000000006,0.24306666666666668,-0.002833333333333382,True
13197,Subscription_Boxes,content,0.937,0.937,0.0,False
13199,Subscription_Boxes,content,0.6588,0.6588,0.0,False
13202,Subscription_Boxes,price,0.7579,0.7579,0.0,False
13203,Subscription_Boxes,quality,0.7125,0.7125,0.0,False
13203,Subscription_Boxes,content,0.6779,0.6779,0.0,False
13204,Subscription_Boxes,delivery,0.0,0.0,0.0,False
13206,Subscription_Boxes,content,0.54785,0.54785,0.0,False
13207,Subscription_Boxes,content,0.8217,0.8217,0.0,False
13208,Subscription_Boxes,price,0.4019,0.4019,0.0,False
13209,Subscription_Boxes,billing,-0.5256,-0.5256,0.0,False
13209,Subscription_Boxes,content,0.42164999999999997,0.1591,-0.26254999999999995,True
13210,Subscription_Boxes,billing,0.6705,0.6705,0.0,False
13210,Subscription_Boxes,price,0.7506,0.7506,0.0,False
13212,Subscription_Boxes,content,0.43170000000000003,0.43170000000000003,0.0,False
13213,Subscription_Boxes,billing,0.3818,0.3818,0.0,False
13213,Subscription_Boxes,content,0.17106666666666667,0.17106666666666667,0.0,False
13215,Subscription_Boxes,price,0.0,0.0,0.0,False
13216,Subscription_Boxes,content,0.2867,0.12917500000000004,-0.15752499999999997,True
13217,Subscription_Boxes,content,0.0,0.0,0.0,False
13218,Subscription_Boxes,delivery,0.7419,0.7419,0.0,False
13218,Subscription_Boxes,packaging,0.0516,0.0516,0.0,False
13222,Subscription_Boxes,content,0.43805000000000005,0.43805000000000005,0.0,False
13222,Subscription_Boxes,customer_service,0.2263,0.2263,0.0,False
13223,Subscription_Boxes,content,-0.1695,-0.1695,0.0,False
13223,Subscription_Boxes,price,-0.1695,-0.1695,0.0,False
13226,Subscription_Boxes,delivery,0.0,0.0,0.0,False
13226,Subscription_Boxes,content,0.0,0.0,0.0,False
13227,Subscription_Boxes,content,0.5696,0.5696,0.0,False
13229,Subscription_Boxes,content,0.0,0.0,0.0,False
13231,Subscription_Boxes,price,0.2263,0.2263,0.0,False
13231,Subscription_Boxes,content,0.2023,0.2023,0.0,False
13232,Subscription_Boxes,billing,0.0,0.0,0.0,False
13232,Subscription_Boxes,price,0.0,0.0,0.0,False
13232,Subscription_Boxes,packaging,0.0,0.0,0.0,False
13232,Subscription_Boxes,content,0.257775,0.257775,0.0,False
13234,Subscription_Boxes,quality,0.0,0.0,0.0,False
13234,Subscription_Boxes,content,0.3102,0.3102,0.0,False
13237,Subscription_Boxes,price,0.7003,0.7003,0.0,False
13237,Subscription_Boxes,content,0.6980000000000001,0.6980000000000001,0.0,False
13238,Subscription_Boxes,billing,0.7506,0.6249,-0.12570000000000003,True
13239,Subscription_Boxes,content,0.6369,0.6369,0.0,False
13239,Subscription_Boxes,packaging,0.6369,0.6369,0.0,False
13239,Subscription_Boxes,price,0.4404,0.4404,0.0,False
13240,Subscription_Boxes,billing,0.4497,0.3182,-0.1315,True
13240,Subscription_Boxes,content,0.45425,0.38849999999999996,-0.06575000000000003,True
13241,Subscription_Boxes,content,0.5456333333333333,0.5456333333333333,0.0,False
13245,Subscription_Boxes,price,0.8591,0.8591,0.0,False
13247,Subscription_Boxes,billing,-0.0422,-0.0422,0.0,False
13247,Subscription_Boxes,delivery,0.5106,-0.2023,-0.7129000000000001,True
13247,Subscription_Boxes,price,0.16895,0.0655,-0.10344999999999999,True
13247,Subscription_Boxes,content,0.687975,0.751225,0.06325000000000003,True
13248,Subscription_Boxes,quality,0.4926,0.4926,0.0,False
13248,Subscription_Boxes,delivery,0.4926,0.4926,0.0,False
13248,Subscription_Boxes,packaging,0.9366,0.0,-0.9366,True
13249,Subscription_Boxes,content,0.2463,0.2463,0.0,False
13249,Subscription_Boxes,quality,0.4926,0.4926,0.0,False
13249,Subscription_Boxes,packaging,0.0,0.0,0.0,False
13251,Subscription_Boxes,quality,-0.771,-0.6997,0.07130000000000003,True
13251,Subscription_Boxes,content,-0.771,-0.12045,0.65055,True
13252,Subscription_Boxes,content,0.8126,0.8126,0.0,False
13252,Subscription_Boxes,price,-0.0258,-0.0258,0.0,False
13254,Subscription_Boxes,billing,0.128,0.128,0.0,False
13254,Subscription_Boxes,content,-0.5413,-0.5413,0.0,False
13255,Subscription_Boxes,content,0.6249,0.6249,0.0,False
13257,Subscription_Boxes,quality,0.4404,0.4404,0.0,False
13257,Subscription_Boxes,content,0.4404,0.4404,0.0,False
13258,Subscription_Boxes,billing,0.0129,-0.25,-0.2629,True
13259,Subscription_Boxes,content,-0.5078,-0.5078,0.0,False
13260,Subscription_Boxes,content,0.6588,0.6588,0.0,False
13268,Subscription_Boxes,billing,0.0,0.0,0.0,False
13269,Subscription_Boxes,content,0.4588,0.4588,0.0,False
13269,Subscription_Boxes,customer_service,0.7717,0.7717,0.0,False
13270,Subscription_Boxes,billing,-0.25,-0.25,0.0,False
13270,Subscription_Boxes,quality,0.5946,0.0711,-0.5235000000000001,True
13270,Subscription_Boxes,delivery,0.659,0.659,0.0,False
13270,Subscription_Boxes,packaging,0.7776,0.3612,-0.41639999999999994,True
13270,Subscription_Boxes,advertising,-0.3532,-0.2978,0.055400000000000005,True
13270,Subscription_Boxes,content,0.14875,0.08116363636363637,-0.06758636363636362,True
13271,Subscription_Boxes,content,0.2023,0.2023,0.0,False
13274,Subscription_Boxes,content,0.0,0.0,0.0,False
13275,Subscription_Boxes,content,0.0,0.0,0.0,False
13276,Subscription_Boxes,content,0.6249,0.6249,0.0,False
13276,Subscription_Boxes,quality,0.6249,0.6249,0.0,False
13276,Subscription_Boxes,price,0.0,0.0,0.0,False
13277,Subscription_Boxes,content,0.6249,0.6249,0.0,False
13278,Subscription_Boxes,billing,-0.4588,-0.4588,0.0,False
13278,Subscription_Boxes,quality,0.7081,0.7081,0.0,False
13278,Subscription_Boxes,price,0.6757,0.34,-0.33569999999999994,True
13278,Subscription_Boxes,delivery,0.6757,0.4404,-0.23529999999999995,True
13278,Subscription_Boxes,content,0.3327333333333333,0.3864,0.053666666666666696,True
13282,Subscription_Boxes,price,0.5562,0.5562,0.0,False
13283,Subscription_Boxes,delivery,0.45065,0.4109,-0.03975000000000001,True
13283,Subscription_Boxes,content,0.45065,0.3117333333333333,-0.1389166666666667,True
13284,Subscription_Boxes,content,0.1909,0.1909,0.0,False
13287,Subscription_Boxes,billing,0.4215,0.4215,0.0,False
13287,Subscription_Boxes,price,0.4215,0.4215,0.0,False
13288,Subscription_Boxes,content,0.8316,0.8316,0.0,False
13288,Subscription_Boxes,quality,0.8316,0.8316,0.0,False
13288,Subscription_Boxes,price,0.8316,0.8316,0.0,False
13290,Subscription_Boxes,quality,0.0,0.0,0.0,False
13291,Subscription_Boxes,quality,0.8555,0.8555,0.0,False
13292,Subscription_Boxes,content,0.0,0.0,0.0,False
13295,Subscription_Boxes,advertising,0.5859,0.5859,0.0,False
13295,Subscription_Boxes,content,0.1869833333333333,0.1869833333333333,0.0,False
13296,Subscription_Boxes,quality,0.7184,0.7184,0.0,False
13296,Subscription_Boxes,content,0.7726,0.7726,0.0,False
13297,Subscription_Boxes,content,0.8416,0.8416,0.0,False
13298,Subscription_Boxes,content,0.23970000000000002,0.2101,-0.029600000000000015,True
13300,Subscription_Boxes,advertising,-0.34,-0.34,0.0,False
13300,Subscription_Boxes,billing,-0.25,-0.25,0.0,False
13301,Subscription_Boxes,price,0.6771,0.6771,0.0,False
13301,Subscription_Boxes,content,0.10684,0.10684,0.0,False
13303,Subscription_Boxes,content,0.0,0.0,0.0,False
13303,Subscription_Boxes,packaging,0.7125,0.7125,0.0,False
13303,Subscription_Boxes,price,0.2263,0.2263,0.0,False
13304,Subscription_Boxes,delivery,0.765,0.765,0.0,False
13305,Subscription_Boxes,price,0.0,0.0,0.0,False
13305,Subscription_Boxes,content,0.5095,0.5095,0.0,False
13309,Subscription_Boxes,content,-0.29710000000000003,-0.12894999999999998,0.16815000000000005,True
13310,Subscription_Boxes,billing,-0.125,-0.125,0.0,False
13311,Subscription_Boxes,billing,0.4719,0.3142,-0.1577,True
13311,Subscription_Boxes,content,0.6249,0.6249,0.0,False
13311,Subscription_Boxes,quality,-0.4767,-0.4767,0.0,False
13312,Subscription_Boxes,billing,-0.37615,-0.3056,0.07055,True
13312,Subscription_Boxes,content,0.8316,0.8316,0.0,False
13312,Subscription_Boxes,delivery,-0.5023,-0.3612,0.14109999999999995,True
13313,Subscription_Boxes,content,0.9217,0.9217,0.0,False
13313,Subscription_Boxes,quality,0.7178,0.7178,0.0,False
13313,Subscription_Boxes,packaging,0.7178,0.7178,0.0,False
13314,Subscription_Boxes,billing,0.2315,0.2315,0.0,False
13314,Subscription_Boxes,packaging,0.3291,0.5719,0.24279999999999996,True
13314,Subscription_Boxes,price,0.2803,0.11575,-0.16454999999999997,True
13315,Subscription_Boxes,content,0.0672,0.0,-0.0672,True
13315,Subscription_Boxes,quality,0.9545,0.7351,-0.21940000000000004,True
13315,Subscription_Boxes,delivery,0.8779,0.8779,0.0,False
13316,Subscription_Boxes,quality,0.17,0.17,0.0,False
13316,Subscription_Boxes,price,-0.05658,-0.05658,0.0,False
13317,Subscription_Boxes,quality,0.6369,0.6369,0.0,False
13317,Subscription_Boxes,content,0.5838,0.5838,0.0,False
13320,Subscription_Boxes,customer_service,0.6249,0.6249,0.0,False
13321,Subscription_Boxes,price,-0.5812,-0.5812,0.0,False
13322,Subscription_Boxes,content,0.16455,0.28595,0.12139999999999998,True
13323,Subscription_Boxes,price,0.0,0.0,0.0,False
13323,Subscription_Boxes,content,0.1806,0.1806,0.0,False
13325,Subscription_Boxes,content,0.8625,0.8625,0.0,False
13326,Subscription_Boxes,content,0.7096,0.7096,0.0,False
13328,Subscription_Boxes,content,0.0,0.0,0.0,False
13329,Subscription_Boxes,quality,0.4215,0.4215,0.0,False
13330,Subscription_Boxes,billing,-0.4019,-0.4019,0.0,False
13330,Subscription_Boxes,content,-0.4019,-0.4019,0.0,False
13331,Subscription_Boxes,price,-0.26535000000000003,-0.26535000000000003,0.0,False
13331,Subscription_Boxes,content,0.1423,0.0,-0.1423,True
13333,Subscription_Boxes,content,-0.296,-0.296,0.0,False
13333,Subscription_Boxes,price,-0.035075,0.024725000000000004,0.059800000000000006,True
13336,Subscription_Boxes,content,0.34,0.34,0.0,False
13337,Subscription_Boxes,content,0.6369,0.6369,0.0,False
13338,Subscription_Boxes,content,-0.3724,-0.3724,0.0,False
13340,Subscription_Boxes,content,0.8357,0.8357,0.0,False
13341,Subscription_Boxes,content,0.29295,0.29295,0.0,False
13341,Subscription_Boxes,price,0.6053999999999999,0.6053999999999999,0.0,False
13342,Subscription_Boxes,content,0.6249,0.6249,0.0,False
13344,Subscription_Boxes,billing,0.15289999999999998,0.21999999999999997,0.06709999999999999,True
13345,Subscription_Boxes,billing,0.0,0.0,0.0,False
13345,Subscription_Boxes,content,0.3626416666666667,0.3626416666666667,0.0,False
13345,Subscription_Boxes,quality,0.2202,0.2202,0.0,False
13346,Subscription_Boxes,billing,-0.25,-0.25,0.0,False
13346,Subscription_Boxes,content,0.156,-0.0565,-0.2125,True
13348,Subscription_Boxes,delivery,-0.2023,-0.2023,0.0,False
13349,Subscription_Boxes,content,-0.3148,-0.3148,0.0,False
13350,Subscription_Boxes,content,0.6537,0.6537,0.0,False
13351,Subscription_Boxes,delivery,0.0,0.0,0.0,False
13351,Subscription_Boxes,content,0.42660000000000003,0.4713333333333333,0.04473333333333329,True
13352,Subscription_Boxes,billing,-0.3182,-0.3182,0.0,False
13353,Subscription_Boxes,content,0.36512500000000003,0.36512500000000003,0.0,False
13354,Subscription_Boxes,content,0.2263,0.21075,-0.015550000000000008,True
13354,Subscription_Boxes,delivery,0.0,0.0,0.0,False
13354,Subscription_Boxes,price,0.0,0.0,0.0,False
13355,Subscription_Boxes,content,0.1862,0.1862,0.0,False
13356,Subscription_Boxes,billing,0.0,0.0,0.0,False
13356,Subscription_Boxes,content,0.5574,0.5574,0.0,False
13356,Subscription_Boxes,delivery,0.0,0.0,0.0,False
13359,Subscription_Boxes,content,0.39225,0.39225,0.0,False
13362,Subscription_Boxes,content,-0.02876666666666668,-0.02876666666666668,0.0,False
13362,Subscription_Boxes,customer_service,0.4588,0.4588,0.0,False
13363,Subscription_Boxes,price,0.2202,0.2202,0.0,False
13364,Subscription_Boxes,quality,0.017699999999999994,-0.0571,-0.07479999999999999,True
13366,Subscription_Boxes,billing,0.0772,0.0772,0.0,False
13366,Subscription_Boxes,quality,0.6597,0.6597,0.0,False
13367,Subscription_Boxes,delivery,-0.4215,-0.4215,0.0,False
13367,Subscription_Boxes,content,0.3739333333333333,0.3739333333333333,0.0,False
13370,Subscription_Boxes,delivery,-0.2023,-0.3818,-0.17949999999999997,True
13371,Subscription_Boxes,price,0.367,0.367,0.0,False
13371,Subscription_Boxes,content,0.18639999999999998,0.18639999999999998,0.0,False
13372,Subscription_Boxes,content,0.7844,0.7844,0.0,False
13373,Subscription_Boxes,quality,-0.7003,-0.7003,0.0,False
13373,Subscription_Boxes,packaging,0.4939,0.4939,0.0,False
13374,Subscription_Boxes,content,0.836,0.836,0.0,False
13378,Subscription_Boxes,content,0.6249,0.6249,0.0,False
13380,Subscription_Boxes,quality,0.0,0.0,0.0,False
13380,Subscription_Boxes,content,0.4158,0.4158,0.0,False
13381,Subscription_Boxes,delivery,0.4019,0.4019,0.0,False
13381,Subscription_Boxes,content,0.6597,0.6597,0.0,False
13382,Subscription_Boxes,billing,-0.9304,-0.9304,0.0,False
13385,Subscription_Boxes,content,-0.3412,-0.3412,0.0,False
13388,Subscription_Boxes,packaging,-0.6808,-0.6808,0.0,False
13388,Subscription_Boxes,quality,-0.6808,-0.6808,0.0,False
13388,Subscription_Boxes,price,-0.1695,-0.1695,0.0,False
13391,Subscription_Boxes,quality,0.0386,0.0386,0.0,False
13393,Subscription_Boxes,delivery,0.3612,0.3612,0.0,False
13395,Subscription_Boxes,quality,0.7265,0.6249,-0.10160000000000002,True
13397,Subscription_Boxes,content,0.0,0.0,0.0,False
13398,Subscription_Boxes,content,-0.4201,-0.4201,0.0,False
13399,Subscription_Boxes,price,-0.4215,-0.4215,0.0,False
13400,Subscription_Boxes,content,0.0,0.0,0.0,False
13400,Subscription_Boxes,customer_service,0.6588,0.6588,0.0,False
13401,Subscription_Boxes,billing,0.0,0.0,0.0,False
13402,Subscription_Boxes,content,0.23835,0.23835,0.0,False
13402,Subscription_Boxes,quality,0.2377,0.2377,0.0,False
13402,Subscription_Boxes,price,0.0,0.0,0.0,False
13403,Subscription_Boxes,quality,0.807,0.807,0.0,False
13406,Subscription_Boxes,content,0.4019,0.4019,0.0,False
13407,Subscription_Boxes,content,0.5411,0.5411,0.0,False
13409,Subscription_Boxes,content,0.48100000000000004,0.48100000000000004,0.0,False
13409,Subscription_Boxes,price,0.54895,0.54895,0.0,False
13410,Subscription_Boxes,quality,0.0,0.0,0.0,False
13410,Subscription_Boxes,packaging,0.4215,0.4215,0.0,False
13410,Subscription_Boxes,advertising,0.4215,0.4215,0.0,False
13410,Subscription_Boxes,content,0.0,0.0,0.0,False
13411,Subscription_Boxes,content,0.6506000000000001,0.46605,-0.18455000000000005,True
13414,Subscription_Boxes,content,0.5719,0.5719,0.0,False
13415,Subscription_Boxes,quality,0.6249,0.6249,0.0,False
13415,Subscription_Boxes,content,0.6369,0.6369,0.0,False
13416,Subscription_Boxes,content,-0.28945,0.1366,0.42605,True
13418,Subscription_Boxes,price,0.23275,-0.1462,-0.37895,True
13418,Subscription_Boxes,content,0.67865,0.67865,0.0,False
13420,Subscription_Boxes,content,0.8625,0.8625,0.0,False
13428,Subscription_Boxes,content,0.27848,0.2793666666666667,0.0008866666666667022,True
13430,Subscription_Boxes,content,0.0,0.0,0.0,False
13432,Subscription_Boxes,quality,0.5789,0.4466,-0.13229999999999997,True
13434,Subscription_Boxes,delivery,0.0,0.0,0.0,False
13437,Subscription_Boxes,content,-0.4767,-0.4767,0.0,False
13437,Subscription_Boxes,quality,-0.4767,-0.4767,0.0,False
13437,Subscription_Boxes,price,-0.128,-0.128,0.0,False
13439,Subscription_Boxes,content,0.0,0.0,0.0,False
13440,Subscription_Boxes,content,0.6249,0.6249,0.0,False
13440,Subscription_Boxes,price,0.6249,0.6249,0.0,False
13442,Subscription_Boxes,price,0.4019,0.4019,0.0,False
13442,Subscription_Boxes,content,0.5994,0.5994,0.0,False
13443,Subscription_Boxes,delivery,0.4404,0.4404,0.0,False
13443,Subscription_Boxes,price,0.4404,0.4404,0.0,False
13444,Subscription_Boxes,price,-0.296,-0.296,0.0,False
13444,Subscription_Boxes,customer_service,-0.3875,-0.3875,0.0,False
13451,Subscription_Boxes,content,0.24520000000000003,0.064,-0.18120000000000003,True
13454,Subscription_Boxes,billing,-0.25,-0.25,0.0,False
13456,Subscription_Boxes,packaging,-0.0772,-0.0772,0.0,False
13457,Subscription_Boxes,advertising,0.6389,0.0,-0.6389,True
13458,Subscription_Boxes,price,0.2105,0.2105,0.0,False
13460,Subscription_Boxes,content,0.6665,0.6665,0.0,False
13461,Subscription_Boxes,advertising,-0.4939,-0.4939,0.0,False
13461,Subscription_Boxes,content,0.16242499999999999,0.16242499999999999,0.0,False
13461,Subscription_Boxes,price,0.5558,0.5558,0.0,False
13464,Subscription_Boxes,content,-0.4767,0.0,0.4767,True
13465,Subscription_Boxes,quality,0.6115,0.6115,0.0,False
13466,Subscription_Boxes,quality,0.6588,0.6588,0.0,False
13467,Subscription_Boxes,quality,0.3398333333333334,0.08713333333333334,-0.25270000000000004,True
13467,Subscription_Boxes,content,0.4732200000000001,0.2653666666666667,-0.2078533333333334,True
13468,Subscription_Boxes,billing,0.5574,0.5574,0.0,False
13469,Subscription_Boxes,packaging,0.7845,0.7845,0.0,False
13470,Subscription_Boxes,price,0.5574,0.5574,0.0,False
13470,Subscription_Boxes,content,0.8682,0.8682,0.0,False
13471,Subscription_Boxes,content,0.5994,0.5994,0.0,False
13473,Subscription_Boxes,packaging,0.8126,0.8126,0.0,False
13473,Subscription_Boxes,customer_service,0.788,0.788,0.0,False
13477,Subscription_Boxes,price,0.5106,0.5106,0.0,False
13478,Subscription_Boxes,content,0.6124,0.6124,0.0,False
13478,Subscription_Boxes,customer_service,0.6124,0.6124,0.0,False
13478,Subscription_Boxes,delivery,0.0,0.0,0.0,False
13479,Subscription_Boxes,content,0.4215,0.4215,0.0,False
13480,Subscription_Boxes,content,0.8176,0.8176,0.0,False
13481,Subscription_Boxes,content,0.1779,0.1779,0.0,False
13481,Subscription_Boxes,price,0.1779,0.1779,0.0,False
13484,Subscription_Boxes,billing,-0.25,-0.25,0.0,False
13484,Subscription_Boxes,delivery,-0.25,-0.25,0.0,False
13484,Subscription_Boxes,price,0.8481,0.8481,0.0,False
13484,Subscription_Boxes,content,0.49546666666666667,0.49546666666666667,0.0,False
13486,Subscription_Boxes,quality,0.0,0.0,0.0,False
13487,Subscription_Boxes,content,0.55615,0.55615,0.0,False
13488,Subscription_Boxes,delivery,0.0,0.0,0.0,False
13489,Subscription_Boxes,price,0.03815,0.0,-0.03815,True
13490,Subscription_Boxes,price,-0.3597,0.1548,0.5145,True
13491,Subscription_Boxes,quality,0.8481,0.8481,0.0,False
13491,Subscription_Boxes,content,0.5922333333333333,0.5922333333333333,0.0,False
13492,Subscription_Boxes,price,-0.5095,-0.5095,0.0,False
13494,Subscription_Boxes,content,0.4019,0.4019,0.0,False
13495,Subscription_Boxes,content,0.5719,0.5719,0.0,False
13496,Subscription_Boxes,quality,-0.3818,-0.3818,0.0,False
13498,Subscription_Boxes,content,0.05989999999999998,0.05989999999999998,0.0,False
13498,Subscription_Boxes,customer_service,0.1779,0.1779,0.0,False
13499,Subscription_Boxes,content,-0.2867,-0.3412,-0.05449999999999999,True
13500,Subscription_Boxes,billing,0.06159999999999999,0.06159999999999999,0.0,False
13500,Subscription_Boxes,content,0.0,0.0,0.0,False
13500,Subscription_Boxes,price,-0.296,-0.2023,0.09369999999999998,True
13501,Subscription_Boxes,quality,0.5574,0.5574,0.0,False
13501,Subscription_Boxes,delivery,0.0,0.0,0.0,False
13505,Subscription_Boxes,content,0.16906666666666667,0.16906666666666667,0.0,False
13506,Subscription_Boxes,delivery,-0.128,0.0,0.128,True
13506,Subscription_Boxes,content,0.2559,0.26982,0.013919999999999988,True
13507,Subscription_Boxes,content,0.2732,0.2732,0.0,False
13508,Subscription_Boxes,quality,0.0,0.0,0.0,False
13508,Subscription_Boxes,content,0.0,0.0,0.0,False
13510,Subscription_Boxes,content,0.2596875,0.2596875,0.0,False
13510,Subscription_Boxes,delivery,0.4404,0.4404,0.0,False
13510,Subscription_Boxes,packaging,-0.3356,-0.3356,0.0,False
13512,Subscription_Boxes,content,0.0,0.0,0.0,False
13512,Subscription_Boxes,delivery,-0.7709,0.1779,0.9488000000000001,True
13512,Subscription_Boxes,price,0.631,0.4215,-0.20950000000000002,True
13515,Subscription_Boxes,content,0.7579,0.7579,0.0,False
13516,Subscription_Boxes,quality,0.6249,0.6249,0.0,False
13516,Subscription_Boxes,price,0.7351,0.7351,0.0,False
13516,Subscription_Boxes,delivery,0.0,0.0,0.0,False
13516,Subscription_Boxes,content,0.6799999999999999,0.6799999999999999,0.0,False
13517,Subscription_Boxes,billing,-0.217,-0.14466666666666667,0.07233333333333333,True
13517,Subscription_Boxes,content,0.20509999999999998,0.08270000000000002,-0.12239999999999995,True
13517,Subscription_Boxes,price,0.4221,0.31845,-0.10364999999999996,True
13521,Subscription_Boxes,content,0.15983333333333333,0.15983333333333333,0.0,False
13521,Subscription_Boxes,quality,0.4795,0.4795,0.0,False
13521,Subscription_Boxes,packaging,0.2732,0.2732,0.0,False
13522,Subscription_Boxes,quality,0.3612,0.3612,0.0,False
13523,Subscription_Boxes,price,0.9081,0.9081,0.0,False
13523,Subscription_Boxes,content,0.8885000000000001,0.8885000000000001,0.0,False
13524,Subscription_Boxes,content,-0.11359999999999999,-0.08613333333333334,0.027466666666666653,True
13524,Subscription_Boxes,price,0.0,0.0,0.0,False
13525,Subscription_Boxes,quality,0.4404,0.4404,0.0,False
13526,Subscription_Boxes,content,-0.0386,-0.0386,0.0,False
13532,Subscription_Boxes,delivery,0.0,0.0,0.0,False
13533,Subscription_Boxes,delivery,0.3811,0.4005,0.01940000000000003,True
13534,Subscription_Boxes,quality,0.3818,0.3818,0.0,False
13535,Subscription_Boxes,content,0.47202500000000003,0.47202500000000003,0.0,False
13536,Subscription_Boxes,delivery,0.9135,0.9325,0.019000000000000017,True
13536,Subscription_Boxes,packaging,0.9135,0.14195000000000002,-0.77155,True
13537,Subscription_Boxes,content,0.4019,0.4019,0.0,False
13538,Subscription_Boxes,content,-0.296,-0.296,0.0,False
13538,Subscription_Boxes,price,-0.296,-0.296,0.0,False
13540,Subscription_Boxes,content,0.4404,0.4404,0.0,False
13540,Subscription_Boxes,price,-0.296,-0.296,0.0,False
13542,Subscription_Boxes,quality,0.0,0.0,0.0,False
13543,Subscription_Boxes,content,0.6213,0.6213,0.0,False
13546,Subscription_Boxes,content,0.7995,-0.4585,-1.258,True
13547,Subscription_Boxes,content,0.8176,0.8176,0.0,False
13547,Subscription_Boxes,price,0.8176,0.8176,0.0,False
13552,Subscription_Boxes,content,0.4939,0.4939,0.0,False
13553,Subscription_Boxes,content,0.5106,0.5106,0.0,False
13554,Subscription_Boxes,quality,0.7574,0.7574,0.0,False
13554,Subscription_Boxes,content,0.7574,0.7574,0.0,False
13556,Subscription_Boxes,content,0.6249,0.6249,0.0,False
13557,Subscription_Boxes,price,0.0,0.0,0.0,False
13559,Subscription_Boxes,content,0.6751,0.6751,0.0,False
13563,Subscription_Boxes,billing,-0.2042,-0.2042,0.0,False
13564,Subscription_Boxes,content,0.6369,0.6369,0.0,False
13566,Subscription_Boxes,content,0.21075,0.21075,0.0,False
13567,Subscription_Boxes,quality,0.6588,0.6588,0.0,False
13568,Subscription_Boxes,delivery,0.4927,0.4927,0.0,False
13568,Subscription_Boxes,content,0.4927,0.4927,0.0,False
13574,Subscription_Boxes,content,0.0,0.0,0.0,False
13575,Subscription_Boxes,content,0.7579,0.7579,0.0,False
13576,Subscription_Boxes,billing,-0.25,-0.25,0.0,False
13576,Subscription_Boxes,content,0.2516,0.2516,0.0,False
13576,Subscription_Boxes,delivery,-0.25,-0.25,0.0,False
13577,Subscription_Boxes,billing,-0.25,-0.25,0.0,False
13577,Subscription_Boxes,content,0.0,0.0,0.0,False
13578,Subscription_Boxes,billing,-0.25,-0.25,0.0,False
13578,Subscription_Boxes,delivery,-0.36335,-0.36335,0.0,False
13579,Subscription_Boxes,price,0.0,0.0,0.0,False
13579,Subscription_Boxes,customer_service,-0.6249,-0.6249,0.0,False
13580,Subscription_Boxes,content,-0.3818,-0.3818,0.0,False
13581,Subscription_Boxes,billing,-0.296,-0.296,0.0,False
13583,Subscription_Boxes,quality,0.6474,0.4927,-0.15469999999999995,True
13584,Subscription_Boxes,price,-0.6398,-0.434,0.20580000000000004,True
13584,Subscription_Boxes,content,0.5023,0.0,-0.5023,True
13585,Subscription_Boxes,content,0.636,0.636,0.0,False
13586,Subscription_Boxes,content,0.8528,0.8528,0.0,False
13588,Subscription_Boxes,content,0.6996,0.6996,0.0,False
13588,Subscription_Boxes,price,0.5983,0.5983,0.0,False
13590,Subscription_Boxes,billing,-0.6124,-0.4588,0.15360000000000007,True
13590,Subscription_Boxes,content,0.03313333333333331,0.24015000000000003,0.2070166666666667,True
13591,Subscription_Boxes,content,0.9231,0.9231,0.0,False
13592,Subscription_Boxes,quality,0.8636,0.8636,0.0,False
13593,Subscription_Boxes,content,0.163775,0.09280000000000001,-0.070975,True
13593,Subscription_Boxes,quality,0.22340000000000002,0.09620000000000004,-0.12719999999999998,True
13593,Subscription_Boxes,price,0.765,0.5106,-0.25439999999999996,True
13594,Subscription_Boxes,price,-0.4215,-0.4215,0.0,False
13595,Subscription_Boxes,billing,0.25,0.25,0.0,False
13595,Subscription_Boxes,content,0.1471,0.1471,0.0,False
13595,Subscription_Boxes,delivery,0.2942,0.2942,0.0,False
13597,Subscription_Boxes,content,0.3953,0.3953,0.0,False
13598,Subscription_Boxes,content,0.0,0.0,0.0,False
13600,Subscription_Boxes,delivery,0.0,0.0,0.0,False
13602,Subscription_Boxes,price,0.3252,0.3252,0.0,False
13602,Subscription_Boxes,packaging,-0.6908,-0.6908,0.0,False
13603,Subscription_Boxes,billing,-0.25,-0.25,0.0,False
13604,Subscription_Boxes,content,0.75395,0.2501,-0.50385,True
13604,Subscription_Boxes,packaging,0.6245,-0.3832,-1.0077,True
13605,Subscription_Boxes,content,0.74175,0.7045,-0.037250000000000005,True
13606,Subscription_Boxes,packaging,0.5719,0.5719,0.0,False
13607,Subscription_Boxes,content,0.3446,0.3446,0.0,False
13609,Subscription_Boxes,billing,0.0,0.0,0.0,False
13609,Subscription_Boxes,delivery,0.0,0.0,0.0,False
13611,Subscription_Boxes,quality,0.0,0.0,0.0,False
13611,Subscription_Boxes,content,0.9107,0.9107,0.0,False
13612,Subscription_Boxes,quality,0.0,0.0,0.0,False
13613,Subscription_Boxes,content,0.91,0.91,0.0,False
13614,Subscription_Boxes,content,0.6542,0.8658,0.2116,True
13614,Subscription_Boxes,packaging,0.0,0.0,0.0,False
13615,Subscription_Boxes,quality,0.6249,0.6249,0.0,False
13615,Subscription_Boxes,price,0.4404,0.4404,0.0,False
13616,Subscription_Boxes,content,0.6248,0.6892,0.06440000000000001,True
13617,Subscription_Boxes,content,0.5994,0.5994,0.0,False
13617,Subscription_Boxes,customer_service,0.8271,0.8271,0.0,False
13618,Subscription_Boxes,content,0.0,0.0,0.0,False
13618,Subscription_Boxes,delivery,0.34,0.34,0.0,False
13618,Subscription_Boxes,packaging,0.34,0.34,0.0,False
13619,Subscription_Boxes,content,0.8793,0.9118,0.032500000000000084,True
13620,Subscription_Boxes,billing,0.4767,0.4767,0.0,False
13620,Subscription_Boxes,content,0.17,0.17,0.0,False
13622,Subscription_Boxes,content,0.9032,0.9032,0.0,False
13624,Subscription_Boxes,billing,-0.6817,-0.5277,0.15400000000000003,True
13624,Subscription_Boxes,price,-0.1471,-0.1471,0.0,False
13627,Subscription_Boxes,billing,0.4019,0.4019,0.0,False
13627,Subscription_Boxes,content,0.462,0.4173,-0.04470000000000002,True
13628,Subscription_Boxes,price,0.631,0.2263,-0.4047,True
13630,Subscription_Boxes,quality,0.8655,0.8655,0.0,False
13630,Subscription_Boxes,content,0.8655,0.8655,0.0,False
13633,Subscription_Boxes,price,0.4404,0.4404,0.0,False
13633,Subscription_Boxes,content,0.5194,0.5194,0.0,False
13634,Subscription_Boxes,content,0.0,0.0,0.0,False
13635,Subscription_Boxes,content,0.6579999999999999,0.39546666666666663,-0.2625333333333333,True
13637,Subscription_Boxes,content,0.0,0.0,0.0,False
13640,Subscription_Boxes,price,0.5023,0.3612,-0.14109999999999995,True
13641,Subscription_Boxes,content,0.0,0.0,0.0,False
13650,Subscription_Boxes,content,0.6249,0.6249,0.0,False
13653,Subscription_Boxes,content,0.4404,0.4404,0.0,False
13656,Subscription_Boxes,content,0.6696,0.6696,0.0,False
13660,Subscription_Boxes,billing,-0.25,-0.25,0.0,False
13660,Subscription_Boxes,quality,-0.4939,0.4404,0.9343,True
13660,Subscription_Boxes,delivery,-0.6249,-0.6249,0.0,False
13660,Subscription_Boxes,content,-0.5594,-0.09225,0.46715,True
13662,Subscription_Boxes,content,0.1531,0.1531,0.0,False
13664,Subscription_Boxes,quality,0.6369,0.6369,0.0,False
13666,Subscription_Boxes,billing,-0.25,-0.25,0.0,False
13666,Subscription_Boxes,content,0.0,0.0,0.0,False
13667,Subscription_Boxes,content,0.8623,0.7076,-0.15469999999999995,True
13669,Subscription_Boxes,content,0.6369,0.6369,0.0,False
13670,Subscription_Boxes,price,-0.0256,-0.1695,-0.1439,True
13670,Subscription_Boxes,content,-0.2548,-0.2548,0.0,False
13672,Subscription_Boxes,delivery,0.0,0.0,0.0,False
13673,Subscription_Boxes,delivery,0.8516,0.8516,0.0,False
13673,Subscription_Boxes,content,0.7408,0.7408,0.0,False
13674,Subscription_Boxes,content,0.4404,0.4404,0.0,False
13675,Subscription_Boxes,delivery,0.0885,0.0885,0.0,False
13675,Subscription_Boxes,price,0.6908,0.6908,0.0,False
13676,Subscription_Boxes,content,-0.2654,-0.2654,0.0,False
13677,Subscription_Boxes,delivery,0.2202,0.2202,0.0,False
13677,Subscription_Boxes,content,0.3182,0.3182,0.0,False
13678,Subscription_Boxes,price,0.5707,0.5707,0.0,False
13678,Subscription_Boxes,content,0.0772,0.0772,0.0,False
13681,Subscription_Boxes,price,0.0,0.0,0.0,False
13681,Subscription_Boxes,packaging,0.5994,0.2263,-0.37310000000000004,True
13682,Subscription_Boxes,billing,-0.25,-0.25,0.0,False
13682,Subscription_Boxes,content,0.7964,0.4791,-0.31729999999999997,True
13682,Subscription_Boxes,price,0.0003,-0.1695,-0.1698,True
13683,Subscription_Boxes,content,0.2969333333333333,0.2969333333333333,0.0,False
13685,Subscription_Boxes,quality,0.9257,0.9257,0.0,False
13685,Subscription_Boxes,content,0.9257,0.9257,0.0,False
13687,Subscription_Boxes,content,0.41535,0.41535,0.0,False
13690,Subscription_Boxes,packaging,0.6908,0.6908,0.0,False
13691,Subscription_Boxes,content,0.0,0.0,0.0,False
13691,Subscription_Boxes,delivery,0.37986666666666663,0.15293333333333334,-0.2269333333333333,True
13691,Subscription_Boxes,price,0.1779,0.1779,0.0,False
13692,Subscription_Boxes,content,0.7579,0.7579,0.0,False
13693,Subscription_Boxes,price,-0.296,0.4404,0.7363999999999999,True
13694,Subscription_Boxes,content,0.0,0.0,0.0,False
13694,Subscription_Boxes,price,0.0,0.0,0.0,False
13696,Subscription_Boxes,delivery,0.4215,0.4215,0.0,False
13696,Subscription_Boxes,packaging,0.7178,0.7178,0.0,False
13697,Subscription_Boxes,price,0.5719,0.5719,0.0,False
13703,Subscription_Boxes,billing,0.6557,0.6557,0.0,False
13706,Subscription_Boxes,billing,-0.25,-0.25,0.0,False
13706,Subscription_Boxes,delivery,0.5859,0.5859,0.0,False
13707,Subscription_Boxes,content,0.27399999999999997,0.19593333333333338,-0.07806666666666659,True
13709,Subscription_Boxes,price,0.3548,0.3548,0.0,False
13710,Subscription_Boxes,content,0.7003,0.7003,0.0,False
13711,Subscription_Boxes,content,0.8229333333333333,0.8229333333333333,0.0,False
13712,Subscription_Boxes,price,0.7351,0.7351,0.0,False
13713,Subscription_Boxes,billing,0.4767,0.4767,0.0,False
13713,Subscription_Boxes,price,0.4588,0.4588,0.0,False
13713,Subscription_Boxes,packaging,0.4101,0.4101,0.0,False
13713,Subscription_Boxes,advertising,0.6249,0.6249,0.0,False
13714,Subscription_Boxes,billing,-0.25,-0.25,0.0,False
13714,Subscription_Boxes,content,0.09575,-0.028050000000000005,-0.12380000000000001,True
13716,Subscription_Boxes,quality,-0.357,-0.357,0.0,False
13716,Subscription_Boxes,content,-0.357,-0.357,0.0,False
13721,Subscription_Boxes,billing,-0.5393,-0.5393,0.0,False
13721,Subscription_Boxes,price,-0.1695,-0.1695,0.0,False
13722,Subscription_Boxes,content,0.6249,0.6249,0.0,False
13723,Subscription_Boxes,billing,-0.10115,-0.10115,0.0,False
13723,Subscription_Boxes,content,0.1591,0.1591,0.0,False
13723,Subscription_Boxes,price,0.3182,0.3182,0.0,False
13726,Subscription_Boxes,content,-0.5256,-0.5256,0.0,False
13727,Subscription_Boxes,content,0.0772,0.0772,0.0,False
13728,Subscription_Boxes,price,-0.1695,-0.1695,0.0,False
13729,Subscription_Boxes,quality,-0.6276,-0.6276,0.0,False
13729,Subscription_Boxes,content,0.3811,0.6361,0.255,True
13731,Subscription_Boxes,content,0.4888,0.4888,0.0,False
13731,Subscription_Boxes,price,0.4888,0.4888,0.0,False
13732,Subscription_Boxes,billing,0.4221,-0.0258,-0.44789999999999996,True
13732,Subscription_Boxes,quality,0.5656,0.5656,0.0,False
13732,Subscription_Boxes,price,0.25834999999999997,0.2463,-0.012049999999999977,True
13732,Subscription_Boxes,delivery,0.0,0.0,0.0,False
13732,Subscription_Boxes,content,0.3405333333333333,0.33981666666666666,-0.0007166666666666432,True
13734,Subscription_Boxes,billing,-0.19983333333333334,-0.19983333333333334,0.0,False
13734,Subscription_Boxes,content,-0.1947,-0.1947,0.0,False
13734,Subscription_Boxes,customer_service,0.4404,0.4404,0.0,False
13736,Subscription_Boxes,content,0.6375000000000001,0.6375000000000001,0.0,False
13740,Subscription_Boxes,quality,0.4588,0.4588,0.0,False
13740,Subscription_Boxes,packaging,0.1531,0.1531,0.0,False
13741,Subscription_Boxes,billing,0.6249,0.6249,0.0,False
13741,Subscription_Boxes,content,0.8499,0.5242,-0.3257,True
13744,Subscription_Boxes,content,0.2732,0.2732,0.0,False
13744,Subscription_Boxes,price,0.2732,0.2732,0.0,False
13745,Subscription_Boxes,price,0.4534,0.4534,0.0,False
13745,Subscription_Boxes,content,0.6239,0.6239,0.0,False
13749,Subscription_Boxes,content,0.0,0.0,0.0,False
13750,Subscription_Boxes,price,-0.1695,-0.1695,0.0,False
13751,Subscription_Boxes,delivery,-0.1027,-0.1027,0.0,False
13751,Subscription_Boxes,packaging,-0.1027,-0.1027,0.0,False
13753,Subscription_Boxes,delivery,-0.4767,-0.4767,0.0,False
13754,Subscription_Boxes,content,0.1594,0.1594,0.0,False
13757,Subscription_Boxes,delivery,0.0,0.0,0.0,False
13758,Subscription_Boxes,packaging,0.4795,0.4795,0.0,False
13762,Subscription_Boxes,content,0.8136,0.8136,0.0,False
13769,Subscription_Boxes,price,0.0,0.0,0.0,False
13769,Subscription_Boxes,content,0.6369,0.6369,0.0,False
13775,Subscription_Boxes,content,0.872,0.872,0.0,False
13775,Subscription_Boxes,quality,0.7422,0.7422,0.0,False
13775,Subscription_Boxes,delivery,0.872,0.872,0.0,False
13776,Subscription_Boxes,content,-0.5423,-0.5423,0.0,False
13777,Subscription_Boxes,content,0.6217,0.6217,0.0,False
13777,Subscription_Boxes,price,0.6217,0.6217,0.0,False
13778,Subscription_Boxes,content,0.1779,0.0,-0.1779,True
13785,Subscription_Boxes,content,-0.31405,-0.31405,0.0,False
13786,Subscription_Boxes,content,0.2816,0.11956666666666665,-0.16203333333333336,True
13788,Subscription_Boxes,content,-0.296,-0.296,0.0,False
13789,Subscription_Boxes,content,-0.0593,-0.0593,0.0,False
13789,Subscription_Boxes,customer_service,0.6249,0.6249,0.0,False
13789,Subscription_Boxes,price,-0.08895,-0.08895,0.0,False
13790,Subscription_Boxes,quality,0.0,0.0,0.0,False
13790,Subscription_Boxes,content,0.28535,0.28535,0.0,False
13791,Subscription_Boxes,content,0.0,0.0,0.0,False
13792,Subscription_Boxes,quality,-0.5445,-0.5445,0.0,False
13792,Subscription_Boxes,content,-0.0712,-0.0712,0.0,False
13793,Subscription_Boxes,billing,0.47485,0.47485,0.0,False
13793,Subscription_Boxes,content,0.0,0.0,0.0,False
13795,Subscription_Boxes,content,0.6124,0.6124,0.0,False
13796,Subscription_Boxes,quality,0.0,0.0,0.0,False
13796,Subscription_Boxes,content,0.6597,0.6597,0.0,False
13797,Subscription_Boxes,quality,0.4404,0.4404,0.0,False
13797,Subscription_Boxes,content,0.4215,0.4215,0.0,False
13799,Subscription_Boxes,billing,0.0,0.0,0.0,False
13799,Subscription_Boxes,content,-0.4767,-0.4767,0.0,False
13799,Subscription_Boxes,price,-0.4215,-0.4215,0.0,False
13801,Subscription_Boxes,content,0.064,0.064,0.0,False
13801,Subscription_Boxes,quality,0.3182,0.3182,0.0,False
13801,Subscription_Boxes,delivery,-0.4767,-0.4767,0.0,False
13803,Subscription_Boxes,content,0.024550000000000016,0.024550000000000016,0.0,False
13806,Subscription_Boxes,delivery,0.5777,0.5777,0.0,False
13808,Subscription_Boxes,price,0.1779,0.1779,0.0,False
13808,Subscription_Boxes,content,0.5719,0.5719,0.0,False
13811,Subscription_Boxes,content,0.2975,0.2975,0.0,False
13812,Subscription_Boxes,content,0.23695,0.2883,0.05135000000000001,True
13812,Subscription_Boxes,customer_service,-0.5859,-0.5859,0.0,False
13812,Subscription_Boxes,delivery,0.6597,0.6597,0.0,False
13814,Subscription_Boxes,content,0.3804,0.3804,0.0,False
13815,Subscription_Boxes,price,0.0,0.0,0.0,False
13816,Subscription_Boxes,content,0.37153333333333344,0.22879999999999998,-0.14273333333333346,True
13816,Subscription_Boxes,delivery,-0.04533333333333336,-0.32170000000000004,-0.2763666666666667,True
13816,Subscription_Boxes,price,0.7964,0.7964,0.0,False
13818,Subscription_Boxes,billing,0.30046666666666666,0.28786666666666666,-0.0126,True
13818,Subscription_Boxes,customer_service,0.34,0.34,0.0,False
13818,Subscription_Boxes,quality,0.9028,0.9028,0.0,False
13818,Subscription_Boxes,packaging,0.2202,0.2202,0.0,False
13818,Subscription_Boxes,delivery,0.5975,0.5975,0.0,False
13818,Subscription_Boxes,content,0.35445714285714286,0.35445714285714286,0.0,False
13819,Subscription_Boxes,delivery,0.0,0.0,0.0,False
13819,Subscription_Boxes,packaging,0.0,0.0,0.0,False
13820,Subscription_Boxes,content,0.6033999999999999,0.5917,-0.011699999999999933,True
13821,Subscription_Boxes,content,-0.15445,-0.15445,0.0,False
13821,Subscription_Boxes,delivery,0.0,0.0,0.0,False
13821,Subscription_Boxes,packaging,-0.3089,-0.3089,0.0,False
13822,Subscription_Boxes,content,0.886,0.886,0.0,False
13823,Subscription_Boxes,billing,0.765,0.5574,-0.2076,True
13823,Subscription_Boxes,price,0.765,0.5574,-0.2076,True
13825,Subscription_Boxes,content,0.4404,0.4404,0.0,False
13825,Subscription_Boxes,delivery,0.0,0.0,0.0,False
13825,Subscription_Boxes,price,0.3252,0.3252,0.0,False
13826,Subscription_Boxes,content,0.4939,0.4939,0.0,False
13826,Subscription_Boxes,delivery,0.6369,0.6369,0.0,False
13826,Subscription_Boxes,price,0.0,0.0,0.0,False
13827,Subscription_Boxes,quality,0.0516,0.0516,0.0,False
13827,Subscription_Boxes,content,0.0516,0.0516,0.0,False
13828,Subscription_Boxes,content,0.0,0.0,0.0,False
13829,Subscription_Boxes,quality,-0.0057,-0.0115,-0.0058,True
13831,Subscription_Boxes,customer_service,0.2691,0.2691,0.0,False
13831,Subscription_Boxes,delivery,0.0962,0.0962,0.0,False
13831,Subscription_Boxes,packaging,0.3384,0.3384,0.0,False
13831,Subscription_Boxes,price,0.7845,0.7845,0.0,False
13834,Subscription_Boxes,quality,0.8122,0.8122,0.0,False
13834,Subscription_Boxes,price,0.3182,0.3182,0.0,False
13835,Subscription_Boxes,quality,0.7163,0.7163,0.0,False
13835,Subscription_Boxes,delivery,0.752,0.752,0.0,False
13836,Subscription_Boxes,price,0.34,0.34,0.0,False
13839,Subscription_Boxes,content,0.85,0.6369,-0.21309999999999996,True
13840,Subscription_Boxes,content,-0.15910000000000002,-0.15910000000000002,0.0,False
13841,Subscription_Boxes,content,0.7088,0.7088,0.0,False
13845,Subscription_Boxes,billing,0.0,0.0,0.0,False
13845,Subscription_Boxes,content,0.6124,0.34,-0.27240000000000003,True
13846,Subscription_Boxes,quality,0.5393,0.4404,-0.09889999999999999,True
13846,Subscription_Boxes,content,0.7483500000000001,0.7483500000000001,0.0,False
13847,Subscription_Boxes,quality,-0.8481,0.0,0.8481,True
13847,Subscription_Boxes,delivery,0.3108,0.0,-0.3108,True
13848,Subscription_Boxes,delivery,0.6249,0.6249,0.0,False
13851,Subscription_Boxes,billing,-0.3724,-0.3724,0.0,False
13853,Subscription_Boxes,billing,-0.24555,-0.24555,0.0,False
13854,Subscription_Boxes,delivery,0.6697,0.6697,0.0,False
13855,Subscription_Boxes,content,0.58324,0.58324,0.0,False
13857,Subscription_Boxes,content,0.0,0.0,0.0,False
13859,Subscription_Boxes,content,0.6688,0.6688,0.0,False
13859,Subscription_Boxes,packaging,0.8123,0.8123,0.0,False
13860,Subscription_Boxes,quality,0.4215,0.4215,0.0,False
13862,Subscription_Boxes,content,0.0,0.0,0.0,False
13862,Subscription_Boxes,price,0.2263,0.2263,0.0,False
13863,Subscription_Boxes,content,0.2732,0.2732,0.0,False
13864,Subscription_Boxes,quality,0.7805,0.6901,-0.09039999999999992,True
13864,Subscription_Boxes,content,0.15293333333333334,0.15293333333333334,0.0,False
13866,Subscription_Boxes,delivery,0.3384,0.3384,0.0,False
13867,Subscription_Boxes,content,0.5181,0.5181,0.0,False
13868,Subscription_Boxes,content,-0.28595,-0.28595,0.0,False
13869,Subscription_Boxes,content,0.4215,0.4215,0.0,False
13870,Subscription_Boxes,content,0.0,0.0,0.0,False
13871,Subscription_Boxes,price,0.0,0.0,0.0,False
13871,Subscription_Boxes,content,0.019850000000000007,0.019850000000000007,0.0,False
13872,Subscription_Boxes,content,0.0,0.0,0.0,False
13872,Subscription_Boxes,quality,0.2263,0.2263,0.0,False
13872,Subscription_Boxes,price,0.2579,0.2579,0.0,False
13874,Subscription_Boxes,content,-0.6007,-0.6007,0.0,False
13874,Subscription_Boxes,price,-0.6007,-0.6007,0.0,False
13876,Subscription_Boxes,delivery,0.796,0.796,0.0,False
13878,Subscription_Boxes,price,0.0516,0.0516,0.0,False
13881,Subscription_Boxes,content,0.5849666666666667,0.33476666666666666,-0.2502000000000001,True
13881,Subscription_Boxes,packaging,0.7506,0.0,-0.7506,True
13883,Subscription_Boxes,price,-0.2584,-0.2584,0.0,False
13883,Subscription_Boxes,content,0.3612,0.3612,0.0,False
13884,Subscription_Boxes,content,0.2023,0.2023,0.0,False
13884,Subscription_Boxes,packaging,0.2023,0.2023,0.0,False
13886,Subscription_Boxes,billing,0.7684,-0.0772,-0.8456,True
13887,Subscription_Boxes,delivery,0.4215,0.4215,0.0,False
13888,Subscription_Boxes,billing,-0.25,-0.25,0.0,False
13888,Subscription_Boxes,quality,0.0,0.0,0.0,False
13888,Subscription_Boxes,delivery,0.5719,0.5719,0.0,False
13888,Subscription_Boxes,price,-0.434,-0.434,0.0,False
13888,Subscription_Boxes,content,-0.312,-0.312,0.0,False
13889,Subscription_Boxes,quality,0.8934,0.8934,0.0,False
13890,Subscription_Boxes,billing,-0.25,-0.25,0.0,False
13892,Subscription_Boxes,quality,0.4588,0.4588,0.0,False
13893,Subscription_Boxes,content,-0.2023,-0.2023,0.0,False
13895,Subscription_Boxes,quality,0.5607,0.5607,0.0,False
13895,Subscription_Boxes,content,0.5607,0.5607,0.0,False
13896,Subscription_Boxes,delivery,0.0,0.0,0.0,False
13896,Subscription_Boxes,content,0.2338,0.2338,0.0,False
13897,Subscription_Boxes,content,0.5395666666666666,0.5395666666666666,0.0,False
13901,Subscription_Boxes,quality,0.9628,0.9628,0.0,False
13901,Subscription_Boxes,content,0.9628,0.9628,0.0,False
13902,Subscription_Boxes,content,0.34895,0.34895,0.0,False
13902,Subscription_Boxes,packaging,0.4019,0.4019,0.0,False
13904,Subscription_Boxes,content,-0.09505,-0.1806,-0.08555000000000001,True
13904,Subscription_Boxes,packaging,0.0,0.0,0.0,False
13905,Subscription_Boxes,quality,0.34,0.34,0.0,False
13905,Subscription_Boxes,content,0.47152499999999997,0.47152499999999997,0.0,False
13906,Subscription_Boxes,price,-0.1695,-0.1695,0.0,False
13908,Subscription_Boxes,content,0.3506,0.2997,-0.0509,True
13910,Subscription_Boxes,billing,0.0,0.0,0.0,False
13910,Subscription_Boxes,price,0.3036,0.3036,0.0,False
13912,Subscription_Boxes,content,-0.12055,-0.12055,0.0,False
13912,Subscription_Boxes,price,0.5574,0.5574,0.0,False
13914,Subscription_Boxes,content,0.5994,0.5994,0.0,False
13915,Subscription_Boxes,content,0.855,0.855,0.0,False
13916,Subscription_Boxes,billing,0.8993,0.26705,-0.63225,True
13916,Subscription_Boxes,content,0.802,0.802,0.0,False
13917,Subscription_Boxes,delivery,0.5719,0.5719,0.0,False
13917,Subscription_Boxes,packaging,0.4939,0.4939,0.0,False
13918,Subscription_Boxes,content,0.5423,0.38865000000000005,-0.15364999999999995,True
13920,Subscription_Boxes,price,0.2463,0.2463,0.0,False
13920,Subscription_Boxes,content,0.21075,0.21075,0.0,False
13921,Subscription_Boxes,content,0.8999,0.8999,0.0,False
13921,Subscription_Boxes,delivery,0.807,0.807,0.0,False
13921,Subscription_Boxes,price,0.8999,0.8999,0.0,False
13922,Subscription_Boxes,content,0.60985,0.21075,-0.3991,True
13925,Subscription_Boxes,price,0.5323,0.1506,-0.3817,True
13925,Subscription_Boxes,content,-0.296,-0.296,0.0,False
13926,Subscription_Boxes,delivery,0.4588,0.4588,0.0,False
13926,Subscription_Boxes,price,0.5983,0.5983,0.0,False
13928,Subscription_Boxes,content,0.6478,0.6478,0.0,False
13933,Subscription_Boxes,billing,-0.5106,-0.5106,0.0,False
13933,Subscription_Boxes,content,0.0,0.0,0.0,False
13933,Subscription_Boxes,packaging,0.0,0.0,0.0,False
13934,Subscription_Boxes,content,0.8519,0.8519,0.0,False
13936,Subscription_Boxes,quality,0.8268,0.8268,0.0,False
13936,Subscription_Boxes,customer_service,0.7178,0.7178,0.0,False
13937,Subscription_Boxes,billing,-0.25,-0.25,0.0,False
13937,Subscription_Boxes,content,-0.25,-0.25,0.0,False
13939,Subscription_Boxes,delivery,0.5994,0.5994,0.0,False
13939,Subscription_Boxes,packaging,0.2732,0.2732,0.0,False
13942,Subscription_Boxes,content,0.0,0.0,0.0,False
13944,Subscription_Boxes,quality,-0.2453,-0.0879,0.15739999999999998,True
13951,Subscription_Boxes,content,0.6124,0.6124,0.0,False
13951,Subscription_Boxes,price,0.7612000000000001,0.7612000000000001,0.0,False
13952,Subscription_Boxes,quality,0.8481,0.8481,0.0,False
13952,Subscription_Boxes,content,0.8481,0.8481,0.0,False
13953,Subscription_Boxes,content,0.0,0.0,0.0,False
13953,Subscription_Boxes,customer_service,0.0,0.0,0.0,False
13954,Subscription_Boxes,delivery,-0.3182,-0.3182,0.0,False
13955,Subscription_Boxes,content,0.0,0.0,0.0,False
13955,Subscription_Boxes,price,-0.1695,-0.1695,0.0,False
13958,Subscription_Boxes,content,0.5326500000000001,0.5326500000000001,0.0,False
13959,Subscription_Boxes,billing,-0.7906,-0.7269,0.06369999999999998,True
13959,Subscription_Boxes,content,0.01021666666666667,0.14763333333333334,0.13741666666666666,True
13959,Subscription_Boxes,price,-0.7906,-0.7269,0.06369999999999998,True
13960,Subscription_Boxes,billing,0.0772,0.0772,0.0,False
13962,Subscription_Boxes,content,0.0,0.0,0.0,False
13963,Subscription_Boxes,billing,0.0,0.0,0.0,False
13963,Subscription_Boxes,quality,-0.7774,-0.7774,0.0,False
13963,Subscription_Boxes,price,0.3818,0.3818,0.0,False
13964,Subscription_Boxes,content,0.6249,0.6249,0.0,False
13967,Subscription_Boxes,content,0.6705,0.4019,-0.2686,True
13968,Subscription_Boxes,content,0.6486,0.6486,0.0,False
13968,Subscription_Boxes,price,0.4492,-0.0788,-0.528,True
13969,Subscription_Boxes,content,0.38865000000000005,0.38865000000000005,0.0,False
13972,Subscription_Boxes,price,0.0,0.0,0.0,False
13972,Subscription_Boxes,content,0.3182,0.3182,0.0,False
13974,Subscription_Boxes,content,0.6478,0.6478,0.0,False
13974,Subscription_Boxes,delivery,-0.128,-0.128,0.0,False
13974,Subscription_Boxes,price,0.0,0.0,0.0,False
13975,Subscription_Boxes,content,0.9228,0.8218,-0.10099999999999998,True
13976,Subscription_Boxes,content,0.6908,0.6908,0.0,False
13977,Subscription_Boxes,content,0.6759,0.6759,0.0,False
13978,Subscription_Boxes,content,0.7906,0.7906,0.0,False
13978,Subscription_Boxes,price,-0.15429999999999996,-0.07694999999999999,0.07734999999999997,True
13980,Subscription_Boxes,quality,0.7959,0.7959,0.0,False
13981,Subscription_Boxes,price,-0.1403,-0.1695,-0.029200000000000004,True
13981,Subscription_Boxes,content,0.05149999999999999,0.05149999999999999,0.0,False
13982,Subscription_Boxes,content,0.2732,0.2732,0.0,False
13983,Subscription_Boxes,billing,0.6908,-0.25,-0.9408,True
13983,Subscription_Boxes,customer_service,0.4404,0.4404,0.0,False
13983,Subscription_Boxes,delivery,0.0,0.0,0.0,False
13983,Subscription_Boxes,content,0.4637666666666667,0.4637666666666667,0.0,False
13985,Subscription_Boxes,content,-0.2745666666666667,-0.2745666666666667,0.0,False
13987,Subscription_Boxes,content,0.7924,0.6326,-0.15979999999999994,True
13988,Subscription_Boxes,billing,-0.25,-0.25,0.0,False
13989,Subscription_Boxes,billing,-0.4019,-0.4019,0.0,False
13991,Subscription_Boxes,quality,0.4215,0.4215,0.0,False
13991,Subscription_Boxes,content,0.4215,0.4215,0.0,False
13992,Subscription_Boxes,content,0.5994,0.5994,0.0,False
13994,Subscription_Boxes,content,0.807,0.807,0.0,False
13996,Subscription_Boxes,content,0.6705,0.6705,0.0,False
13998,Subscription_Boxes,content,0.31845,0.31845,0.0,False
14002,Subscription_Boxes,quality,0.5859,0.5859,0.0,False
14002,Subscription_Boxes,content,0.5859,0.5859,0.0,False
14003,Subscription_Boxes,content,0.4019,0.4019,0.0,False
14004,Subscription_Boxes,price,0.3239,-0.05135,-0.37525000000000003,True
14004,Subscription_Boxes,packaging,0.0,0.0,0.0,False
14006,Subscription_Boxes,content,0.3724,0.3724,0.0,False
14008,Subscription_Boxes,content,0.0,0.0,0.0,False
14008,Subscription_Boxes,price,0.5093,0.5093,0.0,False
14009,Subscription_Boxes,quality,0.0,0.0,0.0,False
14009,Subscription_Boxes,price,0.0,0.0,0.0,False
14010,Subscription_Boxes,quality,0.0,0.0,0.0,False
14010,Subscription_Boxes,content,0.18835,0.2377,0.049350000000000005,True
14014,Subscription_Boxes,content,0.4997,0.4997,0.0,False
14014,Subscription_Boxes,packaging,0.0,0.0,0.0,False
14014,Subscription_Boxes,price,0.0,0.0,0.0,False
14017,Subscription_Boxes,content,0.4404,0.4404,0.0,False
14018,Subscription_Boxes,content,0.45655,0.45655,0.0,False
14021,Subscription_Boxes,price,0.4588,0.4588,0.0,False
14021,Subscription_Boxes,quality,0.25,0.25,0.0,False
14021,Subscription_Boxes,packaging,0.25,0.25,0.0,False
14023,Subscription_Boxes,content,0.6588,0.6588,0.0,False
14025,Subscription_Boxes,content,-0.020933333333333335,-0.05387499999999999,-0.03294166666666666,True
14026,Subscription_Boxes,quality,0.8885,0.8885,0.0,False
14026,Subscription_Boxes,content,0.6801999999999999,0.6801999999999999,0.0,False
14029,Subscription_Boxes,content,0.0,0.0,0.0,False
14030,Subscription_Boxes,content,-0.3411666666666666,-0.279625,0.061541666666666606,True
14030,Subscription_Boxes,packaging,-0.4215,-0.4215,0.0,False
14031,Subscription_Boxes,content,0.0,0.0,0.0,False
14032,Subscription_Boxes,content,0.5574,0.5574,0.0,False
14034,Subscription_Boxes,billing,-0.5859,-0.5859,0.0,False
14034,Subscription_Boxes,quality,-0.3412,-0.3412,0.0,False
14034,Subscription_Boxes,price,-0.5859,-0.5859,0.0,False
14034,Subscription_Boxes,content,-0.3412,-0.3412,0.0,False
14036,Subscription_Boxes,quality,0.0,0.0,0.0,False
14037,Subscription_Boxes,price,0.5574,0.5574,0.0,False
14039,Subscription_Boxes,content,0.36755,0.36755,0.0,False
14040,Subscription_Boxes,billing,-0.25,-0.25,0.0,False
14040,Subscription_Boxes,content,0.1806,0.1806,0.0,False
14040,Subscription_Boxes,price,0.0516,0.0516,0.0,False
14041,Subscription_Boxes,content,0.4019,0.4019,0.0,False
14042,Subscription_Boxes,delivery,0.0,0.0,0.0,False
14042,Subscription_Boxes,packaging,0.6369,0.6369,0.0,False
14043,Subscription_Boxes,content,0.6777,0.6777,0.0,False
14044,Subscription_Boxes,price,0.34,0.34,0.0,False
14045,Subscription_Boxes,customer_service,0.886,0.886,0.0,False
14046,Subscription_Boxes,content,0.0,0.0,0.0,False
14049,Subscription_Boxes,content,0.4404,0.4404,0.0,False
14049,Subscription_Boxes,price,0.4404,0.4404,0.0,False
14052,Subscription_Boxes,quality,0.6249,0.6249,0.0,False
14053,Subscription_Boxes,content,0.3612,0.3612,0.0,False
14054,Subscription_Boxes,quality,0.2382,0.4404,0.20220000000000002,True
14055,Subscription_Boxes,price,-0.1741,-0.1741,0.0,False
14056,Subscription_Boxes,content,0.5859,0.5859,0.0,False
14056,Subscription_Boxes,packaging,0.0,0.0,0.0,False
14058,Subscription_Boxes,billing,-0.25,-0.25,0.0,False
14058,Subscription_Boxes,content,0.72035,0.72035,0.0,False
14058,Subscription_Boxes,delivery,-0.20095,-0.20095,0.0,False
14059,Subscription_Boxes,quality,0.9528,0.9022,-0.05059999999999998,True
14059,Subscription_Boxes,content,0.1014,0.08453333333333335,-0.016866666666666655,True
14060,Subscription_Boxes,billing,-0.3612,-0.25,0.11120000000000002,True
14060,Subscription_Boxes,content,0.43004,0.35335999999999995,-0.07668000000000003,True
14061,Subscription_Boxes,delivery,0.7707,0.7707,0.0,False
14061,Subscription_Boxes,content,0.7964,0.7964,0.0,False
14062,Subscription_Boxes,content,-0.07779999999999998,0.03225,0.11004999999999998,True
14065,Subscription_Boxes,content,-0.13775,-0.13775,0.0,False
14067,Subscription_Boxes,price,-0.4404,-0.4404,0.0,False
14068,Subscription_Boxes,content,0.31245,0.31245,0.0,False
14069,Subscription_Boxes,billing,-0.37265,-0.37265,0.0,False
14069,Subscription_Boxes,content,0.0,0.0,0.0,False
14070,Subscription_Boxes,billing,0.0,0.0,0.0,False
14070,Subscription_Boxes,content,0.2584,0.2584,0.0,False
14071,Subscription_Boxes,content,0.9496,0.9496,0.0,False
14072,Subscription_Boxes,content,0.0,0.0,0.0,False
14072,Subscription_Boxes,packaging,0.5859,0.5859,0.0,False
14072,Subscription_Boxes,price,0.3632,0.3632,0.0,False
14073,Subscription_Boxes,content,0.0,0.0,0.0,False
14074,Subscription_Boxes,billing,0.0,0.0,0.0,False
14076,Subscription_Boxes,content,0.7184,0.7184,0.0,False
14077,Subscription_Boxes,content,0.0,0.0,0.0,False
14078,Subscription_Boxes,billing,-0.25,-0.25,0.0,False
14078,Subscription_Boxes,delivery,0.0,0.0,0.0,False
14079,Subscription_Boxes,packaging,0.2732,0.2732,0.0,False
14079,Subscription_Boxes,delivery,0.2732,0.2732,0.0,False
14079,Subscription_Boxes,price,0.4588,0.4588,0.0,False
14082,Subscription_Boxes,content,0.6369,0.6369,0.0,False
14084,Subscription_Boxes,billing,-0.4964,-0.4964,0.0,False
14086,Subscription_Boxes,delivery,0.3117,-0.06510000000000002,-0.3768,True
14088,Subscription_Boxes,price,-0.4215,-0.4215,0.0,False
14088,Subscription_Boxes,content,-0.12279999999999998,-0.12279999999999998,0.0,False
14091,Subscription_Boxes,quality,0.6369,0.6369,0.0,False
14092,Subscription_Boxes,packaging,0.0,0.0,0.0,False
14093,Subscription_Boxes,delivery,0.30533333333333335,0.30533333333333335,0.0,False
14093,Subscription_Boxes,content,0.0,0.0,0.0,False
14096,Subscription_Boxes,billing,-0.0516,-0.0516,0.0,False
14096,Subscription_Boxes,content,0.0,0.0,0.0,False
14096,Subscription_Boxes,price,-0.0516,-0.0516,0.0,False
14097,Subscription_Boxes,content,0.66465,0.2987,-0.36594999999999994,True
14098,Subscription_Boxes,quality,0.6297,0.4754,-0.15430000000000005,True
14098,Subscription_Boxes,content,0.66295,0.5858,-0.07715000000000005,True
14099,Subscription_Boxes,delivery,0.4637,0.4637,0.0,False
14101,Subscription_Boxes,price,0.8172,0.8172,0.0,False
14102,Subscription_Boxes,price,0.6801,0.6801,0.0,False
14103,Subscription_Boxes,content,-0.4404,-0.4404,0.0,False
14104,Subscription_Boxes,billing,0.0,0.0,0.0,False
14105,Subscription_Boxes,content,0.636,0.636,0.0,False
14107,Subscription_Boxes,content,0.0,0.0,0.0,False
14107,Subscription_Boxes,packaging,0.0,0.0,0.0,False
14108,Subscription_Boxes,content,0.6174999999999999,0.42755,-0.18994999999999995,True
14109,Subscription_Boxes,billing,0.0,0.0,0.0,False
14109,Subscription_Boxes,price,0.2202,0.2202,0.0,False
14112,Subscription_Boxes,price,-0.4215,-0.4215,0.0,False
14113,Subscription_Boxes,content,-0.1366,-0.1366,0.0,False
14113,Subscription_Boxes,packaging,0.0,0.0,0.0,False
14113,Subscription_Boxes,price,-0.1695,-0.1695,0.0,False
14114,Subscription_Boxes,billing,0.0,0.0,0.0,False
14114,Subscription_Boxes,content,0.061533333333333294,0.07436666666666665,0.012833333333333356,True
14115,Subscription_Boxes,content,0.6884,0.6807666666666666,-0.007633333333333381,True
14115,Subscription_Boxes,quality,0.8555,0.8555,0.0,False
14115,Subscription_Boxes,packaging,0.8225,0.8225,0.0,False
14117,Subscription_Boxes,content,0.3612,0.3612,0.0,False
14118,Subscription_Boxes,content,0.6697,0.6697,0.0,False
14121,Subscription_Boxes,price,0.6369,0.6369,0.0,False
14121,Subscription_Boxes,packaging,0.8366,0.8366,0.0,False
14124,Subscription_Boxes,content,0.0,0.0,0.0,False
14126,Subscription_Boxes,billing,-0.4767,-0.4767,0.0,False
14126,Subscription_Boxes,price,-0.1847,-0.1695,0.015199999999999991,True
14127,Subscription_Boxes,content,0.5994,0.5994,0.0,False
14128,Subscription_Boxes,content,0.63755,0.63755,0.0,False
14128,Subscription_Boxes,quality,0.4795,0.4795,0.0,False
14128,Subscription_Boxes,packaging,0.5179,0.5179,0.0,False
14129,Subscription_Boxes,content,0.6908,0.6908,0.0,False
14130,Subscription_Boxes,delivery,-0.631,-0.4767,0.1543,True
14130,Subscription_Boxes,price,0.0,0.0,0.0,False
14135,Subscription_Boxes,quality,0.61025,0.08245,-0.5277999999999999,True
14135,Subscription_Boxes,content,0.7801,-0.2755,-1.0556,True
14136,Subscription_Boxes,billing,-0.25,-0.25,0.0,False
14136,Subscription_Boxes,content,0.7363,0.4037,-0.33259999999999995,True
14136,Subscription_Boxes,delivery,0.5132,0.43590000000000007,-0.07729999999999992,True
14137,Subscription_Boxes,content,0.34,0.34,0.0,False
14138,Subscription_Boxes,quality,0.4019,0.4019,0.0,False
14138,Subscription_Boxes,content,-0.11750000000000002,-0.11750000000000002,0.0,False
14139,Subscription_Boxes,billing,0.3612,0.3612,0.0,False
14139,Subscription_Boxes,content,0.7158,0.7158,0.0,False
14139,Subscription_Boxes,quality,0.0,0.0,0.0,False
14140,Subscription_Boxes,content,0.5972,0.5972,0.0,False
14142,Subscription_Boxes,price,0.4939,0.4939,0.0,False
14144,Subscription_Boxes,billing,0.0,0.0,0.0,False
14144,Subscription_Boxes,content,0.0,0.0,0.0,False
14144,Subscription_Boxes,delivery,-0.125,-0.125,0.0,False
14146,Subscription_Boxes,content,0.6249,0.6249,0.0,False
14147,Subscription_Boxes,delivery,0.615,0.615,0.0,False
14149,Subscription_Boxes,content,0.1806,0.1806,0.0,False
14153,Subscription_Boxes,content,0.5719,0.5719,0.0,False
14153,Subscription_Boxes,packaging,0.4795,0.4795,0.0,False
14154,Subscription_Boxes,billing,-0.25,-0.25,0.0,False
14154,Subscription_Boxes,delivery,-0.125,-0.125,0.0,False
14154,Subscription_Boxes,price,0.0,0.0,0.0,False
14154,Subscription_Boxes,packaging,0.0,0.0,0.0,False
14154,Subscription_Boxes,content,0.33232500000000004,0.34597500000000003,0.013649999999999995,True
14155,Subscription_Boxes,content,-0.03620000000000001,-0.03620000000000001,0.0,False
14156,Subscription_Boxes,price,0.784,0.784,0.0,False
14156,Subscription_Boxes,content,0.26133333333333336,0.26133333333333336,0.0,False
14158,Subscription_Boxes,content,-0.357,-0.357,0.0,False
14158,Subscription_Boxes,packaging,-0.357,-0.357,0.0,False
14163,Subscription_Boxes,content,-0.3231,-0.3231,0.0,False
14164,Subscription_Boxes,delivery,0.6808,0.6808,0.0,False
14166,Subscription_Boxes,content,-0.6731,-0.6731,0.0,False
14167,Subscription_Boxes,content,0.1064,0.1064,0.0,False
14168,Subscription_Boxes,content,-0.4767,-0.4767,0.0,False
14170,Subscription_Boxes,content,0.4588,0.4588,0.0,False
14171,Subscription_Boxes,quality,0.2732,0.2732,0.0,False
14171,Subscription_Boxes,content,0.1366,0.1366,0.0,False
14172,Subscription_Boxes,billing,0.0,0.0,0.0,False
14172,Subscription_Boxes,content,0.06946666666666663,0.12521666666666664,0.05575000000000001,True
14172,Subscription_Boxes,packaging,-0.1857,0.0,0.1857,True
14173,Subscription_Boxes,content,-0.5096,-0.5096,0.0,False
14174,Subscription_Boxes,content,0.0,0.0,0.0,False
14177,Subscription_Boxes,billing,-0.25,-0.25,0.0,False
14178,Subscription_Boxes,quality,0.5563,0.5563,0.0,False
14178,Subscription_Boxes,content,0.5563,0.5563,0.0,False
14179,Subscription_Boxes,content,0.8402,0.8402,0.0,False
14180,Subscription_Boxes,price,-0.4215,-0.4215,0.0,False
14182,Subscription_Boxes,content,0.7269,0.4588,-0.2681,True
14184,Subscription_Boxes,price,0.3612,0.3612,0.0,False
14185,Subscription_Boxes,price,-0.6115,-0.6115,0.0,False
14189,Subscription_Boxes,content,0.4754,0.4754,0.0,False
14192,Subscription_Boxes,content,0.5994,0.5994,0.0,False
14193,Subscription_Boxes,content,0.777,0.777,0.0,False
14194,Subscription_Boxes,content,-0.148,-0.148,0.0,False
14194,Subscription_Boxes,price,-0.1695,-0.1695,0.0,False
14196,Subscription_Boxes,price,-0.4524,-0.4524,0.0,False
14199,Subscription_Boxes,content,0.0,0.0,0.0,False
14199,Subscription_Boxes,quality,0.8807,0.8807,0.0,False
14199,Subscription_Boxes,delivery,0.4404,0.4404,0.0,False
14200,Subscription_Boxes,delivery,0.8553,0.8553,0.0,False
14200,Subscription_Boxes,content,0.7762333333333333,0.7762333333333333,0.0,False
14201,Subscription_Boxes,billing,0.3597,0.3597,0.0,False
14204,Subscription_Boxes,delivery,0.0,0.0,0.0,False
14205,Subscription_Boxes,billing,-0.5965,-0.5965,0.0,False
14205,Subscription_Boxes,content,0.4019,0.4019,0.0,False
14206,Subscription_Boxes,content,0.95,0.4019,-0.5481,True
14207,Subscription_Boxes,content,-0.3182,-0.3182,0.0,False
14209,Subscription_Boxes,content,0.8126,0.8126,0.0,False
14210,Subscription_Boxes,content,0.1779,0.1779,0.0,False
14210,Subscription_Boxes,price,0.1779,0.1779,0.0,False
14214,Subscription_Boxes,price,0.3508,-0.1695,-0.5203,True
14214,Subscription_Boxes,content,0.0,0.0,0.0,False
14215,Subscription_Boxes,price,-0.2498,-0.1695,0.08029999999999998,True
14216,Subscription_Boxes,quality,0.21075,0.21075,0.0,False
14220,Subscription_Boxes,billing,0.4574,0.4574,0.0,False
14220,Subscription_Boxes,content,0.6028333333333333,0.6028333333333333,0.0,False
14220,Subscription_Boxes,price,0.7712,0.7712,0.0,False
14221,Subscription_Boxes,billing,-0.5277,-0.5277,0.0,False
14221,Subscription_Boxes,delivery,0.0,0.0,0.0,False
14222,Subscription_Boxes,quality,0.5209,0.5209,0.0,False
14222,Subscription_Boxes,content,0.5209,0.5209,0.0,False
14223,Subscription_Boxes,content,0.6369,0.6369,0.0,False
14225,Subscription_Boxes,billing,-0.25,-0.25,0.0,False
14225,Subscription_Boxes,quality,-0.3802,-0.3802,0.0,False
14225,Subscription_Boxes,delivery,-0.25,-0.25,0.0,False
14225,Subscription_Boxes,price,0.2063,0.27235,0.06604999999999997,True
14225,Subscription_Boxes,advertising,0.3182,0.3182,0.0,False
14225,Subscription_Boxes,content,0.28963333333333335,0.23026666666666665,-0.059366666666666706,True
14227,Subscription_Boxes,content,0.784,0.784,0.0,False
14228,Subscription_Boxes,delivery,0.4574,0.4574,0.0,False
14229,Subscription_Boxes,quality,0.6249,0.6249,0.0,False
14230,Subscription_Boxes,content,0.0,0.0,0.0,False
14233,Subscription_Boxes,billing,-0.4871,-0.4871,0.0,False
14233,Subscription_Boxes,content,0.1164,0.1164,0.0,False
14233,Subscription_Boxes,price,-0.09344999999999998,-0.09344999999999998,0.0,False
14234,Subscription_Boxes,content,0.3818,0.0,-0.3818,True
14236,Subscription_Boxes,billing,-0.25,-0.25,0.0,False
14236,Subscription_Boxes,delivery,-0.125,-0.125,0.0,False
14236,Subscription_Boxes,packaging,0.0258,0.0258,0.0,False
14237,Subscription_Boxes,content,0.6249,0.6249,0.0,False
14238,Subscription_Boxes,price,-0.1695,-0.1695,0.0,False
14239,Subscription_Boxes,delivery,0.4215,0.4215,0.0,False
14241,Subscription_Boxes,content,0.775,0.2023,-0.5727,True
14241,Subscription_Boxes,price,0.775,0.40085000000000004,-0.37415,True
14242,Subscription_Boxes,packaging,0.802,0.802,0.0,False
14243,Subscription_Boxes,quality,0.93,0.93,0.0,False
14243,Subscription_Boxes,content,0.93,0.93,0.0,False
14246,Subscription_Boxes,content,0.7845,0.7845,0.0,False
14247,Subscription_Boxes,price,0.4939,0.4939,0.0,False
14248,Subscription_Boxes,quality,0.0,0.0,0.0,False
14248,Subscription_Boxes,price,0.0,0.0,0.0,False
14249,Subscription_Boxes,content,0.5719,0.5719,0.0,False
14250,Subscription_Boxes,content,0.8124,-0.6494,-1.4618,True
14250,Subscription_Boxes,customer_service,0.8124,0.7717,-0.04069999999999996,True
14250,Subscription_Boxes,delivery,0.8124,-0.6494,-1.4618,True
14251,Subscription_Boxes,price,0.8225,0.8225,0.0,False
14252,Subscription_Boxes,content,0.658,0.658,0.0,False
14252,Subscription_Boxes,delivery,0.7644,0.7644,0.0,False
14252,Subscription_Boxes,packaging,0.0,0.0,0.0,False
14253,Subscription_Boxes,delivery,0.0,0.0,0.0,False
14253,Subscription_Boxes,content,0.0,0.0,0.0,False
14254,Subscription_Boxes,delivery,0.0,0.0,0.0,False
14255,Subscription_Boxes,content,0.0,0.0,0.0,False
14256,Subscription_Boxes,delivery,0.4404,0.4404,0.0,False
14256,Subscription_Boxes,price,0.0,0.0,0.0,False
14256,Subscription_Boxes,packaging,0.2732,0.2732,0.0,False
14256,Subscription_Boxes,content,0.3591,0.3591,0.0,False
14257,Subscription_Boxes,content,0.34,0.34,0.0,False
14257,Subscription_Boxes,price,0.3612,0.3612,0.0,False
14259,Subscription_Boxes,delivery,0.3612,0.3612,0.0,False
14259,Subscription_Boxes,packaging,0.3612,0.3612,0.0,False
14260,Subscription_Boxes,price,0.34,0.34,0.0,False
14260,Subscription_Boxes,content,0.17120000000000002,0.09070000000000002,-0.0805,True
14261,Subscription_Boxes,delivery,0.34,0.34,0.0,False
14261,Subscription_Boxes,packaging,0.34,0.34,0.0,False
14262,Subscription_Boxes,quality,0.8553,0.8553,0.0,False
14263,Subscription_Boxes,content,0.5994,0.5994,0.0,False
14264,Subscription_Boxes,content,0.0,0.0,0.0,False
14265,Subscription_Boxes,content,0.5994,0.5994,0.0,False
14265,Subscription_Boxes,price,0.1406,0.0,-0.1406,True
14266,Subscription_Boxes,content,0.7906,0.7906,0.0,False
14267,Subscription_Boxes,delivery,0.0,0.0,0.0,False
14268,Subscription_Boxes,billing,0.011999999999999997,0.10959999999999999,0.09759999999999999,True
14270,Subscription_Boxes,price,0.2263,0.0,-0.2263,True
14273,Subscription_Boxes,price,0.3274,-0.296,-0.6234,True
14274,Subscription_Boxes,billing,-0.4215,-0.4215,0.0,False
14274,Subscription_Boxes,content,0.0,0.0,0.0,False
14275,Subscription_Boxes,packaging,0.4215,0.4215,0.0,False
14276,Subscription_Boxes,billing,-0.25,-0.25,0.0,False
14276,Subscription_Boxes,delivery,-0.4466,-0.4466,0.0,False
14276,Subscription_Boxes,price,-0.12215,-0.12215,0.0,False
14276,Subscription_Boxes,content,-0.25,-0.25,0.0,False
14278,Subscription_Boxes,billing,-0.25,-0.25,0.0,False
14279,Subscription_Boxes,delivery,0.5093,0.5093,0.0,False
14280,Subscription_Boxes,price,0.2579,0.2579,0.0,False
14281,Subscription_Boxes,billing,0.2944,0.2944,0.0,False
14283,Subscription_Boxes,content,0.8316,0.8316,0.0,False
14285,Subscription_Boxes,content,0.4003,0.4003,0.0,False
14287,Subscription_Boxes,billing,0.1779,0.1779,0.0,False
14288,Subscription_Boxes,content,0.4939,0.4939,0.0,False
14290,Subscription_Boxes,delivery,0.7351,0.7351,0.0,False
14291,Subscription_Boxes,billing,-0.25,-0.25,0.0,False
14291,Subscription_Boxes,delivery,0.0,0.0,0.0,False
14291,Subscription_Boxes,price,-0.8315,-0.2758,0.5557000000000001,True
14291,Subscription_Boxes,content,-0.8315,-0.2758,0.5557000000000001,True
14292,Subscription_Boxes,quality,0.0,0.0,0.0,False
14292,Subscription_Boxes,price,0.0,0.0,0.0,False
14294,Subscription_Boxes,content,-0.3412,-0.3412,0.0,False
14295,Subscription_Boxes,content,-0.6989,-0.6989,0.0,False
14296,Subscription_Boxes,content,0.765,0.765,0.0,False
14297,Subscription_Boxes,content,0.4035,0.4035,0.0,False
14299,Subscription_Boxes,content,0.1655,0.0,-0.1655,True
14300,Subscription_Boxes,content,0.5312833333333334,0.5312833333333334,0.0,False
14300,Subscription_Boxes,quality,0.6626000000000001,0.6626000000000001,0.0,False
14300,Subscription_Boxes,price,0.0,0.0,0.0,False
14301,Subscription_Boxes,content,0.08024,0.036759999999999994,-0.04348000000000001,True
14301,Subscription_Boxes,quality,-0.4939,-0.4939,0.0,False
14301,Subscription_Boxes,price,-0.5264500000000001,-0.5264500000000001,0.0,False
14305,Subscription_Boxes,content,0.22223333333333337,0.22223333333333337,0.0,False
14305,Subscription_Boxes,quality,0.4404,0.4404,0.0,False
14305,Subscription_Boxes,price,0.43035,0.43035,0.0,False
14307,Subscription_Boxes,quality,0.1272,0.4927,0.36550000000000005,True
14307,Subscription_Boxes,packaging,0.0,0.0,0.0,False
14308,Subscription_Boxes,content,0.12713333333333335,0.12713333333333335,0.0,False
14308,Subscription_Boxes,price,-0.4658,-0.4658,0.0,False
14309,Subscription_Boxes,quality,0.6124,0.6124,0.0,False
14309,Subscription_Boxes,delivery,0.0772,0.0772,0.0,False
14310,Subscription_Boxes,content,0.0,0.0,0.0,False
14311,Subscription_Boxes,content,0.0,0.0,0.0,False
14314,Subscription_Boxes,content,0.6369,0.6369,0.0,False
14314,Subscription_Boxes,packaging,0.891,0.891,0.0,False
14314,Subscription_Boxes,price,0.6369,0.6369,0.0,False
14318,Subscription_Boxes,price,0.8553,0.8553,0.0,False
14319,Subscription_Boxes,quality,0.7902,0.7902,0.0,False
14323,Subscription_Boxes,price,-0.4215,-0.4215,0.0,False
14324,Subscription_Boxes,quality,0.21880000000000002,0.21880000000000002,0.0,False
14324,Subscription_Boxes,content,0.20237500000000003,0.20237500000000003,0.0,False
14325,Subscription_Boxes,price,0.7003,0.7003,0.0,False
14326,Subscription_Boxes,content,0.0,0.0,0.0,False
14326,Subscription_Boxes,delivery,0.4245,0.4245,0.0,False
14326,Subscription_Boxes,packaging,0.3384,0.3384,0.0,False
14327,Subscription_Boxes,delivery,0.4041,0.2288,-0.1753,True
14327,Subscription_Boxes,content,0.7841,0.7841,0.0,False
14329,Subscription_Boxes,price,0.0516,0.0516,0.0,False
14330,Subscription_Boxes,content,0.5216333333333333,0.045899999999999976,-0.4757333333333333,True
14331,Subscription_Boxes,content,-0.02689999999999998,-0.02689999999999998,0.0,False
14332,Subscription_Boxes,content,0.7184,0.4215,-0.29690000000000005,True
14334,Subscription_Boxes,content,0.3612,0.3612,0.0,False
14334,Subscription_Boxes,packaging,0.5562,0.5562,0.0,False
14335,Subscription_Boxes,content,0.1124,0.1124,0.0,False
14337,Subscription_Boxes,content,-0.7501,-0.7501,0.0,False
14338,Subscription_Boxes,content,0.4404,0.4404,0.0,False
14338,Subscription_Boxes,quality,0.03975000000000001,0.03975000000000001,0.0,False
14338,Subscription_Boxes,price,0.6369,0.6369,0.0,False
14339,Subscription_Boxes,content,0.13940000000000002,-0.030149999999999982,-0.16955,True
14341,Subscription_Boxes,content,0.0129,0.0129,0.0,False
14342,Subscription_Boxes,delivery,-0.5945,-0.5945,0.0,False
14345,Subscription_Boxes,content,0.8867,0.8867,0.0,False
14345,Subscription_Boxes,quality,0.8867,0.8867,0.0,False
14345,Subscription_Boxes,price,0.8867,0.8867,0.0,False
14346,Subscription_Boxes,content,-0.5719,-0.5719,0.0,False
14346,Subscription_Boxes,customer_service,-0.4404,-0.4404,0.0,False
14347,Subscription_Boxes,price,0.2263,0.2263,0.0,False
14347,Subscription_Boxes,packaging,-0.4003,-0.4003,0.0,False
14350,Subscription_Boxes,billing,-0.25,-0.25,0.0,False
14354,Subscription_Boxes,billing,-0.5927,-0.5267,0.06600000000000006,True
14356,Subscription_Boxes,billing,-0.25,-0.25,0.0,False
14357,Subscription_Boxes,content,0.8313,0.8313,0.0,False
14357,Subscription_Boxes,packaging,0.8313,0.8313,0.0,False
14358,Subscription_Boxes,content,0.5106,0.5106,0.0,False
14359,Subscription_Boxes,content,0.8126,0.8126,0.0,False
14360,Subscription_Boxes,advertising,-0.4939,-0.4939,0.0,False
14360,Subscription_Boxes,content,0.16242499999999999,0.16242499999999999,0.0,False
14360,Subscription_Boxes,price,0.5558,0.5558,0.0,False
14361,Subscription_Boxes,content,0.4927,0.4927,0.0,False
14362,Subscription_Boxes,content,0.64725,0.64725,0.0,False
14365,Subscription_Boxes,content,0.7357,0.4951,-0.24060000000000004,True
14367,Subscription_Boxes,delivery,0.5255,0.5255,0.0,False
14368,Subscription_Boxes,content,0.2377,0.2377,0.0,False
14368,Subscription_Boxes,customer_service,-0.3378,-0.3378,0.0,False
14370,Subscription_Boxes,advertising,0.5267,0.5267,0.0,False
14370,Subscription_Boxes,delivery,0.4404,0.4404,0.0,False
14371,Subscription_Boxes,billing,0.1531,0.1531,0.0,False
14371,Subscription_Boxes,delivery,0.1531,0.1531,0.0,False
14371,Subscription_Boxes,price,0.1045,0.1045,0.0,False
14372,Subscription_Boxes,content,0.5164500000000001,0.5164500000000001,0.0,False
14372,Subscription_Boxes,packaging,0.6114,0.6114,0.0,False
14373,Subscription_Boxes,quality,0.9001,0.3832,-0.5169,True
14373,Subscription_Boxes,price,0.9001,0.7783,-0.12180000000000002,True
14374,Subscription_Boxes,content,0.7049,0.7049,0.0,False
14377,Subscription_Boxes,content,0.4199,0.4199,0.0,False
14379,Subscription_Boxes,quality,0.765,0.765,0.0,False
14381,Subscription_Boxes,price,0.5106,0.5106,0.0,False
14382,Subscription_Boxes,content,0.6486,0.6486,0.0,False
14384,Subscription_Boxes,delivery,0.7096,0.7096,0.0,False
14384,Subscription_Boxes,content,0.45144999999999996,0.45144999999999996,0.0,False
14387,Subscription_Boxes,content,0.6369,0.6369,0.0,False
14387,Subscription_Boxes,price,0.6369,0.6369,0.0,False
14389,Subscription_Boxes,billing,0.0772,0.0772,0.0,False
14389,Subscription_Boxes,content,0.0,0.0,0.0,False
14389,Subscription_Boxes,quality,0.0,0.0,0.0,False
14390,Subscription_Boxes,content,-0.68,0.4404,1.1204,True
14390,Subscription_Boxes,customer_service,-0.68,-0.628,0.052000000000000046,True
14391,Subscription_Boxes,content,-0.509,-0.509,0.0,False
14391,Subscription_Boxes,delivery,0.8934,0.8934,0.0,False
14391,Subscription_Boxes,price,-0.4753,-0.4753,0.0,False
14392,Subscription_Boxes,price,0.2263,0.2263,0.0,False
14394,Subscription_Boxes,content,-0.7644,-0.7644,0.0,False
14394,Subscription_Boxes,packaging,0.0,0.0,0.0,False
14395,Subscription_Boxes,price,0.4939,0.4939,0.0,False
14397,Subscription_Boxes,quality,0.4767,0.4767,0.0,False
14398,Subscription_Boxes,content,0.4199,0.4199,0.0,False
14399,Subscription_Boxes,delivery,0.5994,0.5994,0.0,False
14401,Subscription_Boxes,content,0.5994,0.5994,0.0,False
14403,Subscription_Boxes,price,0.5859,0.5859,0.0,False
14404,Subscription_Boxes,content,0.8855,0.7269,-0.15859999999999996,True
14405,Subscription_Boxes,content,0.6249,0.6249,0.0,False
14408,Subscription_Boxes,content,0.0,0.0,0.0,False
14412,Subscription_Boxes,advertising,0.8244,0.2714,-0.553,True
14412,Subscription_Boxes,content,0.8745,0.8666499999999999,-0.007850000000000135,True
14412,Subscription_Boxes,quality,0.9246,0.6908,-0.2338,True
14414,Subscription_Boxes,delivery,-0.4767,-0.4767,0.0,False
14415,Subscription_Boxes,content,0.6086,0.6086,0.0,False
14416,Subscription_Boxes,content,0.6696,0.6696,0.0,False
14418,Subscription_Boxes,billing,0.8201,0.6908,-0.12930000000000008,True
14418,Subscription_Boxes,delivery,-0.11870000000000003,-0.11870000000000003,0.0,False
14418,Subscription_Boxes,packaging,0.0,0.0,0.0,False
14418,Subscription_Boxes,price,0.2579,0.2579,0.0,False
14418,Subscription_Boxes,content,-0.07913333333333335,0.09106666666666667,0.17020000000000002,True
14420,Subscription_Boxes,billing,0.4085,0.4085,0.0,False
14420,Subscription_Boxes,quality,-0.1531,-0.1531,0.0,False
14420,Subscription_Boxes,price,0.088,0.036599999999999994,-0.0514,True
14420,Subscription_Boxes,content,0.4399769230769231,0.3604307692307692,-0.07954615384615388,True
14421,Subscription_Boxes,quality,0.0,0.0,0.0,False
14423,Subscription_Boxes,delivery,0.318,0.318,0.0,False
14423,Subscription_Boxes,content,0.5164500000000001,0.4757,-0.040750000000000064,True
14425,Subscription_Boxes,delivery,0.2135,0.4005,0.18700000000000003,True
14425,Subscription_Boxes,content,0.2263,0.2263,0.0,False
14427,Subscription_Boxes,quality,0.3612,0.3612,0.0,False
14428,Subscription_Boxes,quality,0.4754,0.4754,0.0,False
14428,Subscription_Boxes,content,0.55615,0.55615,0.0,False
14430,Subscription_Boxes,content,0.765,0.765,0.0,False
14431,Subscription_Boxes,billing,0.0772,0.0772,0.0,False
14432,Subscription_Boxes,quality,0.6249,0.6249,0.0,False
14433,Subscription_Boxes,quality,0.6455,0.6455,0.0,False
14433,Subscription_Boxes,content,0.5012,0.39417142857142856,-0.10702857142857142,True
14434,Subscription_Boxes,content,-0.4939,0.6249,1.1188,True
14435,Subscription_Boxes,billing,0.6124,0.6124,0.0,False
14435,Subscription_Boxes,content,0.5256,0.5256,0.0,False
14435,Subscription_Boxes,quality,0.5256,0.5256,0.0,False
14437,Subscription_Boxes,price,-0.4215,-0.4215,0.0,False
14438,Subscription_Boxes,quality,0.0,0.0,0.0,False
14439,Subscription_Boxes,packaging,0.6688,0.6688,0.0,False
14440,Subscription_Boxes,price,0.2023,0.2023,0.0,False
14441,Subscription_Boxes,content,-0.2247,-0.2247,0.0,False
14442,Subscription_Boxes,packaging,0.8658,0.8658,0.0,False
14443,Subscription_Boxes,price,-0.1695,-0.1695,0.0,False
14444,Subscription_Boxes,content,0.5106,0.5106,0.0,False
14445,Subscription_Boxes,price,-0.1695,-0.1695,0.0,False
14445,Subscription_Boxes,packaging,-0.296,-0.296,0.0,False
14445,Subscription_Boxes,advertising,-0.1695,-0.1695,0.0,False
14445,Subscription_Boxes,content,0.0,0.0,0.0,False
14446,Subscription_Boxes,content,0.59275,0.59275,0.0,False
14447,Subscription_Boxes,content,0.802,0.802,0.0,False
14449,Subscription_Boxes,content,0.8908,0.8908,0.0,False
14449,Subscription_Boxes,packaging,0.8908,0.8908,0.0,False
14450,Subscription_Boxes,price,0.8402,0.8402,0.0,False
14451,Subscription_Boxes,content,0.30405,0.40164999999999995,0.09759999999999996,True
14458,Subscription_Boxes,delivery,0.6249,0.6249,0.0,False
14459,Subscription_Boxes,billing,-0.25,-0.25,0.0,False
14459,Subscription_Boxes,quality,0.6858,0.4404,-0.24539999999999995,True
14459,Subscription_Boxes,advertising,0.0,0.0,0.0,False
14459,Subscription_Boxes,content,0.6858,0.4215,-0.2643,True
14461,Subscription_Boxes,content,0.454075,0.454075,0.0,False
14461,Subscription_Boxes,quality,0.58355,0.58355,0.0,False
14461,Subscription_Boxes,price,0.35910000000000003,0.35910000000000003,0.0,False
14462,Subscription_Boxes,billing,-0.25,-0.25,0.0,False
14462,Subscription_Boxes,quality,0.4422,0.4422,0.0,False
14462,Subscription_Boxes,price,0.0,0.0,0.0,False
14464,Subscription_Boxes,delivery,0.1027,0.1027,0.0,False
14465,Subscription_Boxes,price,-0.09759999999999999,-0.09759999999999999,0.0,False
14465,Subscription_Boxes,content,0.0,0.0,0.0,False
14466,Subscription_Boxes,content,0.5106,0.5106,0.0,False
14467,Subscription_Boxes,price,0.7579,0.7579,0.0,False
14470,Subscription_Boxes,price,0.2263,0.2263,0.0,False
14472,Subscription_Boxes,quality,0.4754,0.4754,0.0,False
14474,Subscription_Boxes,delivery,0.5106,0.5106,0.0,False
14475,Subscription_Boxes,advertising,-0.4939,-0.4939,0.0,False
14475,Subscription_Boxes,billing,0.6174,0.6174,0.0,False
14475,Subscription_Boxes,quality,0.03175,-0.06634999999999999,-0.09809999999999999,True
14476,Subscription_Boxes,price,0.8462,0.6576500000000001,-0.18854999999999988,True
14476,Subscription_Boxes,packaging,0.731,0.731,0.0,False
14477,Subscription_Boxes,content,-0.36395,-0.36395,0.0,False
14479,Subscription_Boxes,content,0.5522,0.5522,0.0,False
14483,Subscription_Boxes,price,0.4588,0.4588,0.0,False
14484,Subscription_Boxes,price,0.5574,0.5574,0.0,False
14484,Subscription_Boxes,content,0.5994,0.5994,0.0,False
14486,Subscription_Boxes,content,0.86155,0.86155,0.0,False
14486,Subscription_Boxes,customer_service,0.6249,0.6249,0.0,False
14486,Subscription_Boxes,delivery,0.875,0.875,0.0,False
14487,Subscription_Boxes,billing,-0.023849999999999996,-0.023849999999999996,0.0,False
14487,Subscription_Boxes,content,0.5859,0.5859,0.0,False
14487,Subscription_Boxes,customer_service,0.2023,0.2023,0.0,False
14488,Subscription_Boxes,content,0.65325,0.65325,0.0,False
14490,Subscription_Boxes,billing,0.3182,0.3182,0.0,False
14490,Subscription_Boxes,content,0.474,0.474,0.0,False
14490,Subscription_Boxes,price,0.6664,0.6664,0.0,False
14491,Subscription_Boxes,billing,0.128,0.128,0.0,False
14491,Subscription_Boxes,content,0.0,0.0,0.0,False
14491,Subscription_Boxes,delivery,-0.4767,-0.4767,0.0,False
14493,Subscription_Boxes,billing,-0.25,-0.25,0.0,False
14493,Subscription_Boxes,customer_service,0.5330333333333334,0.4827333333333333,-0.05030000000000007,True
14493,Subscription_Boxes,delivery,-0.125,0.0,0.125,True
14493,Subscription_Boxes,content,0.8957,0.8957,0.0,False
14494,Subscription_Boxes,content,0.4607,0.4607,0.0,False
14496,Subscription_Boxes,quality,0.1603,0.3089,0.1486,True
14496,Subscription_Boxes,content,0.1603,0.3089,0.1486,True
14497,Subscription_Boxes,content,0.4019,0.4019,0.0,False
14500,Subscription_Boxes,content,-0.29125,-0.29125,0.0,False
14501,Subscription_Boxes,content,0.3182,0.3182,0.0,False
14501,Subscription_Boxes,price,0.3182,0.3182,0.0,False
14502,Subscription_Boxes,quality,0.6476,0.6476,0.0,False
14502,Subscription_Boxes,content,0.6476,0.6476,0.0,False
14503,Subscription_Boxes,content,0.4939,0.4939,0.0,False
14505,Subscription_Boxes,price,-0.1695,-0.1695,0.0,False
14506,Subscription_Boxes,billing,0.2732,0.2732,0.0,False
14506,Subscription_Boxes,content,-0.4708,-0.4708,0.0,False
14506,Subscription_Boxes,price,0.6249,0.6249,0.0,False
14508,Subscription_Boxes,content,0.4588,0.4588,0.0,False
14509,Subscription_Boxes,price,0.4588,0.4588,0.0,False
14509,Subscription_Boxes,content,0.8271,0.8271,0.0,False
14514,Subscription_Boxes,content,0.0,0.0,0.0,False
14514,Subscription_Boxes,price,0.0,0.0,0.0,False
14516,Subscription_Boxes,content,0.5228,0.1239,-0.39890000000000003,True
14517,Subscription_Boxes,billing,0.6174,0.6174,0.0,False
14517,Subscription_Boxes,content,0.4019,0.4019,0.0,False
14521,Subscription_Boxes,content,0.5994,0.5994,0.0,False
14522,Subscription_Boxes,content,0.4404,0.4404,0.0,False
14526,Subscription_Boxes,billing,-0.30200000000000005,-0.30200000000000005,0.0,False
14526,Subscription_Boxes,customer_service,-0.4472,0.0,0.4472,True
14526,Subscription_Boxes,price,-0.4509,-0.4509,0.0,False
14526,Subscription_Boxes,content,0.4588,0.4588,0.0,False
14529,Subscription_Boxes,content,0.3134571428571428,0.3134571428571428,0.0,False
14529,Subscription_Boxes,quality,-0.2997,-0.2997,0.0,False
14529,Subscription_Boxes,price,-0.01090000000000002,0.1591,0.17,True
14531,Subscription_Boxes,advertising,0.4404,0.4404,0.0,False
14531,Subscription_Boxes,billing,-0.25,-0.25,0.0,False
14531,Subscription_Boxes,content,0.1027,0.1027,0.0,False
14532,Subscription_Boxes,billing,-0.40549999999999997,-0.38870000000000005,0.016799999999999926,True
14532,Subscription_Boxes,content,-0.5927,0.4215,1.0142,True
14532,Subscription_Boxes,customer_service,0.3477,0.3477,0.0,False
14533,Subscription_Boxes,delivery,0.48039999999999994,0.3226,-0.15779999999999994,True
14533,Subscription_Boxes,content,0.817,0.817,0.0,False
14534,Subscription_Boxes,advertising,0.0,0.0,0.0,False
14534,Subscription_Boxes,billing,-0.25,-0.25,0.0,False
14534,Subscription_Boxes,delivery,0.4939,0.0,-0.4939,True
14536,Subscription_Boxes,content,0.07621999999999998,0.07621999999999998,0.0,False
14536,Subscription_Boxes,quality,0.5215,0.5215,0.0,False
14536,Subscription_Boxes,price,0.2505,0.2505,0.0,False
14537,Subscription_Boxes,quality,0.5994,0.5994,0.0,False
14538,Subscription_Boxes,price,0.7876,0.7876,0.0,False
14538,Subscription_Boxes,content,0.28922,0.18,-0.10921999999999998,True
14539,Subscription_Boxes,content,0.4215,0.4215,0.0,False
14541,Subscription_Boxes,content,0.4404,0.4404,0.0,False
14543,Subscription_Boxes,content,0.6239,0.6239,0.0,False
14544,Subscription_Boxes,billing,-0.25,-0.25,0.0,False
14544,Subscription_Boxes,price,0.25395,0.25395,0.0,False
14546,Subscription_Boxes,content,0.8338,0.7096,-0.12419999999999998,True
14546,Subscription_Boxes,customer_service,0.7579,0.7579,0.0,False
14549,Subscription_Boxes,advertising,0.0772,0.1531,0.07590000000000001,True
14549,Subscription_Boxes,billing,-0.8625,-0.8625,0.0,False
14549,Subscription_Boxes,content,-0.0119,0.026050000000000004,0.037950000000000005,True
14550,Subscription_Boxes,content,0.5144333333333333,0.6010333333333334,0.08660000000000012,True
14550,Subscription_Boxes,customer_service,0.4019,0.4019,0.0,False
14551,Subscription_Boxes,quality,0.8011,0.8011,0.0,False
14553,Subscription_Boxes,quality,0.0,0.0,0.0,False
14553,Subscription_Boxes,content,0.4927,0.4927,0.0,False
14557,Subscription_Boxes,billing,-0.38265,-0.38265,0.0,False
14557,Subscription_Boxes,delivery,-0.2714,-0.2714,0.0,False
14558,Subscription_Boxes,billing,0.8393,0.8393,0.0,False
14558,Subscription_Boxes,customer_service,0.8393,0.8393,0.0,False
14558,Subscription_Boxes,delivery,0.8393,0.8393,0.0,False
14558,Subscription_Boxes,content,0.6369,0.6369,0.0,False
14559,Subscription_Boxes,billing,-0.2581,-0.24786000000000002,0.010239999999999971,True
14559,Subscription_Boxes,customer_service,0.3064,0.5413,0.2349,True
14559,Subscription_Boxes,quality,0.4588,0.4588,0.0,False
14559,Subscription_Boxes,delivery,0.0,0.0,0.0,False
14559,Subscription_Boxes,content,-0.18580000000000002,0.09300000000000001,0.27880000000000005,True
14560,Subscription_Boxes,content,0.7783,0.5719,-0.20640000000000003,True
14561,Subscription_Boxes,billing,0.0,0.0,0.0,False
14561,Subscription_Boxes,delivery,0.8758,0.8758,0.0,False
14561,Subscription_Boxes,packaging,0.8357,0.8357,0.0,False
14561,Subscription_Boxes,content,0.4379,0.4379,0.0,False
14563,Subscription_Boxes,packaging,0.3989,0.3989,0.0,False
14564,Subscription_Boxes,content,0.4404,0.4404,0.0,False
14567,Subscription_Boxes,content,0.5106,0.5106,0.0,False
14568,Subscription_Boxes,content,0.75995,0.5842,-0.17574999999999996,True
14571,Subscription_Boxes,content,-0.6142,-0.6142,0.0,False
14573,Subscription_Boxes,content,0.0,0.0,0.0,False
14573,Subscription_Boxes,delivery,-0.1027,-0.1027,0.0,False
14573,Subscription_Boxes,packaging,-0.1027,-0.1027,0.0,False
14574,Subscription_Boxes,price,-0.3724,-0.3724,0.0,False
14575,Subscription_Boxes,content,0.4201,0.4201,0.0,False
14577,Subscription_Boxes,price,0.7579,0.7579,0.0,False
14578,Subscription_Boxes,price,-0.12983333333333336,-0.12983333333333336,0.0,False
14580,Subscription_Boxes,billing,-0.25,-0.25,0.0,False
14581,Subscription_Boxes,content,0.4939,0.4939,0.0,False
14583,Subscription_Boxes,price,0.6249,0.6249,0.0,False
14586,Subscription_Boxes,content,0.48469999999999996,0.41483333333333333,-0.06986666666666663,True
14586,Subscription_Boxes,price,0.9184,0.7088,-0.2096,True
14587,Subscription_Boxes,quality,0.7841,0.7841,0.0,False
14587,Subscription_Boxes,content,0.7841,0.7841,0.0,False
14591,Subscription_Boxes,quality,0.05843333333333334,0.05843333333333334,0.0,False
14591,Subscription_Boxes,content,0.2543666666666667,0.2543666666666667,0.0,False
14592,Subscription_Boxes,content,-0.025,-0.17709999999999998,-0.15209999999999999,True
14592,Subscription_Boxes,price,-0.025,-0.5565,-0.5315,True
14593,Subscription_Boxes,content,0.1506,0.1506,0.0,False
14593,Subscription_Boxes,quality,0.1506,0.1506,0.0,False
14593,Subscription_Boxes,delivery,0.14185,0.14185,0.0,False
14594,Subscription_Boxes,price,0.2105,0.2105,0.0,False
14594,Subscription_Boxes,packaging,-0.296,-0.296,0.0,False
14595,Subscription_Boxes,delivery,0.5574,0.5574,0.0,False
14598,Subscription_Boxes,billing,0.4404,0.4404,0.0,False
14599,Subscription_Boxes,price,0.8519,0.8519,0.0,False
14599,Subscription_Boxes,content,0.89775,0.89775,0.0,False
14604,Subscription_Boxes,content,0.0,0.0,0.0,False
14605,Subscription_Boxes,billing,0.5267,0.5267,0.0,False
14605,Subscription_Boxes,price,0.5267,0.5267,0.0,False
14606,Subscription_Boxes,content,0.7959,0.7959,0.0,False
14607,Subscription_Boxes,delivery,0.5648,0.5648,0.0,False
14607,Subscription_Boxes,content,0.5648,0.5648,0.0,False
14609,Subscription_Boxes,content,0.0,0.0,0.0,False
14610,Subscription_Boxes,content,0.6102,0.6102,0.0,False
14612,Subscription_Boxes,price,0.7777,0.7777,0.0,False
14615,Subscription_Boxes,content,0.011225000000000013,0.011225000000000013,0.0,False
14615,Subscription_Boxes,delivery,0.0,0.0,0.0,False
14615,Subscription_Boxes,price,-0.4215,-0.4215,0.0,False
14617,Subscription_Boxes,price,0.4215,0.4215,0.0,False
14618,Subscription_Boxes,content,0.5563,0.5563,0.0,False
14619,Subscription_Boxes,price,0.4404,0.4404,0.0,False
14619,Subscription_Boxes,content,0.0396,0.6361,0.5965,True
14620,Subscription_Boxes,content,0.85825,0.41186666666666666,-0.4463833333333333,True
14621,Subscription_Boxes,delivery,0.0,0.0,0.0,False
14621,Subscription_Boxes,content,0.1486,0.1486,0.0,False
14622,Subscription_Boxes,billing,0.0,0.0,0.0,False
14623,Subscription_Boxes,content,-0.5423,-0.5423,0.0,False
14625,Subscription_Boxes,price,0.0,0.0,0.0,False
14626,Subscription_Boxes,content,0.0,0.0,0.0,False
14626,Subscription_Boxes,packaging,0.0,0.0,0.0,False
14626,Subscription_Boxes,price,0.3591,-0.0541,-0.41319999999999996,True
14628,Subscription_Boxes,content,0.6841,0.6841,0.0,False
14631,Subscription_Boxes,content,0.0,0.0,0.0,False
14631,Subscription_Boxes,price,0.0,0.0,0.0,False
14632,Subscription_Boxes,price,-0.1695,-0.1695,0.0,False
14633,Subscription_Boxes,content,-0.0011500000000000121,-0.0011500000000000121,0.0,False
14635,Subscription_Boxes,content,0.5545,0.5455,-0.009000000000000008,True
14637,Subscription_Boxes,content,0.5719,0.5719,0.0,False
14638,Subscription_Boxes,delivery,0.8621,0.8638,0.0017000000000000348,True
14639,Subscription_Boxes,billing,0.0,0.0,0.0,False
14639,Subscription_Boxes,content,-0.0536,-0.100475,-0.04687499999999999,True
14640,Subscription_Boxes,price,-0.1695,-0.1695,0.0,False
14642,Subscription_Boxes,billing,0.0,0.0,0.0,False
14642,Subscription_Boxes,content,0.0,0.0,0.0,False
14643,Subscription_Boxes,content,0.7579,0.7579,0.0,False
14644,Subscription_Boxes,content,0.6369,0.6369,0.0,False
14645,Subscription_Boxes,delivery,0.0,0.0,0.0,False
14648,Subscription_Boxes,content,0.4088333333333333,0.4088333333333333,0.0,False
14651,Subscription_Boxes,price,-0.4754,-0.4754,0.0,False
14653,Subscription_Boxes,billing,-0.25,-0.25,0.0,False
14653,Subscription_Boxes,delivery,-0.25,-0.25,0.0,False
14654,Subscription_Boxes,content,0.24695,0.24695,0.0,False
14655,Subscription_Boxes,quality,0.802,0.802,0.0,False
14656,Subscription_Boxes,content,0.6222,0.6222,0.0,False
14658,Subscription_Boxes,quality,0.7506,0.7506,0.0,False
14658,Subscription_Boxes,content,0.7506,0.7506,0.0,False
14660,Subscription_Boxes,quality,0.4215,0.4215,0.0,False
14662,Subscription_Boxes,delivery,0.0,0.0,0.0,False
14665,Subscription_Boxes,quality,0.0,0.0,0.0,False
14665,Subscription_Boxes,content,0.0,0.0,0.0,False
14667,Subscription_Boxes,billing,-0.5667,-0.5667,0.0,False
14667,Subscription_Boxes,quality,0.03510000000000002,0.03510000000000002,0.0,False
14668,Subscription_Boxes,delivery,0.0772,0.0772,0.0,False
14670,Subscription_Boxes,delivery,0.4215,0.4215,0.0,False
14670,Subscription_Boxes,content,0.3699333333333333,0.49960000000000004,0.12966666666666676,True
14671,Subscription_Boxes,content,0.5346,0.025900000000000034,-0.5086999999999999,True
14674,Subscription_Boxes,quality,0.7003,0.4404,-0.2599,True
14674,Subscription_Boxes,packaging,0.7003,0.4404,-0.2599,True
14674,Subscription_Boxes,price,0.7003,0.4404,-0.2599,True
14674,Subscription_Boxes,content,0.7003,0.4404,-0.2599,True
14676,Subscription_Boxes,content,0.5859,0.5859,0.0,False
14677,Subscription_Boxes,quality,0.9101,0.8258,-0.08430000000000004,True
14677,Subscription_Boxes,content,0.4404,0.4404,0.0,False
14678,Subscription_Boxes,content,0.0,0.0,0.0,False
14681,Subscription_Boxes,content,0.5719,0.5719,0.0,False
14682,Subscription_Boxes,price,-0.1695,-0.1695,0.0,False
14683,Subscription_Boxes,content,0.0,0.0,0.0,False
14684,Subscription_Boxes,content,0.34,0.34,0.0,False
14685,Subscription_Boxes,quality,0.6369,0.6369,0.0,False
14685,Subscription_Boxes,content,0.6369,0.6369,0.0,False
14686,Subscription_Boxes,content,0.5663,0.05275000000000002,-0.51355,True
14690,Subscription_Boxes,content,0.0,0.0,0.0,False
14691,Subscription_Boxes,content,0.6221333333333333,0.6221333333333333,0.0,False
14695,Subscription_Boxes,advertising,0.0,0.0,0.0,False
14696,Subscription_Boxes,billing,-0.06505555555555555,-0.06505555555555555,0.0,False
14696,Subscription_Boxes,content,0.36065714285714284,0.300675,-0.05998214285714282,True
14696,Subscription_Boxes,delivery,0.7178,0.7178,0.0,False
14698,Subscription_Boxes,delivery,0.0,0.0,0.0,False
14698,Subscription_Boxes,content,0.0,0.0,0.0,False
14699,Subscription_Boxes,billing,-0.4784,-0.4784,0.0,False
14699,Subscription_Boxes,delivery,0.3612,0.3612,0.0,False
14699,Subscription_Boxes,price,-0.4784,-0.4784,0.0,False
14700,Subscription_Boxes,quality,0.0,0.0,0.0,False
14700,Subscription_Boxes,price,0.4201,0.4201,0.0,False
14702,Subscription_Boxes,advertising,0.0,0.0,0.0,False
14702,Subscription_Boxes,billing,-0.25,-0.25,0.0,False
14702,Subscription_Boxes,content,0.0,0.0,0.0,False
14704,Subscription_Boxes,delivery,-0.6486,-0.6486,0.0,False
14707,Subscription_Boxes,quality,0.5777,0.5777,0.0,False
14707,Subscription_Boxes,content,0.4967333333333333,0.4967333333333333,0.0,False
14708,Subscription_Boxes,content,0.4697,0.4697,0.0,False
14709,Subscription_Boxes,content,-0.2323,0.09686000000000002,0.32916,True
14709,Subscription_Boxes,delivery,0.4221,0.0,-0.4221,True
14709,Subscription_Boxes,packaging,-0.3404,0.0,0.3404,True
14710,Subscription_Boxes,packaging,0.7003,0.7003,0.0,False
14712,Subscription_Boxes,billing,-0.1788,-0.1788,0.0,False
14712,Subscription_Boxes,content,0.6915,0.6915,0.0,False
14713,Subscription_Boxes,price,0.3668,0.3668,0.0,False
14716,Subscription_Boxes,price,0.2944,0.2944,0.0,False
14716,Subscription_Boxes,content,0.6126333333333333,0.38827500000000004,-0.22435833333333322,True
14717,Subscription_Boxes,content,0.168,0.168,0.0,False
14717,Subscription_Boxes,quality,0.632,0.632,0.0,False
14717,Subscription_Boxes,delivery,0.53035,0.53035,0.0,False
14719,Subscription_Boxes,quality,0.8622,0.8622,0.0,False
14719,Subscription_Boxes,content,0.8622,0.8622,0.0,False
14720,Subscription_Boxes,delivery,0.0,0.0,0.0,False
14720,Subscription_Boxes,price,0.0,0.0,0.0,False
14720,Subscription_Boxes,quality,0.0,0.0,0.0,False
14720,Subscription_Boxes,packaging,0.4215,0.4215,0.0,False
14723,Subscription_Boxes,delivery,0.0,0.0,0.0,False
14725,Subscription_Boxes,billing,0.5023,0.3612,-0.14109999999999995,True
14725,Subscription_Boxes,content,-0.5423,-0.5423,0.0,False
14727,Subscription_Boxes,content,0.04807500000000001,-0.025474999999999998,-0.07355,True
14728,Subscription_Boxes,content,0.4404,0.4404,0.0,False
14729,Subscription_Boxes,content,0.7096,0.34,-0.3696,True
14730,Subscription_Boxes,content,0.4215,0.4215,0.0,False
14731,Subscription_Boxes,content,0.7534000000000001,0.7534000000000001,0.0,False
14731,Subscription_Boxes,packaging,0.3089,0.3089,0.0,False
14732,Subscription_Boxes,content,0.8617999999999999,0.8617999999999999,0.0,False
14733,Subscription_Boxes,delivery,0.0,0.0,0.0,False
14733,Subscription_Boxes,content,0.4404,0.4404,0.0,False
14736,Subscription_Boxes,price,0.2263,0.2263,0.0,False
14736,Subscription_Boxes,packaging,0.4926,0.4926,0.0,False
14737,Subscription_Boxes,content,0.40759999999999996,0.40759999999999996,0.0,False
14738,Subscription_Boxes,price,0.7269,0.7269,0.0,False
14739,Subscription_Boxes,content,0.34,0.34,0.0,False
14739,Subscription_Boxes,price,0.5154,0.5154,0.0,False
14740,Subscription_Boxes,content,0.34695,0.34695,0.0,False
14740,Subscription_Boxes,quality,0.0,0.0,0.0,False
14740,Subscription_Boxes,price,0.4576,0.4576,0.0,False
14741,Subscription_Boxes,content,0.3197666666666667,0.3197666666666667,0.0,False
14743,Subscription_Boxes,billing,-0.25,-0.25,0.0,False
14745,Subscription_Boxes,content,0.6249,0.6249,0.0,False
14746,Subscription_Boxes,billing,0.4887,0.42035,-0.06835000000000002,True
14750,Subscription_Boxes,content,0.5994,0.5994,0.0,False
14751,Subscription_Boxes,content,0.4404,0.4404,0.0,False
14751,Subscription_Boxes,customer_service,0.0,0.0,0.0,False
14753,Subscription_Boxes,price,0.5719,0.5719,0.0,False
14753,Subscription_Boxes,quality,0.5719,0.5719,0.0,False
14753,Subscription_Boxes,packaging,0.5719,0.5719,0.0,False
14755,Subscription_Boxes,price,-0.1695,-0.1695,0.0,False
14756,Subscription_Boxes,content,0.21669999999999998,0.34425,0.12755000000000002,True
14757,Subscription_Boxes,quality,0.4767,0.4767,0.0,False
14758,Subscription_Boxes,content,0.875,0.875,0.0,False
14759,Subscription_Boxes,content,0.0,0.0,0.0,False
14759,Subscription_Boxes,quality,0.0,0.0,0.0,False
14759,Subscription_Boxes,price,0.1591,0.1591,0.0,False
14760,Subscription_Boxes,content,0.0,0.0,0.0,False
14762,Subscription_Boxes,billing,0.0,0.0,0.0,False
14762,Subscription_Boxes,customer_service,-0.296,-0.296,0.0,False
14763,Subscription_Boxes,quality,0.4767,0.4767,0.0,False
14763,Subscription_Boxes,content,0.5477,0.5477,0.0,False
14764,Subscription_Boxes,content,0.6249,0.6249,0.0,False
14765,Subscription_Boxes,content,0.5106,0.5106,0.0,False
14765,Subscription_Boxes,price,0.6486,0.6486,0.0,False
14766,Subscription_Boxes,content,-0.13543333333333332,-0.13543333333333332,0.0,False
14768,Subscription_Boxes,delivery,0.0,0.0,0.0,False
14768,Subscription_Boxes,content,0.0,0.0,0.0,False
14771,Subscription_Boxes,price,0.0,0.0,0.0,False
14773,Subscription_Boxes,delivery,0.6588,0.6588,0.0,False
14775,Subscription_Boxes,price,0.0276,0.0276,0.0,False
14776,Subscription_Boxes,content,0.1753,0.0,-0.1753,True
14777,Subscription_Boxes,content,0.4588,0.4588,0.0,False
14779,Subscription_Boxes,content,-0.1286,-0.1286,0.0,False
14780,Subscription_Boxes,delivery,0.3182,0.3182,0.0,False
14780,Subscription_Boxes,price,-0.228,-0.228,0.0,False
14782,Subscription_Boxes,quality,0.8519,0.8519,0.0,False
14782,Subscription_Boxes,content,0.8519,0.8519,0.0,False
14783,Subscription_Boxes,price,-0.1695,-0.1695,0.0,False
14784,Subscription_Boxes,quality,0.0,0.0,0.0,False
14785,Subscription_Boxes,content,-0.13775,-0.13775,0.0,False
14786,Subscription_Boxes,content,0.13396666666666665,0.13396666666666665,0.0,False
14786,Subscription_Boxes,quality,0.4019,0.4019,0.0,False
14786,Subscription_Boxes,price,0.0,0.0,0.0,False
14790,Subscription_Boxes,delivery,0.0,0.0,0.0,False
14790,Subscription_Boxes,content,0.5574,0.5574,0.0,False
14792,Subscription_Boxes,content,0.7177,0.7177,0.0,False
14792,Subscription_Boxes,quality,0.7177,0.7177,0.0,False
14792,Subscription_Boxes,price,0.7177,0.7177,0.0,False
14794,Subscription_Boxes,content,0.0,0.0,0.0,False
14794,Subscription_Boxes,price,0.0,0.0,0.0,False
14797,Subscription_Boxes,quality,0.5994,0.5994,0.0,False
14797,Subscription_Boxes,content,0.5994,0.5994,0.0,False
14799,Subscription_Boxes,billing,0.02271999999999999,0.07343999999999999,0.05072,True
14799,Subscription_Boxes,customer_service,-0.012580000000000011,0.03813999999999999,0.05072,True
14799,Subscription_Boxes,delivery,-0.4559,-0.2023,0.25360000000000005,True
14799,Subscription_Boxes,quality,0.1506,0.1506,0.0,False
14800,Subscription_Boxes,billing,0.4767,0.4767,0.0,False
14800,Subscription_Boxes,delivery,0.4767,0.4767,0.0,False
14800,Subscription_Boxes,price,0.3291,0.2263,-0.1028,True
14803,Subscription_Boxes,content,0.1472,0.1472,0.0,False
14804,Subscription_Boxes,quality,0.3054,0.4404,0.135,True
14804,Subscription_Boxes,content,0.3054,0.4404,0.135,True
14806,Subscription_Boxes,content,0.8481,0.8481,0.0,False
14807,Subscription_Boxes,delivery,0.0,0.0,0.0,False
14807,Subscription_Boxes,packaging,-0.34,-0.34,0.0,False
14807,Subscription_Boxes,advertising,0.0,0.0,0.0,False
14807,Subscription_Boxes,content,0.0,0.0,0.0,False
14808,Subscription_Boxes,content,0.9215,0.9215,0.0,False
14809,Subscription_Boxes,content,0.15810000000000002,0.15810000000000002,0.0,False
14810,Subscription_Boxes,quality,0.4404,0.4404,0.0,False
14811,Subscription_Boxes,customer_service,0.5598666666666667,0.6184,0.058533333333333215,True
14811,Subscription_Boxes,quality,0.6808,0.6808,0.0,False
14811,Subscription_Boxes,price,0.7481,0.7481,0.0,False
14811,Subscription_Boxes,content,0.4707,0.29572000000000004,-0.17497999999999997,True
14813,Subscription_Boxes,billing,-0.25,-0.25,0.0,False
14813,Subscription_Boxes,content,0.0,0.0,0.0,False
14814,Subscription_Boxes,content,0.4019,0.4019,0.0,False
14815,Subscription_Boxes,content,0.0,0.0,0.0,False
14818,Subscription_Boxes,content,0.8516,0.8516,0.0,False
14818,Subscription_Boxes,customer_service,0.5719,0.5719,0.0,False
14818,Subscription_Boxes,quality,0.8516,0.8516,0.0,False
14819,Subscription_Boxes,content,0.20095,0.20095,0.0,False
14820,Subscription_Boxes,content,0.5104500000000001,0.5104500000000001,0.0,False
14823,Subscription_Boxes,content,0.8622,0.8622,0.0,False
14824,Subscription_Boxes,content,0.2612666666666667,0.2612666666666667,0.0,False
14824,Subscription_Boxes,quality,0.0,0.0,0.0,False
14824,Subscription_Boxes,packaging,0.2732,0.2732,0.0,False
14826,Subscription_Boxes,delivery,0.29915,0.29915,0.0,False
14826,Subscription_Boxes,quality,0.0,0.0,0.0,False
14826,Subscription_Boxes,packaging,0.8807,0.8807,0.0,False
14826,Subscription_Boxes,content,0.36315,0.36315,0.0,False
14828,Subscription_Boxes,customer_service,0.4199,0.4199,0.0,False
14829,Subscription_Boxes,price,0.7269,0.7269,0.0,False
14829,Subscription_Boxes,content,0.7549,0.7549,0.0,False
14831,Subscription_Boxes,billing,-0.3167,-0.3167,0.0,False
14832,Subscription_Boxes,content,-0.4588,-0.4588,0.0,False
14832,Subscription_Boxes,price,-0.1779,-0.1779,0.0,False
14833,Subscription_Boxes,content,0.3348,0.3348,0.0,False
14833,Subscription_Boxes,price,0.0,0.0,0.0,False
14834,Subscription_Boxes,content,0.5423,0.5423,0.0,False
14835,Subscription_Boxes,packaging,-0.4215,-0.4215,0.0,False
14836,Subscription_Boxes,delivery,0.4754,0.4754,0.0,False
14838,Subscription_Boxes,content,0.6616333333333333,0.6616333333333333,0.0,False
14840,Subscription_Boxes,content,0.5423,0.5423,0.0,False
14841,Subscription_Boxes,price,0.6249,0.6249,0.0,False
14843,Subscription_Boxes,billing,-0.3612,-0.25,0.11120000000000002,True
14843,Subscription_Boxes,content,0.41125,0.41125,0.0,False
14843,Subscription_Boxes,price,0.0,0.0,0.0,False
14844,Subscription_Boxes,content,0.8588,0.8588,0.0,False
14844,Subscription_Boxes,price,0.8588,0.8588,0.0,False
14845,Subscription_Boxes,price,0.4404,0.4404,0.0,False
14846,Subscription_Boxes,advertising,0.1548,0.1548,0.0,False
14846,Subscription_Boxes,billing,-0.128,-0.25,-0.122,True
14846,Subscription_Boxes,delivery,0.013399999999999995,-0.031733333333333336,-0.04513333333333333,True
14848,Subscription_Boxes,content,-0.03259999999999999,-0.03259999999999999,0.0,False
14850,Subscription_Boxes,content,-0.3506,-0.4767,-0.1261,True
14851,Subscription_Boxes,content,0.039,0.039,0.0,False
14852,Subscription_Boxes,content,0.0,0.0,0.0,False
14853,Subscription_Boxes,billing,0.1877,0.1877,0.0,False
14853,Subscription_Boxes,delivery,0.4003,0.4003,0.0,False
14853,Subscription_Boxes,packaging,0.4003,0.4003,0.0,False
14853,Subscription_Boxes,quality,0.9292,0.9292,0.0,False
14854,Subscription_Boxes,quality,0.5267,0.5267,0.0,False
14854,Subscription_Boxes,content,0.5267,0.5267,0.0,False
14855,Subscription_Boxes,content,-0.1695,-0.1695,0.0,False
14856,Subscription_Boxes,content,0.6369,0.6369,0.0,False
14857,Subscription_Boxes,quality,0.6369,0.6369,0.0,False
14858,Subscription_Boxes,delivery,0.2579,0.2579,0.0,False
14858,Subscription_Boxes,content,-0.1154,-0.1154,0.0,False
14860,Subscription_Boxes,price,0.0,0.0,0.0,False
14863,Subscription_Boxes,customer_service,0.5859,0.5859,0.0,False
14863,Subscription_Boxes,delivery,0.2714,0.2714,0.0,False
14863,Subscription_Boxes,quality,0.2714,0.2714,0.0,False
14863,Subscription_Boxes,content,0.2714,0.2714,0.0,False
14865,Subscription_Boxes,content,0.4939,0.4939,0.0,False
14866,Subscription_Boxes,content,0.17353333333333332,0.102425,-0.07110833333333332,True
14867,Subscription_Boxes,price,-0.6367,-0.6367,0.0,False
14868,Subscription_Boxes,content,0.6208,0.6208,0.0,False
14869,Subscription_Boxes,content,0.5994,0.5994,0.0,False
14870,Subscription_Boxes,content,0.7269,0.7269,0.0,False
14871,Subscription_Boxes,content,-0.0772,-0.0772,0.0,False
14871,Subscription_Boxes,price,-0.0772,-0.0772,0.0,False
14872,Subscription_Boxes,content,0.9538,0.8885,-0.06530000000000002,True
14872,Subscription_Boxes,price,0.9538,0.8885,-0.06530000000000002,True
14873,Subscription_Boxes,content,0.6697,0.6697,0.0,False
14875,Subscription_Boxes,content,0.79215,0.79215,0.0,False
14879,Subscription_Boxes,price,0.25,0.0,-0.25,True
14880,Subscription_Boxes,content,-0.1292,-0.1292,0.0,False
14881,Subscription_Boxes,price,-0.1695,-0.1695,0.0,False
14882,Subscription_Boxes,delivery,-0.25,-0.25,0.0,False
14882,Subscription_Boxes,content,-0.3182,-0.3182,0.0,False
14883,Subscription_Boxes,content,0.4754,0.4754,0.0,False
14884,Subscription_Boxes,delivery,0.5994,0.5994,0.0,False
14884,Subscription_Boxes,content,0.0,0.0,0.0,False
14885,Subscription_Boxes,quality,0.6705,0.6705,0.0,False
14885,Subscription_Boxes,content,0.6705,0.6705,0.0,False
14886,Subscription_Boxes,billing,-0.5675,-0.5675,0.0,False
14887,Subscription_Boxes,billing,0.0,0.0,0.0,False
14887,Subscription_Boxes,content,0.4588,0.4588,0.0,False
14890,Subscription_Boxes,quality,0.9231,0.9231,0.0,False
14893,Subscription_Boxes,content,0.4588,0.4588,0.0,False
14894,Subscription_Boxes,content,0.29516666666666663,0.29516666666666663,0.0,False
14894,Subscription_Boxes,customer_service,0.6249,0.6249,0.0,False
14895,Subscription_Boxes,delivery,-0.0781,0.4754,0.5535,True
14897,Subscription_Boxes,packaging,0.6369,0.6369,0.0,False
14898,Subscription_Boxes,content,-0.4767,-0.4767,0.0,False
14898,Subscription_Boxes,price,-0.4767,-0.4767,0.0,False
14901,Subscription_Boxes,quality,0.0,0.0,0.0,False
14901,Subscription_Boxes,content,0.0,0.0,0.0,False
14902,Subscription_Boxes,price,0.0,0.0,0.0,False
14904,Subscription_Boxes,quality,-0.5632,0.6249,1.1881,True
14905,Subscription_Boxes,content,-0.0417,-0.09634000000000001,-0.05464000000000001,True
14905,Subscription_Boxes,customer_service,0.0258,0.0258,0.0,False
14905,Subscription_Boxes,price,0.4404,0.4404,0.0,False
14906,Subscription_Boxes,content,0.4201,0.4201,0.0,False
14910,Subscription_Boxes,content,-0.3875,-0.3875,0.0,False
14911,Subscription_Boxes,content,0.4064666666666667,0.32968333333333333,-0.07678333333333337,True
14911,Subscription_Boxes,quality,0.4404,0.4404,0.0,False
14911,Subscription_Boxes,price,0.9052,0.8176,-0.08760000000000001,True
14914,Subscription_Boxes,quality,0.0,0.0,0.0,False
14914,Subscription_Boxes,customer_service,0.4019,0.4019,0.0,False
14915,Subscription_Boxes,content,0.6841,0.6841,0.0,False
14916,Subscription_Boxes,content,0.5719,0.5719,0.0,False
14917,Subscription_Boxes,quality,0.5719,0.5719,0.0,False
14918,Subscription_Boxes,content,0.2263,0.0,-0.2263,True
14919,Subscription_Boxes,content,0.6588,0.6588,0.0,False
14920,Subscription_Boxes,billing,-0.25,-0.25,0.0,False
14920,Subscription_Boxes,content,0.77085,0.5768,-0.19405000000000006,True
14920,Subscription_Boxes,quality,0.6597,0.6597,0.0,False
14921,Subscription_Boxes,content,0.0,0.0,0.0,False
14922,Subscription_Boxes,price,-0.0258,-0.0258,0.0,False
14922,Subscription_Boxes,content,0.7133,0.7133,0.0,False
14923,Subscription_Boxes,content,0.9136,0.9136,0.0,False
14924,Subscription_Boxes,billing,-0.25,-0.25,0.0,False
14924,Subscription_Boxes,quality,0.8774,0.8354999999999999,-0.04190000000000005,True
14925,Subscription_Boxes,billing,-0.25,-0.25,0.0,False
14925,Subscription_Boxes,content,0.7269,0.7269,0.0,False
14926,Subscription_Boxes,delivery,0.8553,0.5994,-0.2558999999999999,True
14926,Subscription_Boxes,content,0.8316,0.8316,0.0,False
14927,Subscription_Boxes,content,0.12705,0.12705,0.0,False
14927,Subscription_Boxes,packaging,0.7964,0.7964,0.0,False
14927,Subscription_Boxes,price,0.0,0.0,0.0,False
14931,Subscription_Boxes,price,0.0,0.0,0.0,False
14933,Subscription_Boxes,billing,-0.25,-0.25,0.0,False
14933,Subscription_Boxes,content,0.2263,0.0,-0.2263,True
14933,Subscription_Boxes,price,-0.4215,-0.4215,0.0,False
14934,Subscription_Boxes,quality,-0.4549,-0.4549,0.0,False
14934,Subscription_Boxes,content,-0.4549,-0.4549,0.0,False
14935,Subscription_Boxes,content,0.0,0.0,0.0,False
14935,Subscription_Boxes,price,0.0,0.0,0.0,False
14937,Subscription_Boxes,content,0.0,0.0,0.0,False
14938,Subscription_Boxes,delivery,0.6588,0.6588,0.0,False
14938,Subscription_Boxes,content,0.6588,0.6588,0.0,False
14940,Subscription_Boxes,content,-0.3433,-0.3433,0.0,False
14944,Subscription_Boxes,billing,-0.25,-0.25,0.0,False
14944,Subscription_Boxes,price,-0.4215,-0.4215,0.0,False
14945,Subscription_Boxes,content,0.6877500000000001,0.5326500000000001,-0.15510000000000002,True
14945,Subscription_Boxes,price,0.6588,0.6588,0.0,False
14948,Subscription_Boxes,content,0.7096,0.7096,0.0,False
14950,Subscription_Boxes,packaging,0.636,0.636,0.0,False
14951,Subscription_Boxes,content,0.6588,0.6588,0.0,False
14952,Subscription_Boxes,billing,0.0,0.0,0.0,False
14952,Subscription_Boxes,content,0.1002,0.1002,0.0,False
14953,Subscription_Boxes,price,0.0772,0.0772,0.0,False
14953,Subscription_Boxes,content,0.0065,0.0,-0.0065,True
14954,Subscription_Boxes,price,0.4588,0.4588,0.0,False
14956,Subscription_Boxes,quality,0.6239,0.6239,0.0,False
14956,Subscription_Boxes,price,0.2732,0.2732,0.0,False
14957,Subscription_Boxes,quality,0.0,0.0,0.0,False
14957,Subscription_Boxes,content,0.0,0.0,0.0,False
14958,Subscription_Boxes,content,0.3612,0.3612,0.0,False
14958,Subscription_Boxes,price,0.69,0.7351,0.04510000000000003,True
14960,Subscription_Boxes,content,0.5511,0.44789999999999996,-0.10320000000000007,True
14962,Subscription_Boxes,price,-0.08475,-0.08475,0.0,False
14963,Subscription_Boxes,billing,0.0772,0.0772,0.0,False
14964,Subscription_Boxes,content,0.16007500000000002,0.16007500000000002,0.0,False
14965,Subscription_Boxes,delivery,0.0,0.0,0.0,False
14967,Subscription_Boxes,content,0.94,0.94,0.0,False
14968,Subscription_Boxes,content,0.8166,0.8166,0.0,False
14970,Subscription_Boxes,content,0.0,0.0,0.0,False
14971,Subscription_Boxes,price,0.7556,0.0,-0.7556,True
14971,Subscription_Boxes,content,0.3612,0.3612,0.0,False
14974,Subscription_Boxes,billing,-0.25,-0.25,0.0,False
14974,Subscription_Boxes,content,0.3825,0.3825,0.0,False
14974,Subscription_Boxes,delivery,0.0,0.0,0.0,False
14975,Subscription_Boxes,price,0.0,0.0,0.0,False
14975,Subscription_Boxes,content,0.9538,0.9538,0.0,False
14979,Subscription_Boxes,billing,-0.25,-0.25,0.0,False
14979,Subscription_Boxes,delivery,-0.25,-0.25,0.0,False
14979,Subscription_Boxes,price,0.0,0.0,0.0,False
14980,Subscription_Boxes,price,0.58315,0.58315,0.0,False
14980,Subscription_Boxes,content,0.6285666666666666,0.6285666666666666,0.0,False
14981,Subscription_Boxes,content,0.6588,0.6588,0.0,False
14983,Subscription_Boxes,quality,0.26425,0.26425,0.0,False
14983,Subscription_Boxes,price,0.26425,0.26425,0.0,False
14983,Subscription_Boxes,packaging,0.0,0.0,0.0,False
14983,Subscription_Boxes,content,0.2887,0.2887,0.0,False
14984,Subscription_Boxes,content,0.21078000000000002,0.027000000000000003,-0.18378000000000003,True
14985,Subscription_Boxes,quality,0.4754,0.4754,0.0,False
14989,Subscription_Boxes,content,0.3715,0.3715,0.0,False
14991,Subscription_Boxes,content,0.5141666666666667,0.5141666666666667,0.0,False
14992,Subscription_Boxes,delivery,0.0,0.0,0.0,False
14992,Subscription_Boxes,price,0.0,0.0,0.0,False
14992,Subscription_Boxes,quality,0.5927,0.4404,-0.1523,True
14992,Subscription_Boxes,content,0.19756666666666667,0.0,-0.19756666666666667,True
14993,Subscription_Boxes,delivery,0.7777,0.7777,0.0,False
14993,Subscription_Boxes,content,0.2294,0.2294,0.0,False
14994,Subscription_Boxes,content,0.42324999999999996,0.42324999999999996,0.0,False
14995,Subscription_Boxes,price,0.4215,0.296,-0.1255,True
14997,Subscription_Boxes,billing,0.0,0.0,0.0,False
14997,Subscription_Boxes,delivery,0.0,0.0,0.0,False
14997,Subscription_Boxes,packaging,0.0,0.0,0.0,False
14999,Subscription_Boxes,content,-0.0654,-0.0654,0.0,False
15001,Subscription_Boxes,billing,0.0,0.0,0.0,False
15001,Subscription_Boxes,quality,0.0,0.0,0.0,False
15001,Subscription_Boxes,delivery,0.4939,0.4939,0.0,False
15001,Subscription_Boxes,content,0.4939,0.4939,0.0,False
15003,Subscription_Boxes,delivery,0.8643,0.8643,0.0,False
15003,Subscription_Boxes,content,0.8643,0.8643,0.0,False
15004,Subscription_Boxes,advertising,0.0,0.0,0.0,False
15004,Subscription_Boxes,billing,0.0,0.0,0.0,False
15005,Subscription_Boxes,price,0.2263,0.2263,0.0,False
15006,Subscription_Boxes,quality,0.6209,0.6209,0.0,False
15006,Subscription_Boxes,content,0.38472,0.38472,0.0,False
15008,Subscription_Boxes,billing,-0.25,-0.25,0.0,False
15008,Subscription_Boxes,content,0.4767,0.4767,0.0,False
15008,Subscription_Boxes,price,0.4767,0.4767,0.0,False
15010,Subscription_Boxes,quality,0.7897,0.7897,0.0,False
15014,Subscription_Boxes,content,0.6369,0.6369,0.0,False
15018,Subscription_Boxes,delivery,0.3057,0.3057,0.0,False
15018,Subscription_Boxes,content,0.20095,0.20095,0.0,False
15019,Subscription_Boxes,content,0.5106,0.5106,0.0,False
15021,Subscription_Boxes,content,0.079,0.079,0.0,False
15022,Subscription_Boxes,content,0.0,0.0,0.0,False
15023,Subscription_Boxes,content,0.6486,0.6486,0.0,False
15025,Subscription_Boxes,billing,0.4767,0.4767,0.0,False
15026,Subscription_Boxes,quality,0.2263,0.2263,0.0,False
15027,Subscription_Boxes,price,0.3252,0.3252,0.0,False
15027,Subscription_Boxes,content,-0.644,-0.644,0.0,False
15028,Subscription_Boxes,quality,-0.509,-0.509,0.0,False
15029,Subscription_Boxes,delivery,0.7717,0.7717,0.0,False
15030,Subscription_Boxes,content,0.21075,0.14049999999999999,-0.07025,True
15031,Subscription_Boxes,content,0.6981,0.6981,0.0,False
15033,Subscription_Boxes,content,0.4527333333333334,0.4527333333333334,0.0,False
15034,Subscription_Boxes,quality,-0.0005000000000000004,-0.0005000000000000004,0.0,False
15035,Subscription_Boxes,billing,0.6897,-0.25,-0.9397,True
15035,Subscription_Boxes,content,0.19987999999999997,0.19987999999999997,0.0,False
15035,Subscription_Boxes,price,0.3289333333333333,0.3289333333333333,0.0,False
15036,Subscription_Boxes,delivery,-0.5719,-0.5719,0.0,False
15037,Subscription_Boxes,content,-0.7648,-0.7648,0.0,False
15038,Subscription_Boxes,content,0.37904999999999994,0.37904999999999994,0.0,False
15039,Subscription_Boxes,content,0.8591,0.8591,0.0,False
15040,Subscription_Boxes,content,0.4404,0.4404,0.0,False
15042,Subscription_Boxes,price,0.9215,0.9215,0.0,False
15042,Subscription_Boxes,content,0.647075,0.647075,0.0,False
15046,Subscription_Boxes,content,0.9199,0.9199,0.0,False
15047,Subscription_Boxes,content,0.9195,0.9195,0.0,False
15047,Subscription_Boxes,quality,0.9195,0.9195,0.0,False
15047,Subscription_Boxes,delivery,0.08105000000000001,0.08105000000000001,0.0,False
15048,Subscription_Boxes,content,-0.105575,-0.128075,-0.022499999999999992,True
15048,Subscription_Boxes,quality,0.09,0.0,-0.09,True
15048,Subscription_Boxes,price,0.09,0.0,-0.09,True
15049,Subscription_Boxes,content,0.80185,0.80185,0.0,False
15050,Subscription_Boxes,quality,0.4005,0.4005,0.0,False
15050,Subscription_Boxes,content,0.41786666666666666,0.41786666666666666,0.0,False
15051,Subscription_Boxes,content,0.7301500000000001,0.7301500000000001,0.0,False
15051,Subscription_Boxes,packaging,0.6639,0.6639,0.0,False
15055,Subscription_Boxes,content,0.2377,0.2377,0.0,False
15056,Subscription_Boxes,content,0.7892,0.7892,0.0,False
15057,Subscription_Boxes,price,0.6249,0.6249,0.0,False
15058,Subscription_Boxes,advertising,0.765,0.765,0.0,False
15059,Subscription_Boxes,price,0.3612,0.3612,0.0,False
15061,Subscription_Boxes,price,-0.1531,0.0,0.1531,True
15061,Subscription_Boxes,content,0.0,0.0,0.0,False
15062,Subscription_Boxes,content,0.7193499999999999,0.7193499999999999,0.0,False
15063,Subscription_Boxes,content,0.45594999999999997,0.45594999999999997,0.0,False
15064,Subscription_Boxes,content,0.3182,0.3182,0.0,False
15066,Subscription_Boxes,delivery,-0.6093,-0.6093,0.0,False
15070,Subscription_Boxes,billing,0.4449,0.1779,-0.267,True
15070,Subscription_Boxes,delivery,0.6249,0.6249,0.0,False
15070,Subscription_Boxes,packaging,0.6249,0.6249,0.0,False
15070,Subscription_Boxes,price,0.3114,0.1779,-0.1335,True
15070,Subscription_Boxes,content,0.0,0.0,0.0,False
15075,Subscription_Boxes,delivery,0.5859,0.5859,0.0,False
15077,Subscription_Boxes,billing,0.0,0.0,0.0,False
15077,Subscription_Boxes,content,0.50495,0.50495,0.0,False
15077,Subscription_Boxes,delivery,0.6918500000000001,0.6918500000000001,0.0,False
15078,Subscription_Boxes,delivery,-0.5096,-0.5096,0.0,False
15080,Subscription_Boxes,content,0.4404,0.4404,0.0,False
15083,Subscription_Boxes,price,0.3812,0.3812,0.0,False
15083,Subscription_Boxes,content,0.3135,0.3135,0.0,False
15086,Subscription_Boxes,quality,-0.5849,-0.5849,0.0,False
15086,Subscription_Boxes,price,-0.1695,-0.1695,0.0,False
15086,Subscription_Boxes,delivery,0.0,0.0,0.0,False
15087,Subscription_Boxes,billing,-0.3602,-0.3535,0.006700000000000039,True
15087,Subscription_Boxes,price,-0.28475,-0.28475,0.0,False
15087,Subscription_Boxes,packaging,-0.3602,-0.3535,0.006700000000000039,True
15087,Subscription_Boxes,content,-0.0941,-0.0941,0.0,False
15088,Subscription_Boxes,delivery,0.1901,0.128,-0.06209999999999999,True
15088,Subscription_Boxes,price,0.224,0.19295,-0.031049999999999994,True
15089,Subscription_Boxes,price,0.8773,0.8773,0.0,False
15094,Subscription_Boxes,content,0.7501,0.7501,0.0,False
15094,Subscription_Boxes,packaging,0.6606,0.6606,0.0,False
15094,Subscription_Boxes,price,0.6606,0.6606,0.0,False
15095,Subscription_Boxes,content,0.0,0.0,0.0,False
15096,Subscription_Boxes,content,0.6249,0.6249,0.0,False
15097,Subscription_Boxes,content,0.0010499999999999954,0.5194,0.51835,True
15097,Subscription_Boxes,customer_service,-0.3865,-0.3865,0.0,False
15097,Subscription_Boxes,price,-0.35713333333333336,-0.35713333333333336,0.0,False
15098,Subscription_Boxes,content,-0.1695,-0.1695,0.0,False
15098,Subscription_Boxes,price,-0.1695,-0.1695,0.0,False
15100,Subscription_Boxes,billing,-0.6449,-0.6449,0.0,False
15100,Subscription_Boxes,content,-0.4215,-0.4215,0.0,False
15100,Subscription_Boxes,customer_service,-0.6449,-0.6449,0.0,False
15102,Subscription_Boxes,content,0.636,0.636,0.0,False
15103,Subscription_Boxes,billing,-0.2996,-0.2996,0.0,False
15103,Subscription_Boxes,content,-0.2996,-0.2996,0.0,False
15104,Subscription_Boxes,price,-0.2912,-0.2912,0.0,False
15104,Subscription_Boxes,content,0.1999,0.1999,0.0,False
15106,Subscription_Boxes,billing,0.0,0.0,0.0,False
15106,Subscription_Boxes,content,0.0,0.0,0.0,False
15110,Subscription_Boxes,content,0.79,0.79,0.0,False
15110,Subscription_Boxes,quality,0.79,0.79,0.0,False
15110,Subscription_Boxes,packaging,0.79,0.79,0.0,False
15114,Subscription_Boxes,content,0.48619999999999997,0.48619999999999997,0.0,False
15115,Subscription_Boxes,content,0.7055,0.5733,-0.13219999999999998,True
15116,Subscription_Boxes,content,-0.3182,-0.3182,0.0,False
15117,Subscription_Boxes,billing,-0.4215,-0.4215,0.0,False
15117,Subscription_Boxes,delivery,-0.4215,-0.4215,0.0,False
15117,Subscription_Boxes,price,0.7269,0.7269,0.0,False
15117,Subscription_Boxes,content,0.30733333333333335,0.24573333333333333,-0.061600000000000016,True
15118,Subscription_Boxes,content,0.2419,0.17045000000000002,-0.07144999999999999,True
15118,Subscription_Boxes,delivery,0.0,0.0,0.0,False
15118,Subscription_Boxes,price,0.4588,0.4588,0.0,False
15119,Subscription_Boxes,billing,-0.25,-0.25,0.0,False
15119,Subscription_Boxes,price,0.7916,0.7916,0.0,False
15120,Subscription_Boxes,billing,-0.5037,-0.5037,0.0,False
15120,Subscription_Boxes,content,0.5719,0.5719,0.0,False
15121,Subscription_Boxes,content,-0.3089,-0.3089,0.0,False
15127,Subscription_Boxes,delivery,0.0,0.0,0.0,False
15127,Subscription_Boxes,content,0.8126,0.8126,0.0,False
15129,Subscription_Boxes,content,0.5181,0.5181,0.0,False
15130,Subscription_Boxes,content,0.4588,0.4588,0.0,False
15131,Subscription_Boxes,content,0.6908,0.6908,0.0,False
15133,Subscription_Boxes,content,0.191,-0.6115,-0.8025,True
15134,Subscription_Boxes,packaging,0.5719,0.5719,0.0,False
15136,Subscription_Boxes,content,0.7717,0.38585,-0.38585,True
15138,Subscription_Boxes,content,0.5598,0.5598,0.0,False
15140,Subscription_Boxes,content,0.54935,0.54935,0.0,False
15140,Subscription_Boxes,customer_service,0.6696,0.6696,0.0,False
15140,Subscription_Boxes,price,0.8783,0.8783,0.0,False
15144,Subscription_Boxes,delivery,-0.7742,-0.6964,0.07779999999999998,True
15145,Subscription_Boxes,price,0.3252,0.3252,0.0,False
15145,Subscription_Boxes,content,0.2263,0.2263,0.0,False
15147,Subscription_Boxes,content,0.0,0.0,0.0,False
15148,Subscription_Boxes,content,0.0,0.0,0.0,False
15150,Subscription_Boxes,content,0.7579,0.7579,0.0,False
15150,Subscription_Boxes,price,0.7579,0.7579,0.0,False
15152,Subscription_Boxes,billing,0.0,0.0,0.0,False
15153,Subscription_Boxes,quality,0.0,0.0,0.0,False
15155,Subscription_Boxes,quality,0.7003,0.7003,0.0,False
15155,Subscription_Boxes,price,0.7003,0.7003,0.0,False
15156,Subscription_Boxes,advertising,0.0618,0.0618,0.0,False
15156,Subscription_Boxes,billing,0.0618,0.0618,0.0,False
15159,Subscription_Boxes,quality,0.73085,0.73085,0.0,False
15160,Subscription_Boxes,billing,-0.25,-0.25,0.0,False
15161,Subscription_Boxes,delivery,0.0,0.0,0.0,False
15161,Subscription_Boxes,price,0.0,0.0,0.0,False
15162,Subscription_Boxes,content,0.8977,0.8977,0.0,False
15164,Subscription_Boxes,quality,0.4927,0.4927,0.0,False
15165,Subscription_Boxes,content,0.4215,0.4215,0.0,False
15167,Subscription_Boxes,content,0.2263,0.2263,0.0,False
15167,Subscription_Boxes,price,0.2263,0.2263,0.0,False
15168,Subscription_Boxes,price,-0.4707,-0.4707,0.0,False
15171,Subscription_Boxes,content,0.318,0.318,0.0,False
15172,Subscription_Boxes,content,0.76715,0.76715,0.0,False
15173,Subscription_Boxes,price,-0.12005,-0.12005,0.0,False
15174,Subscription_Boxes,content,0.8687,0.8687,0.0,False
15175,Subscription_Boxes,billing,0.7906,0.7906,0.0,False
15175,Subscription_Boxes,delivery,0.3953,0.3953,0.0,False
15177,Subscription_Boxes,content,0.6249,0.6249,0.0,False
15180,Subscription_Boxes,content,0.09585,0.09585,0.0,False
15180,Subscription_Boxes,price,-0.1695,-0.1695,0.0,False
15185,Subscription_Boxes,content,0.5105000000000001,0.5105000000000001,0.0,False
15185,Subscription_Boxes,delivery,0.2263,0.2263,0.0,False
15185,Subscription_Boxes,packaging,0.8725,0.8725,0.0,False
15186,Subscription_Boxes,advertising,0.0,0.0,0.0,False
15186,Subscription_Boxes,billing,-0.25,-0.25,0.0,False
15186,Subscription_Boxes,content,0.2377,0.2377,0.0,False
15188,Subscription_Boxes,quality,0.4366,0.31845,-0.11814999999999998,True
15188,Subscription_Boxes,content,0.046499999999999986,0.046499999999999986,0.0,False
15190,Subscription_Boxes,content,0.0,0.0,0.0,False
15192,Subscription_Boxes,content,-0.0138,-0.296,-0.2822,True
15193,Subscription_Boxes,content,0.8934,0.8934,0.0,False
15198,Subscription_Boxes,billing,-0.5719,-0.4215,0.15039999999999998,True
15199,Subscription_Boxes,delivery,-0.2732,-0.2732,0.0,False
15204,Subscription_Boxes,price,0.4588,0.4588,0.0,False
15204,Subscription_Boxes,content,0.6113999999999999,0.6113999999999999,0.0,False
15206,Subscription_Boxes,content,0.6696,0.6696,0.0,False
15209,Subscription_Boxes,delivery,0.8866,0.8866,0.0,False
15212,Subscription_Boxes,quality,0.0,0.0,0.0,False
15213,Subscription_Boxes,content,0.0,0.0,0.0,False
15214,Subscription_Boxes,packaging,0.38355,0.38355,0.0,False
15215,Subscription_Boxes,billing,0.0,0.0,0.0,False
15217,Subscription_Boxes,content,0.8519,0.8519,0.0,False
15218,Subscription_Boxes,content,0.0772,0.0772,0.0,False
15218,Subscription_Boxes,price,0.7351,0.7351,0.0,False
15219,Subscription_Boxes,price,-0.1027,-0.1027,0.0,False
15219,Subscription_Boxes,content,0.5826,0.5826,0.0,False
15222,Subscription_Boxes,content,0.0,0.0,0.0,False
15223,Subscription_Boxes,content,0.0,0.0,0.0,False
15223,Subscription_Boxes,price,0.0,0.0,0.0,False
15225,Subscription_Boxes,content,0.8834,0.8834,0.0,False
15226,Subscription_Boxes,packaging,-0.4767,-0.4767,0.0,False
15227,Subscription_Boxes,billing,-0.5719,-0.5719,0.0,False
15227,Subscription_Boxes,quality,0.5106,0.5106,0.0,False
15227,Subscription_Boxes,delivery,0.0,0.0,0.0,False
15229,Subscription_Boxes,price,0.0258,0.0258,0.0,False
15230,Subscription_Boxes,billing,-0.25,-0.25,0.0,False
15230,Subscription_Boxes,content,0.3751,0.3751,0.0,False
15230,Subscription_Boxes,delivery,0.0,0.0,0.0,False
15231,Subscription_Boxes,price,-0.2661,-0.2661,0.0,False
15231,Subscription_Boxes,content,0.4003,0.4003,0.0,False
15233,Subscription_Boxes,delivery,-0.2732,-0.2732,0.0,False
15233,Subscription_Boxes,packaging,0.0,0.0,0.0,False
15235,Subscription_Boxes,price,-0.4215,-0.4215,0.0,False
15239,Subscription_Boxes,delivery,0.4588,0.4588,0.0,False
15240,Subscription_Boxes,content,-0.5423,-0.5423,0.0,False
15241,Subscription_Boxes,content,0.0,0.0,0.0,False
15242,Subscription_Boxes,billing,0.0772,0.0772,0.0,False
15242,Subscription_Boxes,content,0.0,0.0,0.0,False
15243,Subscription_Boxes,content,0.6808,0.6808,0.0,False
15243,Subscription_Boxes,quality,0.6808,0.6808,0.0,False
15243,Subscription_Boxes,delivery,0.7876000000000001,-0.06419999999999998,-0.8518000000000001,True
15244,Subscription_Boxes,price,0.2323,0.0,-0.2323,True
15245,Subscription_Boxes,quality,0.6249,0.6249,0.0,False
15245,Subscription_Boxes,price,0.11315,0.11315,0.0,False
15246,Subscription_Boxes,billing,-0.2023,-0.2023,0.0,False
15249,Subscription_Boxes,content,0.0,0.0,0.0,False
15250,Subscription_Boxes,price,0.4826,0.4826,0.0,False
15251,Subscription_Boxes,quality,0.7096,0.7096,0.0,False
15251,Subscription_Boxes,packaging,0.2732,0.2732,0.0,False
15251,Subscription_Boxes,delivery,0.2732,0.2732,0.0,False
15251,Subscription_Boxes,content,-0.0005999999999999894,-0.1706,-0.17,True
15252,Subscription_Boxes,price,0.5574,0.5574,0.0,False
15252,Subscription_Boxes,content,0.0,0.0,0.0,False
15253,Subscription_Boxes,price,-0.1695,-0.1695,0.0,False
15254,Subscription_Boxes,delivery,0.0,0.0,0.0,False
15254,Subscription_Boxes,content,0.4215,0.4215,0.0,False
15255,Subscription_Boxes,quality,0.2732,0.2732,0.0,False
15255,Subscription_Boxes,content,0.2732,0.2732,0.0,False
15257,Subscription_Boxes,delivery,0.0,0.0,0.0,False
15258,Subscription_Boxes,content,-0.4767,-0.4767,0.0,False
15258,Subscription_Boxes,customer_service,-0.4767,-0.4767,0.0,False
15260,Subscription_Boxes,billing,0.3068,0.08903333333333334,-0.21776666666666666,True
15260,Subscription_Boxes,packaging,0.8176,0.8176,0.0,False
15261,Subscription_Boxes,content,-0.8718,-0.7712,0.10060000000000002,True
15261,Subscription_Boxes,price,-0.8718,-0.7712,0.10060000000000002,True
15262,Subscription_Boxes,billing,0.0,0.0,0.0,False
15262,Subscription_Boxes,price,-0.1695,-0.1695,0.0,False
15265,Subscription_Boxes,quality,0.0,0.0,0.0,False
15265,Subscription_Boxes,content,0.0,0.0,0.0,False
15267,Subscription_Boxes,price,0.0,0.0,0.0,False
15267,Subscription_Boxes,content,0.3057,0.3057,0.0,False
15270,Subscription_Boxes,quality,0.8847,0.6249,-0.25980000000000003,True
15270,Subscription_Boxes,content,-0.3612,0.0,0.3612,True
15271,Subscription_Boxes,content,0.1027,0.1027,0.0,False
15271,Subscription_Boxes,packaging,0.0,0.0,0.0,False
15272,Subscription_Boxes,billing,-0.765,-0.765,0.0,False
15273,Subscription_Boxes,advertising,0.3089,0.3089,0.0,False
15273,Subscription_Boxes,delivery,-0.34,-0.34,0.0,False
15274,Subscription_Boxes,content,0.2732,0.2732,0.0,False
15274,Subscription_Boxes,delivery,0.45215,0.3779,-0.07424999999999998,True
15274,Subscription_Boxes,packaging,0.8735999999999999,0.72765,-0.1459499999999999,True
15275,Subscription_Boxes,content,0.8791,0.8791,0.0,False
15276,Subscription_Boxes,billing,-0.4939,-0.4939,0.0,False
15276,Subscription_Boxes,customer_service,-0.0772,-0.0772,0.0,False
15276,Subscription_Boxes,delivery,-0.025733333333333334,-0.025733333333333334,0.0,False
15276,Subscription_Boxes,content,-0.125,-0.125,0.0,False
15278,Subscription_Boxes,content,0.7901,0.7901,0.0,False
15279,Subscription_Boxes,content,0.5267,0.5267,0.0,False
15281,Subscription_Boxes,delivery,0.0,0.0,0.0,False
15282,Subscription_Boxes,billing,-0.2023,-0.2023,0.0,False
15282,Subscription_Boxes,quality,0.6249,0.6249,0.0,False
15283,Subscription_Boxes,content,0.0,0.0,0.0,False
15284,Subscription_Boxes,content,0.5994,0.5994,0.0,False
15285,Subscription_Boxes,quality,0.9302,0.9302,0.0,False
15287,Subscription_Boxes,content,0.6908,0.6908,0.0,False
15289,Subscription_Boxes,content,0.8047,0.6705,-0.13419999999999999,True
15290,Subscription_Boxes,delivery,0.1591,0.1591,0.0,False
15290,Subscription_Boxes,packaging,0.3818,0.0,-0.3818,True
15291,Subscription_Boxes,quality,0.4019,0.4019,0.0,False
15291,Subscription_Boxes,price,0.44899999999999995,0.4234,-0.025599999999999956,True
15291,Subscription_Boxes,packaging,-0.1027,-0.1027,0.0,False
15291,Subscription_Boxes,content,0.1442857142857143,0.15892857142857145,0.014642857142857152,True
15292,Subscription_Boxes,content,0.8689,0.8689,0.0,False
15293,Subscription_Boxes,delivery,0.0,0.0,0.0,False
15293,Subscription_Boxes,packaging,0.0,0.0,0.0,False
15294,Subscription_Boxes,content,-0.296,-0.296,0.0,False
15294,Subscription_Boxes,quality,-0.296,-0.296,0.0,False
15294,Subscription_Boxes,price,-0.296,-0.296,0.0,False
15295,Subscription_Boxes,price,0.5719,0.5719,0.0,False
15296,Subscription_Boxes,delivery,0.709,0.709,0.0,False
15296,Subscription_Boxes,price,0.709,0.709,0.0,False
15296,Subscription_Boxes,quality,0.709,0.709,0.0,False
15296,Subscription_Boxes,content,0.709,0.709,0.0,False
15298,Subscription_Boxes,packaging,0.3875,0.3875,0.0,False
15299,Subscription_Boxes,content,-0.3875,-0.3875,0.0,False
15301,Subscription_Boxes,content,0.0,0.0,0.0,False
15307,Subscription_Boxes,content,0.5802,0.5802,0.0,False
15307,Subscription_Boxes,packaging,0.8622,0.8622,0.0,False
15307,Subscription_Boxes,price,0.66875,0.66875,0.0,False
15308,Subscription_Boxes,content,0.8481,0.8481,0.0,False
15308,Subscription_Boxes,customer_service,0.1027,0.1027,0.0,False
15309,Subscription_Boxes,price,0.1189,0.1189,0.0,False
15309,Subscription_Boxes,content,0.23304999999999998,0.23304999999999998,0.0,False
15310,Subscription_Boxes,delivery,0.34,0.34,0.0,False
15311,Subscription_Boxes,billing,-0.2714,-0.2714,0.0,False
15311,Subscription_Boxes,content,0.29674999999999996,0.29674999999999996,0.0,False
15319,Subscription_Boxes,content,0.6249,0.6249,0.0,False
15320,Subscription_Boxes,content,-0.24695,-0.24695,0.0,False
15324,Subscription_Boxes,billing,-0.25,-0.25,0.0,False
15324,Subscription_Boxes,quality,0.0,0.0,0.0,False
15324,Subscription_Boxes,price,0.3612,0.3612,0.0,False
15324,Subscription_Boxes,content,0.3993,-0.1027,-0.502,True
15325,Subscription_Boxes,billing,-0.1528,-0.1528,0.0,False
15325,Subscription_Boxes,delivery,0.0,0.0,0.0,False
15325,Subscription_Boxes,price,0.0,0.0,0.0,False
15326,Subscription_Boxes,price,0.8173,0.8173,0.0,False
15326,Subscription_Boxes,content,0.5783,0.5783,0.0,False
15327,Subscription_Boxes,content,0.4404,0.4404,0.0,False
15328,Subscription_Boxes,price,-0.1695,-0.1695,0.0,False
15329,Subscription_Boxes,delivery,0.0,0.0,0.0,False
15330,Subscription_Boxes,content,-0.1779,-0.1779,0.0,False
15330,Subscription_Boxes,price,-0.1779,-0.1779,0.0,False
15332,Subscription_Boxes,content,0.3612,0.3612,0.0,False
15333,Subscription_Boxes,content,0.6249,0.6249,0.0,False
15336,Subscription_Boxes,delivery,0.0,0.0,0.0,False
15336,Subscription_Boxes,packaging,0.1858,0.1858,0.0,False
15336,Subscription_Boxes,price,0.0,0.0,0.0,False
15336,Subscription_Boxes,content,0.28008,0.28008,0.0,False
15338,Subscription_Boxes,delivery,0.0,0.0,0.0,False
15339,Subscription_Boxes,billing,-0.25,-0.25,0.0,False
15339,Subscription_Boxes,content,-0.20345,-0.08646666666666668,0.11698333333333331,True
15339,Subscription_Boxes,delivery,0.34,0.34,0.0,False
15343,Subscription_Boxes,packaging,0.7579,0.7579,0.0,False
15344,Subscription_Boxes,delivery,0.0,0.0,0.0,False
15344,Subscription_Boxes,content,-0.34095,-0.27465,0.06629999999999997,True
15346,Subscription_Boxes,billing,-0.1793,-0.1793,0.0,False
15346,Subscription_Boxes,packaging,0.7224,0.4754,-0.24700000000000005,True
15349,Subscription_Boxes,content,0.37666666666666665,0.275225,-0.10144166666666665,True
15349,Subscription_Boxes,delivery,0.5106,0.5106,0.0,False
15349,Subscription_Boxes,packaging,0.5106,0.5106,0.0,False
15350,Subscription_Boxes,delivery,0.6705,0.6705,0.0,False
15350,Subscription_Boxes,packaging,0.6705,0.6705,0.0,False
15350,Subscription_Boxes,quality,0.6705,0.6705,0.0,False
15350,Subscription_Boxes,content,0.6705,0.6705,0.0,False
15352,Subscription_Boxes,quality,0.7269,0.7269,0.0,False
15354,Subscription_Boxes,quality,0.8481,0.8481,0.0,False
15356,Subscription_Boxes,packaging,0.6249,0.6249,0.0,False
15357,Subscription_Boxes,quality,0.4926,0.4926,0.0,False
15357,Subscription_Boxes,content,0.4926,0.4926,0.0,False
15358,Subscription_Boxes,content,0.743,0.743,0.0,False
15359,Subscription_Boxes,price,0.5175000000000001,0.5175000000000001,0.0,False
15360,Subscription_Boxes,content,0.0,0.0,0.0,False
15361,Subscription_Boxes,quality,0.7003,0.7003,0.0,False
15363,Subscription_Boxes,packaging,0.1531,0.1531,0.0,False
15364,Subscription_Boxes,content,-0.2469,0.4215,0.6684,True
15365,Subscription_Boxes,quality,0.6369,0.6369,0.0,False
15365,Subscription_Boxes,content,0.6369,0.6369,0.0,False
15366,Subscription_Boxes,billing,-0.25,-0.25,0.0,False
15366,Subscription_Boxes,packaging,0.6249,0.6249,0.0,False
15367,Subscription_Boxes,content,0.0022999999999999965,-0.03404999999999997,-0.036349999999999966,True
15368,Subscription_Boxes,content,0.4939,0.4939,0.0,False
15370,Subscription_Boxes,billing,-0.25,-0.25,0.0,False
15371,Subscription_Boxes,price,0.8569,0.8569,0.0,False
15371,Subscription_Boxes,content,0.4183333333333333,0.3421,-0.07623333333333326,True
15372,Subscription_Boxes,billing,0.1806,0.1806,0.0,False
15372,Subscription_Boxes,customer_service,-0.5106,-0.4767,0.03390000000000004,True
15373,Subscription_Boxes,content,0.6367333333333334,0.6367333333333334,0.0,False
15374,Subscription_Boxes,quality,-0.0644,0.1027,0.1671,True
15375,Subscription_Boxes,price,0.4404,0.4404,0.0,False
15375,Subscription_Boxes,content,0.5563,0.5563,0.0,False
15377,Subscription_Boxes,content,0.305075,0.305075,0.0,False
15379,Subscription_Boxes,content,0.0,0.0,0.0,False
15379,Subscription_Boxes,packaging,0.0,0.0,0.0,False
15380,Subscription_Boxes,content,0.5574,0.5574,0.0,False
15385,Subscription_Boxes,delivery,0.4939,0.4939,0.0,False
15385,Subscription_Boxes,content,0.4939,0.4939,0.0,False
15387,Subscription_Boxes,delivery,-0.17500000000000004,-0.17500000000000004,0.0,False
15388,Subscription_Boxes,content,0.6405000000000001,0.6405000000000001,0.0,False
15389,Subscription_Boxes,quality,0.0,0.0,0.0,False
15389,Subscription_Boxes,content,0.0,0.0,0.0,False
15390,Subscription_Boxes,content,0.765,0.765,0.0,False
15391,Subscription_Boxes,price,0.2263,0.2263,0.0,False
15391,Subscription_Boxes,content,0.0,0.0,0.0,False
15393,Subscription_Boxes,delivery,0.5684,0.5684,0.0,False
15393,Subscription_Boxes,content,-0.5574,-0.5574,0.0,False
15394,Subscription_Boxes,price,0.4588,0.4588,0.0,False
15394,Subscription_Boxes,content,0.27092,0.27092,0.0,False
15395,Subscription_Boxes,delivery,-0.68,-0.68,0.0,False
15396,Subscription_Boxes,content,0.9118,0.9118,0.0,False
15397,Subscription_Boxes,content,0.7579,0.7579,0.0,False
15397,Subscription_Boxes,price,0.7579,0.7579,0.0,False
15399,Subscription_Boxes,content,0.5588,0.5588,0.0,False
15403,Subscription_Boxes,price,-0.3818,-0.3818,0.0,False
15404,Subscription_Boxes,content,0.0,0.0,0.0,False
15406,Subscription_Boxes,billing,-0.125,-0.125,0.0,False
15406,Subscription_Boxes,customer_service,-0.2924,-0.2924,0.0,False
15406,Subscription_Boxes,delivery,0.0,0.0,0.0,False
15406,Subscription_Boxes,price,-0.2924,-0.2924,0.0,False
15407,Subscription_Boxes,content,0.8467,0.8467,0.0,False
15408,Subscription_Boxes,price,0.4106,0.4106,0.0,False
15409,Subscription_Boxes,content,0.0,0.0,0.0,False
15410,Subscription_Boxes,content,0.7942,0.7942,0.0,False
15411,Subscription_Boxes,content,0.8885,0.8885,0.0,False
15414,Subscription_Boxes,billing,-0.25,-0.25,0.0,False
15417,Subscription_Boxes,delivery,0.2382,0.0,-0.2382,True
15417,Subscription_Boxes,packaging,0.8883,0.8883,0.0,False
15417,Subscription_Boxes,quality,0.8883,0.8883,0.0,False
15417,Subscription_Boxes,content,0.6114,0.6114,0.0,False
15419,Subscription_Boxes,price,-0.0127,-0.1695,-0.15680000000000002,True
15420,Subscription_Boxes,delivery,0.3657,0.3657,0.0,False
15422,Subscription_Boxes,content,0.6361,0.6361,0.0,False
15423,Subscription_Boxes,price,0.5719,0.2263,-0.34559999999999996,True
15423,Subscription_Boxes,content,0.50615,0.33335000000000004,-0.17279999999999995,True
15424,Subscription_Boxes,content,0.6249,0.6249,0.0,False
15426,Subscription_Boxes,delivery,-0.6486,-0.6486,0.0,False
15427,Subscription_Boxes,content,0.017099999999999976,0.25475,0.23765,True
15428,Subscription_Boxes,content,0.1531,0.1027,-0.050400000000000014,True
15429,Subscription_Boxes,quality,0.0,0.0,0.0,False
15430,Subscription_Boxes,content,0.0,0.0,0.0,False
15431,Subscription_Boxes,content,-0.3818,-0.3818,0.0,False
15431,Subscription_Boxes,price,-0.3818,-0.3818,0.0,False
15435,Subscription_Boxes,delivery,0.5994,0.5994,0.0,False
15436,Subscription_Boxes,quality,0.8012,0.8012,0.0,False
15437,Subscription_Boxes,billing,0.0,0.0,0.0,False
15437,Subscription_Boxes,customer_service,-0.3818,0.6908,1.0726,True
15437,Subscription_Boxes,price,-0.1909,0.3454,0.5363,True
15438,Subscription_Boxes,price,-0.7618,-0.36460000000000004,0.3972,True
15439,Subscription_Boxes,billing,0.0,0.0,0.0,False
15439,Subscription_Boxes,delivery,0.0,0.0,0.0,False
15439,Subscription_Boxes,price,0.34,0.34,0.0,False
15439,Subscription_Boxes,packaging,0.2732,0.2732,0.0,False
15439,Subscription_Boxes,content,0.038125000000000006,0.076775,0.03864999999999999,True
15440,Subscription_Boxes,content,0.4199,0.4199,0.0,False
15441,Subscription_Boxes,content,0.636,0.636,0.0,False
15442,Subscription_Boxes,quality,0.4927,0.4927,0.0,False
15442,Subscription_Boxes,content,0.0,0.0,0.0,False
15443,Subscription_Boxes,billing,-0.5106,-0.5106,0.0,False
15443,Subscription_Boxes,content,0.0,0.0,0.0,False
15444,Subscription_Boxes,delivery,0.0,0.0,0.0,False
15444,Subscription_Boxes,packaging,0.42765,0.42765,0.0,False
15445,Subscription_Boxes,delivery,0.8519,0.8519,0.0,False
15445,Subscription_Boxes,packaging,0.7906,0.7906,0.0,False
15446,Subscription_Boxes,price,0.4927,0.4927,0.0,False
15448,Subscription_Boxes,billing,0.1901,0.0,-0.1901,True
15448,Subscription_Boxes,content,0.4404,0.4404,0.0,False
15448,Subscription_Boxes,price,0.1901,0.0,-0.1901,True
15449,Subscription_Boxes,delivery,0.4215,0.4215,0.0,False
15450,Subscription_Boxes,content,0.3182,0.3182,0.0,False
15451,Subscription_Boxes,content,0.1018,0.0,-0.1018,True
15451,Subscription_Boxes,price,0.0,0.0,0.0,False
15453,Subscription_Boxes,delivery,0.0,0.0,0.0,False
15453,Subscription_Boxes,price,0.0,0.0,0.0,False
15454,Subscription_Boxes,content,0.7717,0.7717,0.0,False
15454,Subscription_Boxes,price,0.7717,0.7717,0.0,False
15455,Subscription_Boxes,content,0.8522,0.8522,0.0,False
15456,Subscription_Boxes,content,0.765,0.765,0.0,False
15457,Subscription_Boxes,content,0.0,0.0,0.0,False
15458,Subscription_Boxes,billing,-0.25,-0.25,0.0,False
15458,Subscription_Boxes,content,0.6617500000000001,0.6617500000000001,0.0,False
15458,Subscription_Boxes,price,0.7693,0.7693,0.0,False
15463,Subscription_Boxes,content,0.25,0.25,0.0,False
15464,Subscription_Boxes,content,0.6369,0.6369,0.0,False
15467,Subscription_Boxes,content,0.6115,0.6115,0.0,False
15467,Subscription_Boxes,packaging,0.4795,0.4795,0.0,False
15468,Subscription_Boxes,content,0.10139999999999999,0.10139999999999999,0.0,False
15470,Subscription_Boxes,content,0.9273,0.9273,0.0,False
15473,Subscription_Boxes,content,0.0,0.0,0.0,False
15475,Subscription_Boxes,delivery,0.832,0.832,0.0,False
15475,Subscription_Boxes,quality,0.832,0.832,0.0,False
15477,Subscription_Boxes,billing,0.128,0.128,0.0,False
15477,Subscription_Boxes,content,0.44235,0.0,-0.44235,True
15477,Subscription_Boxes,price,0.0,0.0,0.0,False
15478,Subscription_Boxes,content,0.72265,0.72265,0.0,False
15480,Subscription_Boxes,price,0.5994,0.5994,0.0,False
15482,Subscription_Boxes,price,-0.3305,0.6369,0.9674,True
15483,Subscription_Boxes,quality,0.6597,0.6597,0.0,False
15483,Subscription_Boxes,content,0.6597,0.6597,0.0,False
15484,Subscription_Boxes,content,0.6249,0.6249,0.0,False
15485,Subscription_Boxes,content,0.6369,0.6369,0.0,False
15486,Subscription_Boxes,content,-0.0387,-0.0387,0.0,False
15487,Subscription_Boxes,price,-0.8226,-0.72435,0.09824999999999995,True
15488,Subscription_Boxes,billing,0.2263,0.2263,0.0,False
15488,Subscription_Boxes,content,0.0,0.0,0.0,False
15491,Subscription_Boxes,price,0.5256,0.5256,0.0,False
15493,Subscription_Boxes,billing,-0.6705,-0.6705,0.0,False
15493,Subscription_Boxes,price,-0.4973,-0.4973,0.0,False
15494,Subscription_Boxes,billing,-0.128,-0.128,0.0,False
15494,Subscription_Boxes,customer_service,-0.128,-0.128,0.0,False
15496,Subscription_Boxes,content,0.6369,0.6369,0.0,False
15496,Subscription_Boxes,price,0.6369,0.6369,0.0,False
15497,Subscription_Boxes,delivery,-0.4767,-0.4404,0.0363,True
15497,Subscription_Boxes,packaging,-0.4767,0.3612,0.8379000000000001,True
15498,Subscription_Boxes,content,0.09106666666666667,0.09106666666666667,0.0,False
15498,Subscription_Boxes,quality,0.2732,0.2732,0.0,False
15498,Subscription_Boxes,price,-0.1695,-0.1695,0.0,False
15500,Subscription_Boxes,content,0.6114,0.6114,0.0,False
15502,Subscription_Boxes,content,-0.296,-0.296,0.0,False
15503,Subscription_Boxes,price,0.4927,0.4927,0.0,False
15504,Subscription_Boxes,price,0.5767,0.5767,0.0,False
15505,Subscription_Boxes,content,0.6652,0.2553,-0.4099,True
15508,Subscription_Boxes,content,0.9202,0.6249,-0.2953,True
15512,Subscription_Boxes,advertising,-0.2006,-0.2006,0.0,False
15512,Subscription_Boxes,content,-0.12735,-0.23102499999999998,-0.10367499999999999,True
15512,Subscription_Boxes,packaging,-0.3071,0.0,0.3071,True
15513,Subscription_Boxes,content,0.4000333333333333,0.24780000000000002,-0.15223333333333328,True
15513,Subscription_Boxes,quality,0.0,0.0,0.0,False
15513,Subscription_Boxes,delivery,0.0,0.0,0.0,False
15514,Subscription_Boxes,content,0.92,0.92,0.0,False
15515,Subscription_Boxes,content,0.6588,0.6588,0.0,False
15516,Subscription_Boxes,price,-0.434,-0.434,0.0,False
15517,Subscription_Boxes,content,-0.5661,-0.5661,0.0,False
15519,Subscription_Boxes,content,0.7851,0.7851,0.0,False
15520,Subscription_Boxes,content,-0.148,-0.148,0.0,False
15521,Subscription_Boxes,billing,-0.07944999999999999,-0.09455,-0.015100000000000002,True
15521,Subscription_Boxes,content,0.2094,0.2094,0.0,False
15522,Subscription_Boxes,delivery,0.5106,0.5106,0.0,False
15523,Subscription_Boxes,content,0.0386,0.0386,0.0,False
15524,Subscription_Boxes,content,0.55545,0.55545,0.0,False
15524,Subscription_Boxes,quality,-0.0258,-0.0258,0.0,False
15524,Subscription_Boxes,price,0.26213333333333333,0.22416666666666665,-0.037966666666666676,True
15526,Subscription_Boxes,billing,0.0,0.0,0.0,False
15526,Subscription_Boxes,quality,0.46295,0.46295,0.0,False
15526,Subscription_Boxes,advertising,0.0,0.0,0.0,False
15526,Subscription_Boxes,content,0.5859,0.5859,0.0,False
15527,Subscription_Boxes,price,0.2263,0.2263,0.0,False
15528,Subscription_Boxes,price,0.5106,0.5106,0.0,False
15528,Subscription_Boxes,packaging,0.5106,0.5106,0.0,False
15529,Subscription_Boxes,content,0.56225,0.56225,0.0,False
15530,Subscription_Boxes,billing,0.0,0.0,0.0,False
15530,Subscription_Boxes,quality,-0.434,-0.434,0.0,False
15530,Subscription_Boxes,price,-0.434,-0.434,0.0,False
15531,Subscription_Boxes,price,-0.3818,-0.3818,0.0,False
15535,Subscription_Boxes,content,0.8157,0.8157,0.0,False
15536,Subscription_Boxes,content,0.6981,0.6981,0.0,False
15539,Subscription_Boxes,content,0.4215,0.4215,0.0,False
15540,Subscription_Boxes,billing,-0.59265,-0.59265,0.0,False
15540,Subscription_Boxes,customer_service,-0.61215,-0.61215,0.0,False
15540,Subscription_Boxes,advertising,-0.5859,-0.5859,0.0,False
15540,Subscription_Boxes,content,-0.5859,-0.5859,0.0,False
15543,Subscription_Boxes,content,-0.4576,-0.4576,0.0,False
15546,Subscription_Boxes,content,0.0,0.0,0.0,False
15547,Subscription_Boxes,content,-0.1027,-0.1027,0.0,False
15548,Subscription_Boxes,content,0.8126,0.8126,0.0,False
15553,Subscription_Boxes,billing,-0.25,-0.25,0.0,False
15553,Subscription_Boxes,content,-0.18185,-0.18185,0.0,False
15554,Subscription_Boxes,content,0.0,0.0,0.0,False
15556,Subscription_Boxes,quality,0.8481,0.8481,0.0,False
15558,Subscription_Boxes,quality,0.7003,0.7003,0.0,False
15558,Subscription_Boxes,content,0.7003,0.7003,0.0,False
15560,Subscription_Boxes,content,0.43547500000000006,0.27332500000000004,-0.16215000000000002,True
15565,Subscription_Boxes,price,0.0,0.0,0.0,False
15566,Subscription_Boxes,content,0.4754,0.4754,0.0,False
15568,Subscription_Boxes,content,0.3478,0.2733333333333334,-0.07446666666666663,True
15568,Subscription_Boxes,price,0.3736,0.2552,-0.1184,True
15569,Subscription_Boxes,quality,0.5106,0.6249,0.11429999999999996,True
15569,Subscription_Boxes,content,0.2579,0.2579,0.0,False
15571,Subscription_Boxes,content,0.27440000000000003,0.27440000000000003,0.0,False
15572,Subscription_Boxes,quality,0.0,0.0,0.0,False
15573,Subscription_Boxes,content,0.0,0.0,0.0,False
15574,Subscription_Boxes,price,0.7579,0.7579,0.0,False
15574,Subscription_Boxes,content,0.6114,0.6114,0.0,False
15575,Subscription_Boxes,billing,0.3612,0.3612,0.0,False
15575,Subscription_Boxes,content,0.20902500000000002,0.24722,0.03819499999999998,True
15575,Subscription_Boxes,price,0.3612,0.3612,0.0,False
15577,Subscription_Boxes,billing,0.7003,0.7003,0.0,False
15577,Subscription_Boxes,price,-0.4678,-0.4767,-0.008900000000000019,True
15578,Subscription_Boxes,advertising,-0.5994,-0.5994,0.0,False
15578,Subscription_Boxes,content,-0.35105000000000003,-0.35105000000000003,0.0,False
15578,Subscription_Boxes,quality,-0.35105000000000003,-0.35105000000000003,0.0,False
15579,Subscription_Boxes,content,0.7178,0.7178,0.0,False
15579,Subscription_Boxes,price,0.7178,0.7178,0.0,False
15580,Subscription_Boxes,delivery,0.4404,0.4404,0.0,False
15580,Subscription_Boxes,content,0.42115,0.42115,0.0,False
15585,Subscription_Boxes,quality,0.7059,0.5676,-0.13829999999999998,True
15585,Subscription_Boxes,content,0.5181666666666667,0.4799,-0.03826666666666667,True
15586,Subscription_Boxes,content,0.6249,0.6249,0.0,False
15587,Subscription_Boxes,content,0.212025,0.212025,0.0,False
15588,Subscription_Boxes,delivery,0.0,0.0,0.0,False
15590,Subscription_Boxes,content,0.6369,0.6369,0.0,False
15590,Subscription_Boxes,price,0.4588,0.4588,0.0,False
15591,Subscription_Boxes,price,0.6249,0.6249,0.0,False
15591,Subscription_Boxes,content,0.802,0.6369,-0.16510000000000002,True
15592,Subscription_Boxes,delivery,0.8105,0.8105,0.0,False
15593,Subscription_Boxes,content,0.6801,0.6801,0.0,False
15594,Subscription_Boxes,content,0.08175,0.08175,0.0,False
15596,Subscription_Boxes,content,0.8126,0.8126,0.0,False
15596,Subscription_Boxes,price,0.8126,0.8126,0.0,False
15597,Subscription_Boxes,billing,0.7352,-0.2023,-0.9375,True
15597,Subscription_Boxes,content,0.7352,0.5475,-0.18769999999999998,True
15599,Subscription_Boxes,quality,0.6369,0.6369,0.0,False
15599,Subscription_Boxes,content,0.5838,0.5838,0.0,False
15600,Subscription_Boxes,delivery,0.6486,0.6486,0.0,False
15601,Subscription_Boxes,content,0.4188,0.38039999999999996,-0.038400000000000045,True
15601,Subscription_Boxes,packaging,0.6124,0.4588,-0.15360000000000007,True
15601,Subscription_Boxes,price,0.4201,0.4201,0.0,False
15602,Subscription_Boxes,content,-0.4767,-0.4767,0.0,False
15603,Subscription_Boxes,content,0.5267,0.5267,0.0,False
15604,Subscription_Boxes,billing,0.2761,0.22515000000000002,-0.050949999999999995,True
15604,Subscription_Boxes,customer_service,0.2553,0.2553,0.0,False
15604,Subscription_Boxes,quality,-0.4181,-0.4181,0.0,False
15604,Subscription_Boxes,price,0.2294,0.2294,0.0,False
15604,Subscription_Boxes,packaging,0.02566666666666667,0.02566666666666667,0.0,False
15604,Subscription_Boxes,content,0.15293333333333334,0.15293333333333334,0.0,False
15605,Subscription_Boxes,content,0.49429999999999996,0.17,-0.3242999999999999,True
15606,Subscription_Boxes,content,-0.3182,-0.3182,0.0,False
15610,Subscription_Boxes,content,0.0,0.0,0.0,False
15610,Subscription_Boxes,packaging,-0.13775,-0.13775,0.0,False
15610,Subscription_Boxes,price,0.2263,0.2263,0.0,False
15614,Subscription_Boxes,content,0.6686000000000001,0.5386500000000001,-0.12995,True
15615,Subscription_Boxes,price,0.4404,0.4404,0.0,False
15615,Subscription_Boxes,content,0.20892,0.20892,0.0,False
15621,Subscription_Boxes,content,0.46635000000000004,0.0257,-0.44065000000000004,True
15621,Subscription_Boxes,price,0.3612,0.3612,0.0,False
15622,Subscription_Boxes,billing,-0.25,-0.25,0.0,False
15622,Subscription_Boxes,quality,-0.1531,-0.1531,0.0,False
15622,Subscription_Boxes,price,-0.1531,-0.1531,0.0,False
15623,Subscription_Boxes,content,0.17020000000000002,0.17020000000000002,0.0,False
15624,Subscription_Boxes,billing,-0.088,-0.25,-0.162,True
15624,Subscription_Boxes,delivery,0.9001,0.9001,0.0,False
15624,Subscription_Boxes,packaging,0.9001,0.9001,0.0,False
15624,Subscription_Boxes,content,0.8316,0.8316,0.0,False
15626,Subscription_Boxes,content,0.2023,0.2023,0.0,False
15627,Subscription_Boxes,billing,-0.6249,-0.25,0.3749,True
15627,Subscription_Boxes,content,0.6369,0.6369,0.0,False
15628,Subscription_Boxes,billing,-0.3612,-0.25,0.11120000000000002,True
15628,Subscription_Boxes,content,0.044500000000000005,0.044500000000000005,0.0,False
15629,Subscription_Boxes,billing,-0.25,-0.25,0.0,False
15629,Subscription_Boxes,content,0.2263,0.4215,0.19519999999999998,True
15629,Subscription_Boxes,delivery,0.2263,0.0,-0.2263,True
15630,Subscription_Boxes,content,0.0,0.0,0.0,False
15631,Subscription_Boxes,price,0.6486,0.6486,0.0,False
15631,Subscription_Boxes,content,0.6892,0.6892,0.0,False
15632,Subscription_Boxes,delivery,0.5413,0.5413,0.0,False
15633,Subscription_Boxes,delivery,0.6841,0.6841,0.0,False
15633,Subscription_Boxes,price,0.4019,0.4019,0.0,False
15634,Subscription_Boxes,content,0.0,0.0,0.0,False
15634,Subscription_Boxes,price,0.0,0.0,0.0,False
15635,Subscription_Boxes,quality,0.5994,0.5994,0.0,False
15635,Subscription_Boxes,price,0.0,0.0,0.0,False
15636,Subscription_Boxes,billing,0.0,0.0,0.0,False
15636,Subscription_Boxes,price,-0.4149,-0.4149,0.0,False
15637,Subscription_Boxes,content,0.4939,0.4939,0.0,False
15637,Subscription_Boxes,price,0.5267,0.5267,0.0,False
15641,Subscription_Boxes,content,0.57656,0.5106714285714286,-0.06588857142857141,True
15642,Subscription_Boxes,price,0.7644,0.7644,0.0,False
15642,Subscription_Boxes,packaging,0.92,0.92,0.0,False
15643,Subscription_Boxes,content,0.34,0.34,0.0,False
15644,Subscription_Boxes,delivery,0.7865,0.7865,0.0,False
15644,Subscription_Boxes,content,0.0,0.0,0.0,False
15647,Subscription_Boxes,delivery,0.3182,0.3182,0.0,False
15649,Subscription_Boxes,quality,0.7264,0.7264,0.0,False
15649,Subscription_Boxes,price,0.7264,0.7264,0.0,False
15650,Subscription_Boxes,billing,0.0,0.0,0.0,False
15651,Subscription_Boxes,delivery,0.4404,0.4404,0.0,False
15652,Subscription_Boxes,content,0.44730000000000003,0.44730000000000003,0.0,False
15654,Subscription_Boxes,content,0.57375,0.57375,0.0,False
15655,Subscription_Boxes,delivery,0.0,0.0,0.0,False
15655,Subscription_Boxes,content,0.54125,0.54125,0.0,False
15656,Subscription_Boxes,content,0.23440000000000003,0.23440000000000003,0.0,False
15656,Subscription_Boxes,quality,0.3182,0.3182,0.0,False
15656,Subscription_Boxes,packaging,0.787,0.787,0.0,False
15659,Subscription_Boxes,content,-0.1779,-0.1779,0.0,False
15660,Subscription_Boxes,delivery,0.6369,0.6369,0.0,False
15662,Subscription_Boxes,price,-0.4215,-0.4215,0.0,False
15663,Subscription_Boxes,content,0.0,0.0,0.0,False
15665,Subscription_Boxes,content,0.0,0.0,0.0,False
15666,Subscription_Boxes,content,0.42685,0.3685333333333333,-0.05831666666666668,True
15667,Subscription_Boxes,billing,-0.3612,-0.25,0.11120000000000002,True
15667,Subscription_Boxes,price,-0.1695,-0.1695,0.0,False
15669,Subscription_Boxes,delivery,0.6486,0.6486,0.0,False
15669,Subscription_Boxes,content,0.5574,0.5574,0.0,False
15670,Subscription_Boxes,content,0.5719,0.5719,0.0,False
15671,Subscription_Boxes,content,0.117,0.117,0.0,False
15671,Subscription_Boxes,packaging,0.4404,0.4404,0.0,False
15671,Subscription_Boxes,price,0.234,0.234,0.0,False
15672,Subscription_Boxes,price,0.34,0.34,0.0,False
15674,Subscription_Boxes,content,0.2155,0.1806,-0.03489999999999999,True
15675,Subscription_Boxes,content,0.7783,0.3612,-0.41709999999999997,True
15679,Subscription_Boxes,price,-0.4215,-0.4215,0.0,False
15681,Subscription_Boxes,content,-0.4516,-0.3197,0.13190000000000002,True
15681,Subscription_Boxes,price,-0.2258,-0.15985,0.06595000000000001,True
15683,Subscription_Boxes,content,0.6369,0.6369,0.0,False
15684,Subscription_Boxes,content,0.6249,0.6249,0.0,False
15685,Subscription_Boxes,content,0.0,0.0,0.0,False
15686,Subscription_Boxes,content,0.16007500000000002,0.16007500000000002,0.0,False
15687,Subscription_Boxes,quality,0.4019,0.4019,0.0,False
15687,Subscription_Boxes,packaging,0.0,0.0,0.0,False
15688,Subscription_Boxes,quality,0.4404,0.4404,0.0,False
15688,Subscription_Boxes,content,0.4404,0.4404,0.0,False
15689,Subscription_Boxes,price,-0.2222,-0.2222,0.0,False
15689,Subscription_Boxes,content,0.41355,0.41355,0.0,False
15690,Subscription_Boxes,content,-0.6249,-0.6249,0.0,False
15690,Subscription_Boxes,packaging,-0.6249,-0.6249,0.0,False
15692,Subscription_Boxes,content,0.8147,0.6239,-0.19079999999999997,True
15694,Subscription_Boxes,price,0.4404,0.4404,0.0,False
15694,Subscription_Boxes,content,0.5793333333333334,0.5793333333333334,0.0,False
15697,Subscription_Boxes,content,0.5799,0.5799,0.0,False
15698,Subscription_Boxes,content,0.6331,0.6331,0.0,False
15699,Subscription_Boxes,content,0.25139999999999996,0.25139999999999996,0.0,False
15699,Subscription_Boxes,quality,0.8074,0.8074,0.0,False
15699,Subscription_Boxes,delivery,0.0,0.0,0.0,False
15700,Subscription_Boxes,quality,0.0,0.0,0.0,False
15700,Subscription_Boxes,content,0.5994,0.5994,0.0,False
15701,Subscription_Boxes,billing,0.8716,-0.5688,-1.4404,True
15701,Subscription_Boxes,delivery,0.8716,-0.5688,-1.4404,True
15702,Subscription_Boxes,price,0.0,0.0,0.0,False
15702,Subscription_Boxes,content,0.4533333333333333,0.4533333333333333,0.0,False
15705,Subscription_Boxes,content,0.5106,0.5106,0.0,False
15707,Subscription_Boxes,content,0.0,0.0,0.0,False
15709,Subscription_Boxes,billing,0.022,0.022,0.0,False
15709,Subscription_Boxes,content,0.46199999999999997,0.2873,-0.17469999999999997,True
15709,Subscription_Boxes,price,0.022,0.022,0.0,False
15710,Subscription_Boxes,content,0.6974,0.6974,0.0,False
15711,Subscription_Boxes,content,0.4939,0.4939,0.0,False
15712,Subscription_Boxes,delivery,0.5719,0.5719,0.0,False
15712,Subscription_Boxes,packaging,0.785,0.785,0.0,False
15714,Subscription_Boxes,content,0.3592,0.3592,0.0,False
15714,Subscription_Boxes,delivery,0.7269,0.7269,0.0,False
15714,Subscription_Boxes,packaging,0.7269,0.7269,0.0,False
15715,Subscription_Boxes,price,0.13826666666666665,0.13826666666666665,0.0,False
15718,Subscription_Boxes,content,0.4404,0.4404,0.0,False
15720,Subscription_Boxes,quality,0.7964,0.7964,0.0,False
15720,Subscription_Boxes,content,0.4019,0.4019,0.0,False
15722,Subscription_Boxes,delivery,0.4574,0.4574,0.0,False
15722,Subscription_Boxes,content,0.7567666666666667,0.7567666666666667,0.0,False
15723,Subscription_Boxes,billing,-0.1779,-0.1779,0.0,False
15723,Subscription_Boxes,content,-0.1779,-0.1779,0.0,False
15725,Subscription_Boxes,price,-0.2584,-0.2584,0.0,False
15726,Subscription_Boxes,billing,0.65,-0.3952,-1.0452,True
15726,Subscription_Boxes,content,-0.12019999999999999,-0.14323333333333335,-0.023033333333333364,True
15728,Subscription_Boxes,packaging,-0.3749,-0.3749,0.0,False
15729,Subscription_Boxes,billing,-0.3089,-0.3089,0.0,False
15729,Subscription_Boxes,customer_service,-0.3089,-0.3089,0.0,False
15729,Subscription_Boxes,quality,0.9097,0.9097,0.0,False
15729,Subscription_Boxes,delivery,-0.10296666666666666,-0.10296666666666666,0.0,False
15729,Subscription_Boxes,price,-0.08475,-0.08475,0.0,False
15729,Subscription_Boxes,content,0.0,0.0,0.0,False
15730,Subscription_Boxes,content,0.4754,0.4754,0.0,False
15730,Subscription_Boxes,quality,0.4754,0.4754,0.0,False
15730,Subscription_Boxes,delivery,0.0,0.0,0.0,False
15731,Subscription_Boxes,billing,-0.25,-0.25,0.0,False
15731,Subscription_Boxes,quality,0.0,0.0,0.0,False
15732,Subscription_Boxes,content,0.6737500000000001,0.6737500000000001,0.0,False
15733,Subscription_Boxes,content,0.5023,0.0,-0.5023,True
15734,Subscription_Boxes,content,-0.19325,-0.19325,0.0,False
15734,Subscription_Boxes,packaging,-0.4767,-0.4767,0.0,False
15736,Subscription_Boxes,content,0.4019,0.4019,0.0,False
15737,Subscription_Boxes,delivery,0.09035000000000001,0.09035000000000001,0.0,False
15737,Subscription_Boxes,quality,-0.296,-0.296,0.0,False
15738,Subscription_Boxes,billing,-0.0276,-0.0276,0.0,False
15738,Subscription_Boxes,content,0.6626000000000001,0.6626000000000001,0.0,False
15740,Subscription_Boxes,packaging,0.0,0.0,0.0,False
15741,Subscription_Boxes,content,0.5859,0.5859,0.0,False
15742,Subscription_Boxes,content,0.38105,0.3612,-0.01984999999999998,True
15742,Subscription_Boxes,quality,0.178,0.5267,0.34869999999999995,True
15742,Subscription_Boxes,packaging,0.4215,0.4215,0.0,False
15747,Subscription_Boxes,content,0.2732,0.2732,0.0,False
15749,Subscription_Boxes,advertising,0.3716,0.0,-0.3716,True
15749,Subscription_Boxes,content,0.3716,0.0,-0.3716,True
15752,Subscription_Boxes,content,-0.0332,-0.0332,0.0,False
15754,Subscription_Boxes,content,0.0,0.0,0.0,False
15755,Subscription_Boxes,billing,-0.25,-0.25,0.0,False
15755,Subscription_Boxes,content,0.11454,0.08893999999999999,-0.02560000000000001,True
15756,Subscription_Boxes,billing,-0.2822,-0.2822,0.0,False
15756,Subscription_Boxes,content,-0.4939,-0.4939,0.0,False
15756,Subscription_Boxes,customer_service,-0.4767,-0.4767,0.0,False
15758,Subscription_Boxes,billing,-0.6126,-0.6126,0.0,False
15758,Subscription_Boxes,content,-0.3669,-0.3669,0.0,False
15761,Subscription_Boxes,content,0.6249,0.6249,0.0,False
15765,Subscription_Boxes,quality,0.7351,0.7351,0.0,False
15765,Subscription_Boxes,content,0.7351,0.7351,0.0,False
15766,Subscription_Boxes,price,0.0,0.0,0.0,False
15768,Subscription_Boxes,content,0.7003,0.7003,0.0,False
15768,Subscription_Boxes,price,0.7003,0.7003,0.0,False
15769,Subscription_Boxes,content,0.43593333333333334,0.5179666666666666,0.08203333333333324,True
15769,Subscription_Boxes,price,0.3753,0.3753,0.0,False
15771,Subscription_Boxes,delivery,0.4574,0.4574,0.0,False
15772,Subscription_Boxes,billing,-0.25,-0.25,0.0,False
15772,Subscription_Boxes,content,0.0472,0.0472,0.0,False
15773,Subscription_Boxes,content,0.6115,0.6115,0.0,False
15774,Subscription_Boxes,content,0.5106,0.5106,0.0,False
15775,Subscription_Boxes,price,0.8176,0.8176,0.0,False
15775,Subscription_Boxes,content,0.4215,0.4215,0.0,False
15776,Subscription_Boxes,billing,-0.6249,-0.6249,0.0,False
15776,Subscription_Boxes,content,-0.1831,-0.09866666666666667,0.08443333333333335,True
15778,Subscription_Boxes,content,0.08360000000000001,0.08360000000000001,0.0,False
15778,Subscription_Boxes,quality,-0.2732,-0.2732,0.0,False
15778,Subscription_Boxes,price,0.4404,0.4404,0.0,False
15779,Subscription_Boxes,content,-0.3167,-0.3167,0.0,False
15780,Subscription_Boxes,content,0.5346,0.7845,0.2499,True
15781,Subscription_Boxes,content,0.6908,0.6908,0.0,False
15781,Subscription_Boxes,price,0.6908,0.6908,0.0,False
15783,Subscription_Boxes,content,0.7424,0.7424,0.0,False
15786,Subscription_Boxes,billing,0.0,0.0,0.0,False
15786,Subscription_Boxes,quality,-0.4767,-0.4767,0.0,False
15787,Subscription_Boxes,quality,0.1154,0.0,-0.1154,True
15787,Subscription_Boxes,packaging,-0.13825,0.0,0.13825,True
15789,Subscription_Boxes,content,0.6486,0.0,-0.6486,True
15792,Subscription_Boxes,content,0.2263,0.2263,0.0,False
15793,Subscription_Boxes,billing,-0.25,-0.25,0.0,False
15793,Subscription_Boxes,packaging,0.0,0.0,0.0,False
15793,Subscription_Boxes,price,0.0003,-0.1695,-0.1698,True
15794,Subscription_Boxes,content,-0.2732,-0.2732,0.0,False
15796,Subscription_Boxes,price,0.8268,0.8268,0.0,False
15798,Subscription_Boxes,content,-0.4487,-0.4487,0.0,False
15798,Subscription_Boxes,price,-0.4487,-0.4487,0.0,False
15799,Subscription_Boxes,quality,0.0,0.0,0.0,False
15799,Subscription_Boxes,content,0.0,0.0,0.0,False
15801,Subscription_Boxes,content,0.37734999999999996,0.37734999999999996,0.0,False
15803,Subscription_Boxes,content,0.0,0.0,0.0,False
15804,Subscription_Boxes,delivery,0.6588,0.0,-0.6588,True
15806,Subscription_Boxes,delivery,0.6369,0.6369,0.0,False
15807,Subscription_Boxes,price,-0.3326,-0.3326,0.0,False
15809,Subscription_Boxes,customer_service,0.0,0.0,0.0,False
15809,Subscription_Boxes,quality,0.5994,0.5994,0.0,False
15809,Subscription_Boxes,delivery,0.0,0.0,0.0,False
15809,Subscription_Boxes,content,0.2997,0.2997,0.0,False
15810,Subscription_Boxes,content,-0.2654,-0.2654,0.0,False
15811,Subscription_Boxes,content,0.466,0.466,0.0,False
15812,Subscription_Boxes,packaging,0.8007,0.8007,0.0,False
15813,Subscription_Boxes,quality,0.7184,0.7184,0.0,False
15814,Subscription_Boxes,content,0.6369,0.6369,0.0,False
15814,Subscription_Boxes,packaging,0.6124,0.6124,0.0,False
15815,Subscription_Boxes,content,0.4215,0.4215,0.0,False
15816,Subscription_Boxes,content,0.734,0.734,0.0,False
15818,Subscription_Boxes,price,0.3919,0.0,-0.3919,True
15819,Subscription_Boxes,content,0.5017,0.7574,0.2556999999999999,True
15820,Subscription_Boxes,price,0.4588,0.4588,0.0,False
15821,Subscription_Boxes,billing,0.4265666666666667,0.4265666666666667,0.0,False
15821,Subscription_Boxes,price,-0.3412,-0.3412,0.0,False
15821,Subscription_Boxes,packaging,0.0,0.0,0.0,False
15821,Subscription_Boxes,content,0.0,0.0,0.0,False
15822,Subscription_Boxes,quality,0.7003,0.7003,0.0,False
15822,Subscription_Boxes,content,0.7424,0.7424,0.0,False
15823,Subscription_Boxes,price,0.1408,-0.1695,-0.3103,True
15829,Subscription_Boxes,billing,-0.25,-0.25,0.0,False
15829,Subscription_Boxes,content,-0.7102,-0.7102,0.0,False
15830,Subscription_Boxes,billing,-0.3182,-0.3182,0.0,False
15830,Subscription_Boxes,price,-0.4082,0.7184,1.1266,True
15832,Subscription_Boxes,price,0.2065,-0.1695,-0.376,True
15834,Subscription_Boxes,quality,-0.015,-0.015,0.0,False
15834,Subscription_Boxes,content,-0.015,-0.015,0.0,False
15835,Subscription_Boxes,content,0.5859,0.5859,0.0,False
15838,Subscription_Boxes,content,0.0,0.0,0.0,False
15840,Subscription_Boxes,quality,0.4404,0.4404,0.0,False
15840,Subscription_Boxes,content,0.4939,0.4939,0.0,False
15841,Subscription_Boxes,content,0.4404,0.4404,0.0,False
15842,Subscription_Boxes,quality,0.4404,0.4404,0.0,False
15842,Subscription_Boxes,content,0.4404,0.4404,0.0,False
15845,Subscription_Boxes,quality,0.7983,0.7983,0.0,False
15851,Subscription_Boxes,quality,0.0,0.0,0.0,False
15851,Subscription_Boxes,content,0.31245,0.31245,0.0,False
15855,Subscription_Boxes,content,0.0,0.0,0.0,False
15856,Subscription_Boxes,price,0.9109,0.7964,-0.11450000000000005,True
15859,Subscription_Boxes,content,0.6997,0.6997,0.0,False
15861,Subscription_Boxes,price,0.7964,0.7964,0.0,False
15862,Subscription_Boxes,delivery,-0.09866666666666667,-0.09866666666666667,0.0,False
15862,Subscription_Boxes,content,0.0,0.0,0.0,False
15863,Subscription_Boxes,content,0.27236666666666665,0.278,0.005633333333333379,True
15863,Subscription_Boxes,packaging,0.627,0.4728,-0.1542,True
15863,Subscription_Boxes,price,-0.5256,-0.5256,0.0,False
15864,Subscription_Boxes,price,-0.4215,-0.4215,0.0,False
15865,Subscription_Boxes,delivery,0.5719,0.5719,0.0,False
15866,Subscription_Boxes,content,-0.8519,-0.8519,0.0,False
15867,Subscription_Boxes,content,0.04400000000000001,0.04400000000000001,0.0,False
15867,Subscription_Boxes,quality,-0.2732,-0.2732,0.0,False
15867,Subscription_Boxes,price,0.3612,0.3612,0.0,False
15869,Subscription_Boxes,content,0.793,0.6369,-0.15610000000000002,True
15870,Subscription_Boxes,billing,-0.0541,-0.0541,0.0,False
15870,Subscription_Boxes,content,0.9639,0.9305,-0.033399999999999985,True
15870,Subscription_Boxes,delivery,0.9639,0.9305,-0.033399999999999985,True
15871,Subscription_Boxes,delivery,0.0,0.0,0.0,False
15871,Subscription_Boxes,quality,0.0,0.0,0.0,False
15872,Subscription_Boxes,content,0.0,0.0,0.0,False
15873,Subscription_Boxes,content,0.6114,0.6114,0.0,False
15874,Subscription_Boxes,delivery,0.1901,0.0,-0.1901,True
15874,Subscription_Boxes,content,0.49945,0.49945,0.0,False
15875,Subscription_Boxes,quality,0.4404,0.4404,0.0,False
15875,Subscription_Boxes,content,0.4404,0.4404,0.0,False
15876,Subscription_Boxes,price,-0.4215,-0.4215,0.0,False
15876,Subscription_Boxes,content,0.11333333333333334,0.11333333333333334,0.0,False
15877,Subscription_Boxes,quality,0.6465,0.6465,0.0,False
15878,Subscription_Boxes,quality,-0.5255,-0.5255,0.0,False
15878,Subscription_Boxes,delivery,0.1779,0.34,0.16210000000000002,True
15878,Subscription_Boxes,price,-0.5812,-0.5812,0.0,False
15878,Subscription_Boxes,content,-0.1691,-0.1691,0.0,False
15880,Subscription_Boxes,content,0.8402,0.8402,0.0,False
15886,Subscription_Boxes,content,0.8969,0.8969,0.0,False
15887,Subscription_Boxes,content,-0.1779,0.0,0.1779,True
15887,Subscription_Boxes,packaging,-0.1779,0.0,0.1779,True
15888,Subscription_Boxes,content,0.0,0.0,0.0,False
15888,Subscription_Boxes,customer_service,0.0,0.0,0.0,False
15891,Subscription_Boxes,quality,0.4404,0.4404,0.0,False
15891,Subscription_Boxes,content,0.4404,0.4404,0.0,False
15892,Subscription_Boxes,price,0.3089,0.3089,0.0,False
15893,Subscription_Boxes,content,0.636,0.636,0.0,False
15894,Subscription_Boxes,customer_service,0.0,0.0,0.0,False
15894,Subscription_Boxes,delivery,0.009450000000000014,0.2202,0.21075,True
15894,Subscription_Boxes,price,-0.1779,0.0,0.1779,True
15895,Subscription_Boxes,content,-0.4497,0.3612,0.8109,True
15895,Subscription_Boxes,packaging,-0.4497,0.3612,0.8109,True
15896,Subscription_Boxes,quality,0.8555,0.8555,0.0,False
15898,Subscription_Boxes,price,-0.4588,-0.4588,0.0,False
15902,Subscription_Boxes,quality,0.0,0.0,0.0,False
15904,Subscription_Boxes,content,-0.11315,-0.11315,0.0,False
15904,Subscription_Boxes,customer_service,0.4767,0.4767,0.0,False
15904,Subscription_Boxes,price,-0.25,-0.4588,-0.20879999999999999,True
15905,Subscription_Boxes,billing,-0.25,-0.25,0.0,False
15906,Subscription_Boxes,content,-0.0433,-0.0433,0.0,False
15906,Subscription_Boxes,price,-0.0433,-0.0433,0.0,False
15908,Subscription_Boxes,billing,-0.25,-0.25,0.0,False
15908,Subscription_Boxes,content,-0.1695,-0.1695,0.0,False
15909,Subscription_Boxes,packaging,0.4215,0.4215,0.0,False
15911,Subscription_Boxes,content,0.8957,0.8957,0.0,False
15912,Subscription_Boxes,content,0.0,0.0,0.0,False
15913,Subscription_Boxes,content,0.0,0.0,0.0,False
15915,Subscription_Boxes,delivery,0.3077,0.3077,0.0,False
15915,Subscription_Boxes,price,-0.6324,-0.6299,0.0024999999999999467,True
15916,Subscription_Boxes,price,0.8834,0.8834,0.0,False
15917,Subscription_Boxes,content,0.7579,0.7579,0.0,False
15918,Subscription_Boxes,content,0.9324,0.9324,0.0,False
15919,Subscription_Boxes,content,0.9349,0.9349,0.0,False
15925,Subscription_Boxes,price,0.1779,0.34,0.16210000000000002,True
15925,Subscription_Boxes,packaging,0.08895,0.17,0.08105000000000001,True
15929,Subscription_Boxes,content,0.5081,0.13149999999999998,-0.37660000000000005,True
15930,Subscription_Boxes,quality,0.6115,0.6115,0.0,False
15930,Subscription_Boxes,content,0.6115,0.6115,0.0,False
15931,Subscription_Boxes,content,0.17075,0.17075,0.0,False
15932,Subscription_Boxes,content,0.308775,0.416975,0.10819999999999996,True
15933,Subscription_Boxes,content,0.3818,0.3818,0.0,False
15934,Subscription_Boxes,price,0.0501,0.0501,0.0,False
15934,Subscription_Boxes,content,0.0501,0.0501,0.0,False
15935,Subscription_Boxes,content,0.5418499999999999,0.5326500000000001,-0.009199999999999875,True
15936,Subscription_Boxes,customer_service,0.2796,-0.0382,-0.3178,True
15937,Subscription_Boxes,quality,0.2739,0.2739,0.0,False
15937,Subscription_Boxes,price,0.10329999999999998,0.10329999999999998,0.0,False
15939,Subscription_Boxes,content,0.6249,0.6249,0.0,False
15939,Subscription_Boxes,customer_service,0.0943,0.0943,0.0,False
15939,Subscription_Boxes,price,0.4497,0.0,-0.4497,True
15940,Subscription_Boxes,billing,0.7968,0.4419,-0.35489999999999994,True
15940,Subscription_Boxes,content,-0.2401,-0.2401,0.0,False
15940,Subscription_Boxes,price,-0.2401,-0.2401,0.0,False
15941,Subscription_Boxes,price,0.0,0.0,0.0,False
15941,Subscription_Boxes,content,-0.00655,-0.13775,-0.1312,True
15943,Subscription_Boxes,content,0.851,0.851,0.0,False
15943,Subscription_Boxes,quality,0.8685666666666667,0.8685666666666667,0.0,False
15943,Subscription_Boxes,packaging,0.851,0.851,0.0,False
15944,Subscription_Boxes,content,0.5994,0.5994,0.0,False
15947,Subscription_Boxes,price,0.3036,0.3036,0.0,False
15947,Subscription_Boxes,content,0.6808,0.6808,0.0,False
15948,Subscription_Boxes,content,0.6249,0.6249,0.0,False
15951,Subscription_Boxes,billing,0.4291,0.1877,-0.24139999999999998,True
15951,Subscription_Boxes,content,0.46185,0.46185,0.0,False
15951,Subscription_Boxes,packaging,0.0,0.0,0.0,False
15953,Subscription_Boxes,quality,0.041800000000000004,0.041800000000000004,0.0,False
15954,Subscription_Boxes,content,0.11875000000000002,0.11875000000000002,0.0,False
15956,Subscription_Boxes,content,-0.148,-0.148,0.0,False
15956,Subscription_Boxes,customer_service,-0.5574,-0.5574,0.0,False
15956,Subscription_Boxes,price,0.0,0.0,0.0,False
15957,Subscription_Boxes,billing,-0.5574,-0.25,0.3074,True
15957,Subscription_Boxes,delivery,0.0,0.0,0.0,False
15957,Subscription_Boxes,price,0.8336,0.0,-0.8336,True
15959,Subscription_Boxes,content,0.07545000000000002,0.07545000000000002,0.0,False
15959,Subscription_Boxes,delivery,-0.7351,-0.7351,0.0,False
15959,Subscription_Boxes,price,0.886,0.886,0.0,False
15960,Subscription_Boxes,billing,-0.25,-0.25,0.0,False
15960,Subscription_Boxes,content,0.0,0.0,0.0,False
15961,Subscription_Boxes,quality,-0.2187,-0.2187,0.0,False
15961,Subscription_Boxes,content,0.6249,0.6249,0.0,False
15962,Subscription_Boxes,delivery,0.0,0.0,0.0,False
15962,Subscription_Boxes,content,-0.0593,-0.0593,0.0,False
15963,Subscription_Boxes,content,-0.1779,-0.1779,0.0,False
15965,Subscription_Boxes,price,0.38335,0.38335,0.0,False
15965,Subscription_Boxes,content,0.31245,0.31245,0.0,False
15966,Subscription_Boxes,price,-0.2263,-0.2732,-0.0469,True
15967,Subscription_Boxes,price,0.8316,0.8316,0.0,False
15968,Subscription_Boxes,content,0.0,0.0,0.0,False
15969,Subscription_Boxes,content,0.321025,0.311475,-0.009550000000000003,True
15969,Subscription_Boxes,customer_service,0.5719,0.5719,0.0,False
15970,Subscription_Boxes,content,0.5719,0.5719,0.0,False
15971,Subscription_Boxes,content,0.8016,0.8016,0.0,False
15973,Subscription_Boxes,content,0.44259999999999994,0.44259999999999994,0.0,False
15973,Subscription_Boxes,quality,0.5859,0.5859,0.0,False
15973,Subscription_Boxes,price,0.5859,0.5859,0.0,False
15974,Subscription_Boxes,content,0.4029666666666667,0.4029666666666667,0.0,False
15975,Subscription_Boxes,content,0.4404,0.4404,0.0,False
15976,Subscription_Boxes,content,0.5819,0.5485,-0.033399999999999985,True
15976,Subscription_Boxes,quality,0.7096,0.7096,0.0,False
15976,Subscription_Boxes,price,0.46795,0.32389999999999997,-0.14405,True
15977,Subscription_Boxes,billing,0.6369,0.6369,0.0,False
15977,Subscription_Boxes,content,0.6637500000000001,0.5448000000000001,-0.11895,True
15980,Subscription_Boxes,billing,-0.296,-0.296,0.0,False
15980,Subscription_Boxes,content,0.6249,0.6249,0.0,False
15981,Subscription_Boxes,content,0.9433,0.8615,-0.08179999999999998,True
15982,Subscription_Boxes,content,0.0,0.0,0.0,False
15983,Subscription_Boxes,content,0.7351,0.7351,0.0,False
15984,Subscription_Boxes,billing,0.0,0.0,0.0,False
15984,Subscription_Boxes,content,-0.12055,-0.12055,0.0,False
15984,Subscription_Boxes,price,0.0,0.0,0.0,False
15985,Subscription_Boxes,quality,0.0,0.0,0.0,False
15985,Subscription_Boxes,content,0.30915,0.0505,-0.25865,True
15987,Subscription_Boxes,billing,0.2177,0.2177,0.0,False
15987,Subscription_Boxes,quality,0.6757,0.3182,-0.3575,True
15989,Subscription_Boxes,price,-0.1695,-0.1695,0.0,False
15989,Subscription_Boxes,content,0.7845,0.7845,0.0,False
15990,Subscription_Boxes,content,0.0,0.0,0.0,False
15990,Subscription_Boxes,packaging,0.807,0.807,0.0,False
15990,Subscription_Boxes,price,0.807,0.807,0.0,False
15991,Subscription_Boxes,content,0.16030000000000003,0.054966666666666684,-0.10533333333333333,True
15992,Subscription_Boxes,content,0.8225,0.8225,0.0,False
15993,Subscription_Boxes,content,0.8038,0.67005,-0.13374999999999992,True
15995,Subscription_Boxes,quality,0.6588,0.6588,0.0,False
15995,Subscription_Boxes,content,0.3294,0.3294,0.0,False
15997,Subscription_Boxes,price,-0.4753,-0.4753,0.0,False
15998,Subscription_Boxes,price,0.7579,0.7579,0.0,False
